tanggal,station,ISPU PM2.5,kategori_pm25,prediksi_pm25,residual,abs_error,kategori_aktual,kategori_prediksi
2024-07-20,bundaran hi,84.45833333333333,Sedang,84.59236003912066,-0.13402670578733478,0.13402670578733478,Sedang,Sedang
2024-07-20,jagakarsa,88.125,Sedang,84.22339284181058,3.901607158189421,3.901607158189421,Sedang,Sedang
2024-07-20,kebun jeruk,92.25,Sedang,85.05330567482055,7.19669432517945,7.19669432517945,Sedang,Sedang
2024-07-20,kelapa gading,88.125,Sedang,87.027789492062,1.0972105079380015,1.0972105079380015,Sedang,Sedang
2024-07-20,lubang buaya,84.33333333333333,Sedang,82.92290814315815,1.4104251901751752,1.4104251901751752,Sedang,Sedang
2024-07-20,us embassy 1,80.07187239292332,Sedang,78.02013471771296,2.0517376752103615,2.0517376752103615,Sedang,Sedang
2024-07-20,us embassy 2,87.54861314604335,Sedang,92.93666746695675,-5.3880543209133975,5.3880543209133975,Sedang,Sedang
2024-07-21,bundaran hi,84.375,Sedang,84.80954403231011,-0.4345440323101144,0.4345440323101144,Sedang,Sedang
2024-07-21,jagakarsa,83.33333333333333,Sedang,86.47068040902418,-3.1373470756908546,3.1373470756908546,Sedang,Sedang
2024-07-21,kebun jeruk,56.54166666666666,Sedang,87.31438458610377,-30.772717919437113,30.772717919437113,Sedang,Sedang
2024-07-21,kelapa gading,87.95833333333333,Sedang,85.81880761697286,2.139525716360467,2.139525716360467,Sedang,Sedang
2024-07-21,lubang buaya,81.04166666666667,Sedang,87.55143825133354,-6.509771584666865,6.509771584666865,Sedang,Sedang
2024-07-21,us embassy 1,82.46410491740347,Sedang,77.84566807998225,4.618436837421228,4.618436837421228,Sedang,Sedang
2024-07-21,us embassy 2,78.03021054307466,Sedang,91.16571570335003,-13.135505160275372,13.135505160275372,Sedang,Sedang
2024-07-22,bundaran hi,81.79166666666667,Sedang,85.4930773572487,-3.7014106905820228,3.7014106905820228,Sedang,Sedang
2024-07-22,jagakarsa,80.125,Sedang,84.75912028740285,-4.634120287402851,4.634120287402851,Sedang,Sedang
2024-07-22,kebun jeruk,55.583333333333336,Sedang,66.75604121487383,-11.172707881540497,11.172707881540497,Sedang,Sedang
2024-07-22,kelapa gading,64.41666666666667,Sedang,86.62209415486522,-22.205427488198552,22.205427488198552,Sedang,Sedang
2024-07-22,lubang buaya,80.66666666666667,Sedang,84.0187500010519,-3.3520833343852274,3.3520833343852274,Sedang,Sedang
2024-07-22,us embassy 1,76.98398157212164,Sedang,81.30426000201929,-4.320278429897655,4.320278429897655,Sedang,Sedang
2024-07-22,us embassy 2,76.63627269929205,Sedang,82.07889551086768,-5.442622811575632,5.442622811575632,Sedang,Sedang
2024-07-23,bundaran hi,90.0,Sedang,83.89423542945151,6.105764570548487,6.105764570548487,Sedang,Sedang
2024-07-23,jagakarsa,82.29166666666667,Sedang,83.85558681733004,-1.563920150663364,1.563920150663364,Sedang,Sedang
2024-07-23,kebun jeruk,86.5,Sedang,70.43248160751654,16.067518392483464,16.067518392483464,Sedang,Sedang
2024-07-23,kelapa gading,51.625,Sedang,72.30920106380789,-20.68420106380789,20.68420106380789,Sedang,Sedang
2024-07-23,lubang buaya,82.66666666666667,Sedang,83.42586046886838,-0.7591938022017075,0.7591938022017075,Sedang,Sedang
2024-07-23,us embassy 1,81.38140742138103,Sedang,78.78391675792949,2.597490663451538,2.597490663451538,Sedang,Sedang
2024-07-23,us embassy 2,76.63627269929205,Sedang,81.39598078998598,-4.759708090693934,4.759708090693934,Sedang,Sedang
2024-07-24,bundaran hi,99.875,Sedang,89.8655230569759,10.009476943024097,10.009476943024097,Sedang,Sedang
2024-07-24,jagakarsa,83.375,Sedang,84.89661423695354,-1.521614236953539,1.521614236953539,Sedang,Sedang
2024-07-24,kebun jeruk,94.66666666666669,Sedang,89.19538055911158,5.471286107555102,5.471286107555102,Sedang,Sedang
2024-07-24,kelapa gading,110.33333333333331,Tidak Sehat,70.41281189855586,39.920521434777456,39.920521434777456,Tidak Sehat,Sedang
2024-07-24,lubang buaya,85.29166666666667,Sedang,83.6689821484178,1.6226845182488745,1.6226845182488745,Sedang,Sedang
2024-07-24,us embassy 1,91.22163053793857,Sedang,80.7848643703653,10.436766167573268,10.436766167573268,Sedang,Sedang
2024-07-24,us embassy 2,76.63627269929205,Sedang,82.70444050852765,-6.068167809235604,6.068167809235604,Sedang,Sedang
2024-07-25,bundaran hi,84.16666666666667,Sedang,90.7030672812284,-6.536400614561728,6.536400614561728,Sedang,Sedang
2024-07-25,jagakarsa,72.20833333333333,Sedang,82.35017110423803,-10.1418377709047,10.1418377709047,Sedang,Sedang
2024-07-25,kebun jeruk,85.0,Sedang,88.33064553108416,-3.3306455310841585,3.3306455310841585,Sedang,Sedang
2024-07-25,kelapa gading,98.29166666666669,Sedang,96.7991927849967,1.49247388166998,1.49247388166998,Sedang,Sedang
2024-07-25,lubang buaya,71.83333333333333,Sedang,89.09017783764331,-17.25684450430998,17.25684450430998,Sedang,Sedang
2024-07-25,us embassy 1,89.04638023397821,Sedang,91.20174106909046,-2.1553608351122477,2.1553608351122477,Sedang,Sedang
2024-07-25,us embassy 2,76.63627269929205,Sedang,80.0534622324785,-3.417189533186445,3.417189533186445,Sedang,Sedang
2024-07-26,bundaran hi,82.91666666666667,Sedang,81.7168052353302,1.1998614313364726,1.1998614313364726,Sedang,Sedang
2024-07-26,jagakarsa,76.04166666666667,Sedang,77.0082543983014,-0.966587731634732,0.966587731634732,Sedang,Sedang
2024-07-26,kebun jeruk,86.33333333333333,Sedang,84.88849435133255,1.4448389820007748,1.4448389820007748,Sedang,Sedang
2024-07-26,kelapa gading,89.20833333333333,Sedang,91.99911801336981,-2.790784680036481,2.790784680036481,Sedang,Sedang
2024-07-26,lubang buaya,76.125,Sedang,77.9976084511139,-1.872608451113905,1.872608451113905,Sedang,Sedang
2024-07-26,us embassy 1,75.53521622368329,Sedang,87.58224520872953,-12.04702898504624,12.04702898504624,Sedang,Sedang
2024-07-26,us embassy 2,76.63627269929205,Sedang,79.73522412781404,-3.0989514285219855,3.0989514285219855,Sedang,Sedang
2024-07-27,bundaran hi,94.70833333333331,Sedang,84.12231697209751,10.586016361235806,10.586016361235806,Sedang,Sedang
2024-07-27,jagakarsa,87.41666666666667,Sedang,81.89511517167733,5.521551494989339,5.521551494989339,Sedang,Sedang
2024-07-27,kebun jeruk,92.625,Sedang,86.8339561480972,5.791043851902799,5.791043851902799,Sedang,Sedang
2024-07-27,kelapa gading,100.875,Tidak Sehat,87.86990344468957,13.00509655531043,13.00509655531043,Tidak Sehat,Sedang
2024-07-27,lubang buaya,89.20833333333333,Sedang,81.32415474970435,7.88417858362898,7.88417858362898,Sedang,Sedang
2024-07-27,us embassy 1,89.15766991512525,Sedang,80.91154236466922,8.246127550456038,8.246127550456038,Sedang,Sedang
2024-07-27,us embassy 2,76.63627269929205,Sedang,78.70439088605785,-2.068118186765801,2.068118186765801,Sedang,Sedang
2024-07-28,bundaran hi,98.20833333333331,Sedang,92.60979569608335,5.598537637249962,5.598537637249962,Sedang,Sedang
2024-07-28,jagakarsa,96.25,Sedang,89.45990820764766,6.790091792352342,6.790091792352342,Sedang,Sedang
2024-07-28,kebun jeruk,99.5,Sedang,90.5947944273807,8.905205572619295,8.905205572619295,Sedang,Sedang
2024-07-28,kelapa gading,101.08333333333331,Tidak Sehat,96.43993111614718,4.643402217186136,4.643402217186136,Tidak Sehat,Sedang
2024-07-28,lubang buaya,91.70833333333331,Sedang,89.85037178352019,1.8579615498131261,1.8579615498131261,Sedang,Sedang
2024-07-28,us embassy 1,90.82929468716104,Sedang,90.34789595782252,0.48139872933852246,0.48139872933852246,Sedang,Sedang
2024-07-28,us embassy 2,76.63627269929205,Sedang,77.69891734745148,-1.0626446481594343,1.0626446481594343,Sedang,Sedang
2024-07-29,bundaran hi,93.95833333333331,Sedang,89.39376881047188,4.564564522861431,4.564564522861431,Sedang,Sedang
2024-07-29,jagakarsa,94.5,Sedang,89.74768456016591,4.752315439834092,4.752315439834092,Sedang,Sedang
2024-07-29,kebun jeruk,98.375,Sedang,89.13080761022792,9.244192389772081,9.244192389772081,Sedang,Sedang
2024-07-29,kelapa gading,96.875,Sedang,86.78893012740181,10.086069872598188,10.086069872598188,Sedang,Sedang
2024-07-29,lubang buaya,95.95833333333331,Sedang,86.13805634871215,9.82027698462116,9.82027698462116,Sedang,Sedang
2024-07-29,us embassy 1,52.33746339097417,Sedang,88.26479342703733,-35.92733003606316,35.92733003606316,Sedang,Sedang
2024-07-29,us embassy 2,76.63627269929205,Sedang,78.25631866073304,-1.6200459614409937,1.6200459614409937,Sedang,Sedang
2024-07-30,bundaran hi,94.95833333333331,Sedang,88.27157437667633,6.686758956656988,6.686758956656988,Sedang,Sedang
2024-07-30,jagakarsa,90.79166666666669,Sedang,88.18043304805865,2.61123361860804,2.61123361860804,Sedang,Sedang
2024-07-30,kebun jeruk,100.08333333333331,Tidak Sehat,90.64183283189509,9.441500501438227,9.441500501438227,Tidak Sehat,Sedang
2024-07-30,kelapa gading,103.41666666666669,Tidak Sehat,90.43111059412844,12.985556072538245,12.985556072538245,Tidak Sehat,Sedang
2024-07-30,lubang buaya,93.83333333333331,Sedang,91.31811505844578,2.5152182748875305,2.5152182748875305,Sedang,Sedang
2024-07-30,us embassy 1,74.87042066788621,Sedang,70.76911127842294,4.1013093894632675,4.1013093894632675,Sedang,Sedang
2024-07-30,us embassy 2,76.63627269929205,Sedang,78.9323469073533,-2.296074208061256,2.296074208061256,Sedang,Sedang
2024-07-31,bundaran hi,102.0,Tidak Sehat,90.00549339853289,11.994506601467108,11.994506601467108,Tidak Sehat,Sedang
2024-07-31,jagakarsa,100.625,Tidak Sehat,88.5486901763413,12.076309823658704,12.076309823658704,Tidak Sehat,Sedang
2024-07-31,kebun jeruk,109.875,Tidak Sehat,92.32106799653289,17.55393200346711,17.55393200346711,Tidak Sehat,Sedang
2024-07-31,kelapa gading,109.08333333333331,Tidak Sehat,99.20232791769395,9.881005415639365,9.881005415639365,Tidak Sehat,Sedang
2024-07-31,lubang buaya,109.125,Tidak Sehat,89.50917850199248,19.61582149800752,19.61582149800752,Tidak Sehat,Sedang
2024-07-31,us embassy 1,98.30193399188516,Sedang,76.76310558335791,21.53882840852725,21.53882840852725,Sedang,Sedang
2024-07-31,us embassy 2,76.63627269929205,Sedang,78.58100034098366,-1.944727641691614,1.944727641691614,Sedang,Sedang
2024-08-01,bundaran hi,102.25,Tidak Sehat,100.02206231402414,2.22793768597586,2.22793768597586,Tidak Sehat,Tidak Sehat
2024-08-01,jagakarsa,98.58333333333331,Sedang,94.76587989036358,3.817453442969736,3.817453442969736,Sedang,Sedang
2024-08-01,kebun jeruk,106.33333333333331,Tidak Sehat,99.06070135891795,7.272631974415361,7.272631974415361,Tidak Sehat,Sedang
2024-08-01,kelapa gading,98.70833333333331,Sedang,99.38959487664418,-0.6812615433108675,0.6812615433108675,Sedang,Sedang
2024-08-01,lubang buaya,90.16666666666669,Sedang,101.12257717269954,-10.95591050603285,10.95591050603285,Sedang,Tidak Sehat
2024-08-01,us embassy 1,93.6463872360872,Sedang,91.52056727815302,2.1258199579341692,2.1258199579341692,Sedang,Sedang
2024-08-01,us embassy 2,76.63627269929205,Sedang,76.29061306608172,0.34565963321033166,0.34565963321033166,Sedang,Sedang
2024-08-02,bundaran hi,90.5,Sedang,97.16955232679459,-6.669552326794587,6.669552326794587,Sedang,Sedang
2024-08-02,jagakarsa,78.79166666666667,Sedang,84.23234761752036,-5.4406809508536895,5.4406809508536895,Sedang,Sedang
2024-08-02,kebun jeruk,97.54166666666669,Sedang,98.797435542949,-1.2557688762823176,1.2557688762823176,Sedang,Sedang
2024-08-02,kelapa gading,90.0,Sedang,91.83322700109096,-1.833227001090961,1.833227001090961,Sedang,Sedang
2024-08-02,lubang buaya,74.625,Sedang,87.53837770378824,-12.913377703788242,12.913377703788242,Sedang,Sedang
2024-08-02,us embassy 1,93.33799144507005,Sedang,89.19978731206513,4.138204133004919,4.138204133004919,Sedang,Sedang
2024-08-02,us embassy 2,76.63627269929205,Sedang,78.69802734558559,-2.0617546462935366,2.0617546462935366,Sedang,Sedang
2024-08-03,bundaran hi,66.41666666666667,Sedang,85.88575192817086,-19.46908526150419,19.46908526150419,Sedang,Sedang
2024-08-03,jagakarsa,62.29166666666666,Sedang,79.4584735014699,-17.16680683480324,17.16680683480324,Sedang,Sedang
2024-08-03,kebun jeruk,72.16666666666667,Sedang,84.43757354926176,-12.270906882595085,12.270906882595085,Sedang,Sedang
2024-08-03,kelapa gading,72.875,Sedang,89.57769356631816,-16.70269356631816,16.70269356631816,Sedang,Sedang
2024-08-03,lubang buaya,61.16666666666666,Sedang,79.42879781447421,-18.26213114780755,18.26213114780755,Sedang,Sedang
2024-08-03,us embassy 1,66.58868716355907,Sedang,89.66203185541372,-23.073344691854643,23.073344691854643,Sedang,Sedang
2024-08-03,us embassy 2,76.63627269929205,Sedang,76.97653441287845,-0.34026171358640056,0.34026171358640056,Sedang,Sedang
2024-08-04,bundaran hi,72.20833333333333,Sedang,75.36094985338087,-3.1526165200475447,3.1526165200475447,Sedang,Sedang
2024-08-04,jagakarsa,65.625,Sedang,73.27973820804614,-7.65473820804614,7.65473820804614,Sedang,Sedang
2024-08-04,kebun jeruk,80.125,Sedang,73.78658652421707,6.338413475782929,6.338413475782929,Sedang,Sedang
2024-08-04,kelapa gading,78.625,Sedang,79.3927057421259,-0.7677057421258979,0.7677057421258979,Sedang,Sedang
2024-08-04,lubang buaya,50.29166666666666,Sedang,72.1366894230233,-21.84502275635664,21.84502275635664,Sedang,Sedang
2024-08-04,us embassy 1,68.0994589579802,Sedang,72.37272470769189,-4.273265749711683,4.273265749711683,Sedang,Sedang
2024-08-04,us embassy 2,76.63627269929205,Sedang,77.44650700046131,-0.8102343011692597,0.8102343011692597,Sedang,Sedang
2024-08-05,bundaran hi,78.0,Sedang,75.04376287439025,2.9562371256097464,2.9562371256097464,Sedang,Sedang
2024-08-05,jagakarsa,69.875,Sedang,72.97943969764269,-3.1044396976426896,3.1044396976426896,Sedang,Sedang
2024-08-05,kebun jeruk,49.083333333333336,Baik,81.50474144033429,-32.42140810700095,32.42140810700095,Baik,Sedang
2024-08-05,kelapa gading,81.29166666666667,Sedang,83.50206781033839,-2.2104011436717173,2.2104011436717173,Sedang,Sedang
2024-08-05,lubang buaya,65.375,Sedang,70.58032338855254,-5.205323388552543,5.205323388552543,Sedang,Sedang
2024-08-05,us embassy 1,77.5854268379751,Sedang,68.58424288457236,9.001183953402744,9.001183953402744,Sedang,Sedang
2024-08-05,us embassy 2,76.63627269929205,Sedang,76.80187807124699,-0.16560537195493907,0.16560537195493907,Sedang,Sedang
2024-08-06,bundaran hi,75.0,Sedang,78.7470194001942,-3.7470194001942048,3.7470194001942048,Sedang,Sedang
2024-08-06,jagakarsa,79.375,Sedang,76.67158279626697,2.703417203733025,2.703417203733025,Sedang,Sedang
2024-08-06,kebun jeruk,78.75,Sedang,71.84655923856529,6.903440761434709,6.903440761434709,Sedang,Sedang
2024-08-06,kelapa gading,80.375,Sedang,83.33503221510246,-2.9600322151024585,2.9600322151024585,Sedang,Sedang
2024-08-06,lubang buaya,74.91666666666667,Sedang,75.7986758144311,-0.8820091477644354,0.8820091477644354,Sedang,Sedang
2024-08-06,us embassy 1,70.7199522413742,Sedang,78.25876536926677,-7.538813127892567,7.538813127892567,Sedang,Sedang
2024-08-06,us embassy 2,76.63627269929205,Sedang,76.67216119054761,-0.03588849125556237,0.03588849125556237,Sedang,Sedang
2024-08-07,bundaran hi,85.70833333333333,Sedang,81.29900656521397,4.409326768119357,4.409326768119357,Sedang,Sedang
2024-08-07,jagakarsa,88.5,Sedang,85.32970318439894,3.1702968156010627,3.1702968156010627,Sedang,Sedang
2024-08-07,kebun jeruk,95.0,Sedang,83.0163059709602,11.983694029039796,11.983694029039796,Sedang,Sedang
2024-08-07,kelapa gading,54.0,Sedang,83.8492240178039,-29.849224017803905,29.849224017803905,Sedang,Sedang
2024-08-07,lubang buaya,83.45833333333333,Sedang,79.00865232294039,4.449681010392936,4.449681010392936,Sedang,Sedang
2024-08-07,us embassy 1,69.54086093501735,Sedang,74.88242528398456,-5.341564348967211,5.341564348967211,Sedang,Sedang
2024-08-07,us embassy 2,52.88973743063625,Sedang,78.37346153274807,-25.483724102111815,25.483724102111815,Sedang,Sedang
2024-08-08,bundaran hi,97.16666666666669,Sedang,90.56497794951332,6.601688717153365,6.601688717153365,Sedang,Sedang
2024-08-08,jagakarsa,106.79166666666669,Tidak Sehat,89.76784371777264,17.02382294889405,17.02382294889405,Tidak Sehat,Sedang
2024-08-08,kebun jeruk,113.79166666666669,Tidak Sehat,94.9104985152918,18.88116815137488,18.88116815137488,Tidak Sehat,Sedang
2024-08-08,kelapa gading,108.45833333333331,Tidak Sehat,77.89537001986746,30.562963313465858,30.562963313465858,Tidak Sehat,Sedang
2024-08-08,lubang buaya,97.45833333333331,Sedang,84.77544590643143,12.682887426901885,12.682887426901885,Sedang,Sedang
2024-08-08,us embassy 1,36.66689008082203,Baik,72.68924139036329,-36.022351309541264,36.022351309541264,Baik,Sedang
2024-08-08,us embassy 2,99.4033791858792,Sedang,66.94549184588071,32.45788733999849,32.45788733999849,Sedang,Sedang
2024-08-09,bundaran hi,93.54166666666669,Sedang,92.29051788817809,1.2511487784885986,1.2511487784885986,Sedang,Sedang
2024-08-09,jagakarsa,89.33333333333333,Sedang,96.87784015725806,-7.544506823924735,7.544506823924735,Sedang,Sedang
2024-08-09,kebun jeruk,104.04166666666669,Tidak Sehat,97.07310720485545,6.968559461811239,6.968559461811239,Tidak Sehat,Sedang
2024-08-09,kelapa gading,95.125,Sedang,94.82101705708885,0.3039829429111478,0.3039829429111478,Sedang,Sedang
2024-08-09,lubang buaya,87.66666666666667,Sedang,92.85304410284236,-5.18637743617569,5.18637743617569,Sedang,Sedang
2024-08-09,us embassy 1,39.18808758822062,Baik,61.276015085712,-22.08792749749138,22.08792749749138,Baik,Sedang
2024-08-09,us embassy 2,100.52838414987008,Tidak Sehat,89.67368623575663,10.854697914113444,10.854697914113444,Tidak Sehat,Sedang
2024-08-10,bundaran hi,81.375,Sedang,86.9280694764618,-5.5530694764618005,5.5530694764618005,Sedang,Sedang
2024-08-10,jagakarsa,83.375,Sedang,83.55958348171934,-0.18458348171934347,0.18458348171934347,Sedang,Sedang
2024-08-10,kebun jeruk,87.91666666666667,Sedang,92.40130154267652,-4.484634876009849,4.484634876009849,Sedang,Sedang
2024-08-10,kelapa gading,87.16666666666667,Sedang,87.39982602295113,-0.23315935628446027,0.23315935628446027,Sedang,Sedang
2024-08-10,lubang buaya,75.125,Sedang,85.62528411191995,-10.500284111919953,10.500284111919953,Sedang,Sedang
2024-08-10,us embassy 1,76.6299044101652,Sedang,55.754918042452125,20.87498636771307,20.87498636771307,Sedang,Sedang
2024-08-10,us embassy 2,81.83138288620493,Sedang,89.61494000984489,-7.783557123639952,7.783557123639952,Sedang,Sedang
2024-08-11,bundaran hi,77.04166666666667,Sedang,83.25271009536347,-6.211043428696797,6.211043428696797,Sedang,Sedang
2024-08-11,jagakarsa,80.16666666666667,Sedang,85.05514842740546,-4.8884817607387845,4.8884817607387845,Sedang,Sedang
2024-08-11,kebun jeruk,87.0,Sedang,87.62431399179995,-0.6243139917999514,0.6243139917999514,Sedang,Sedang
2024-08-11,kelapa gading,79.41666666666667,Sedang,87.40738195354494,-7.99071528687827,7.99071528687827,Sedang,Sedang
2024-08-11,lubang buaya,71.45833333333333,Sedang,80.59386350969527,-9.13553017636194,9.13553017636194,Sedang,Sedang
2024-08-11,us embassy 1,72.23078898468272,Sedang,77.25068480469838,-5.0198958200156625,5.0198958200156625,Sedang,Sedang
2024-08-11,us embassy 2,82.22615286486094,Sedang,83.38276176935622,-1.156608904495286,1.156608904495286,Sedang,Sedang
2024-08-12,bundaran hi,77.79166666666667,Sedang,77.03614627624684,0.7555203904198322,0.7555203904198322,Sedang,Sedang
2024-08-12,jagakarsa,74.125,Sedang,78.98786349519723,-4.862863495197232,4.862863495197232,Sedang,Sedang
2024-08-12,kebun jeruk,86.125,Sedang,79.57492480108128,6.550075198918719,6.550075198918719,Sedang,Sedang
2024-08-12,kelapa gading,82.66666666666667,Sedang,81.61588240861856,1.050784258048111,1.050784258048111,Sedang,Sedang
2024-08-12,lubang buaya,66.20833333333333,Sedang,75.18647354205724,-8.978140208723914,8.978140208723914,Sedang,Sedang
2024-08-12,us embassy 1,73.93882782000445,Sedang,70.78429497106819,3.154532848936256,3.154532848936256,Sedang,Sedang
2024-08-12,us embassy 2,82.11282147525834,Sedang,79.47263553761876,2.640185937639586,2.640185937639586,Sedang,Sedang
2024-08-13,bundaran hi,88.45833333333333,Sedang,81.16062071647916,7.29771261685417,7.29771261685417,Sedang,Sedang
2024-08-13,jagakarsa,90.45833333333331,Sedang,78.54540444270624,11.912928890627072,11.912928890627072,Sedang,Sedang
2024-08-13,kebun jeruk,103.08333333333331,Tidak Sehat,84.74918296354669,18.334150369786627,18.334150369786627,Tidak Sehat,Sedang
2024-08-13,kelapa gading,96.125,Sedang,83.07302135317121,13.051978646828786,13.051978646828786,Sedang,Sedang
2024-08-13,lubang buaya,83.20833333333333,Sedang,72.65906001635786,10.549273316975473,10.549273316975473,Sedang,Sedang
2024-08-13,us embassy 1,78.88935444891344,Sedang,74.86188600020851,4.027468448704923,4.027468448704923,Sedang,Sedang
2024-08-13,us embassy 2,88.32578799964108,Sedang,79.40643085049545,8.919357149145625,8.919357149145625,Sedang,Sedang
2024-08-14,bundaran hi,92.20833333333331,Sedang,87.43693690734217,4.771396425991142,4.771396425991142,Sedang,Sedang
2024-08-14,jagakarsa,94.25,Sedang,90.58042485839434,3.6695751416056623,3.6695751416056623,Sedang,Sedang
2024-08-14,kebun jeruk,109.54166666666669,Tidak Sehat,97.29657774353251,12.245088923134176,12.245088923134176,Tidak Sehat,Sedang
2024-08-14,kelapa gading,100.20833333333331,Tidak Sehat,91.74711131371721,8.461222019616102,8.461222019616102,Tidak Sehat,Sedang
2024-08-14,lubang buaya,85.04166666666667,Sedang,85.06360310041414,-0.02193643374747012,0.02193643374747012,Sedang,Sedang
2024-08-14,us embassy 1,89.14212501280069,Sedang,78.42402377857566,10.718101234225031,10.718101234225031,Sedang,Sedang
2024-08-14,us embassy 2,99.37459935816128,Sedang,88.84974013655663,10.524859221604643,10.524859221604643,Sedang,Sedang
2024-08-15,bundaran hi,91.20833333333331,Sedang,88.1786055035234,3.0297278298099144,3.0297278298099144,Sedang,Sedang
2024-08-15,jagakarsa,96.70833333333331,Sedang,90.58343307898241,6.124900254350905,6.124900254350905,Sedang,Sedang
2024-08-15,kebun jeruk,103.75,Tidak Sehat,102.39087844088237,1.359121559117625,1.359121559117625,Tidak Sehat,Tidak Sehat
2024-08-15,kelapa gading,94.33333333333331,Sedang,93.02405645627539,1.3092768770579255,1.3092768770579255,Sedang,Sedang
2024-08-15,lubang buaya,86.125,Sedang,87.64764585007327,-1.5226458500732747,1.5226458500732747,Sedang,Sedang
2024-08-15,us embassy 1,90.12242702911615,Sedang,86.85782328544576,3.264603743670392,3.264603743670392,Sedang,Sedang
2024-08-15,us embassy 2,101.92297382811044,Tidak Sehat,91.19172692075203,10.731246907358411,10.731246907358411,Tidak Sehat,Sedang
2024-08-16,bundaran hi,92.0,Sedang,88.26039410111592,3.7396058988840792,3.7396058988840792,Sedang,Sedang
2024-08-16,jagakarsa,91.83333333333331,Sedang,91.25118487698684,0.5821484563464736,0.5821484563464736,Sedang,Sedang
2024-08-16,kebun jeruk,102.83333333333331,Tidak Sehat,100.0967886170515,2.736544716281813,2.736544716281813,Tidak Sehat,Tidak Sehat
2024-08-16,kelapa gading,92.70833333333331,Sedang,88.57095602433414,4.137377308999177,4.137377308999177,Sedang,Sedang
2024-08-16,lubang buaya,84.20833333333333,Sedang,86.9388326470215,-2.7304993136881706,2.7304993136881706,Sedang,Sedang
2024-08-16,us embassy 1,89.39176184654383,Sedang,89.07476745137454,0.3169943951692886,0.3169943951692886,Sedang,Sedang
2024-08-16,us embassy 2,98.36873152114418,Sedang,97.81542262279685,0.5533088983473391,0.5533088983473391,Sedang,Sedang
2024-08-17,bundaran hi,92.25,Sedang,84.25915894258792,7.990841057412084,7.990841057412084,Sedang,Sedang
2024-08-17,jagakarsa,103.0,Tidak Sehat,87.44478920866425,15.555210791335753,15.555210791335753,Tidak Sehat,Sedang
2024-08-17,kebun jeruk,107.33333333333331,Tidak Sehat,94.22841976084914,13.104913572484179,13.104913572484179,Tidak Sehat,Sedang
2024-08-17,kelapa gading,95.0,Sedang,87.67492946231135,7.325070537688646,7.325070537688646,Sedang,Sedang
2024-08-17,lubang buaya,88.08333333333333,Sedang,87.70186967323338,0.38146366009995347,0.38146366009995347,Sedang,Sedang
2024-08-17,us embassy 1,90.74759803217349,Sedang,85.62892250200115,5.1186755301723394,5.1186755301723394,Sedang,Sedang
2024-08-17,us embassy 2,104.0905376683055,Tidak Sehat,88.52678138779167,15.563756280513829,15.563756280513829,Tidak Sehat,Sedang
2024-08-18,bundaran hi,90.16666666666669,Sedang,90.69707708817329,-0.5304104215066019,0.5304104215066019,Sedang,Sedang
2024-08-18,jagakarsa,100.83333333333331,Tidak Sehat,94.90137023628726,5.931963097046051,5.931963097046051,Tidak Sehat,Sedang
2024-08-18,kebun jeruk,103.79166666666669,Tidak Sehat,100.37553392994369,3.416132736723,3.416132736723,Tidak Sehat,Tidak Sehat
2024-08-18,kelapa gading,89.625,Sedang,92.91484697590151,-3.2898469759015114,3.2898469759015114,Sedang,Sedang
2024-08-18,lubang buaya,90.16666666666669,Sedang,88.9595759441621,1.2070907225045886,1.2070907225045886,Sedang,Sedang
2024-08-18,us embassy 1,82.41926190838025,Sedang,88.42229483779043,-6.003032929410182,6.003032929410182,Sedang,Sedang
2024-08-18,us embassy 2,98.88813299343498,Sedang,96.86962173065794,2.0185112627770394,2.0185112627770394,Sedang,Sedang
2024-08-19,bundaran hi,86.58333333333333,Sedang,91.18193045963842,-4.598597126305094,4.598597126305094,Sedang,Sedang
2024-08-19,jagakarsa,90.25,Sedang,93.31052788268359,-3.060527882683587,3.060527882683587,Sedang,Sedang
2024-08-19,kebun jeruk,97.125,Sedang,100.80087857414465,-3.6758785741446474,3.6758785741446474,Sedang,Tidak Sehat
2024-08-19,kelapa gading,85.29166666666667,Sedang,88.92301044286967,-3.6313437762029963,3.6313437762029963,Sedang,Sedang
2024-08-19,lubang buaya,82.875,Sedang,89.72146758436739,-6.846467584367389,6.846467584367389,Sedang,Sedang
2024-08-19,us embassy 1,80.33976471067031,Sedang,84.02760404353026,-3.6878393328599515,3.6878393328599515,Sedang,Sedang
2024-08-19,us embassy 2,85.44473749837499,Sedang,92.53434527237492,-7.08960777399993,7.08960777399993,Sedang,Sedang
2024-08-20,bundaran hi,90.70833333333331,Sedang,87.15493132120407,3.55340201212924,3.55340201212924,Sedang,Sedang
2024-08-20,jagakarsa,98.33333333333331,Sedang,87.79201059295829,10.541322740375023,10.541322740375023,Sedang,Sedang
2024-08-20,kebun jeruk,109.04166666666669,Tidak Sehat,101.62407209839783,7.4175945682688535,7.4175945682688535,Tidak Sehat,Tidak Sehat
2024-08-20,kelapa gading,94.70833333333331,Sedang,88.37209721532936,6.336236118003953,6.336236118003953,Sedang,Sedang
2024-08-20,lubang buaya,90.70833333333331,Sedang,85.1078560785972,5.60047725473612,5.60047725473612,Sedang,Sedang
2024-08-20,us embassy 1,86.04641185529978,Sedang,83.36297281006247,2.683439045237307,2.683439045237307,Sedang,Sedang
2024-08-20,us embassy 2,42.2677848812526,Baik,86.71876596823027,-44.45098108697767,44.45098108697767,Baik,Sedang
2024-08-21,bundaran hi,96.66666666666669,Sedang,91.76103485770673,4.905631808959953,4.905631808959953,Sedang,Sedang
2024-08-21,jagakarsa,103.5,Tidak Sehat,93.64079580319263,9.859204196807369,9.859204196807369,Tidak Sehat,Sedang
2024-08-21,kebun jeruk,118.25,Tidak Sehat,110.9286528675637,7.321347132436301,7.321347132436301,Tidak Sehat,Tidak Sehat
2024-08-21,kelapa gading,100.83333333333331,Tidak Sehat,93.7310220919332,7.102311241400116,7.102311241400116,Tidak Sehat,Sedang
2024-08-21,lubang buaya,94.91666666666669,Sedang,90.27079816958567,4.645868497081011,4.645868497081011,Sedang,Sedang
2024-08-21,us embassy 1,94.51480226426486,Sedang,89.92546558026503,4.589336683999832,4.589336683999832,Sedang,Sedang
2024-08-21,us embassy 2,107.7726243529177,Tidak Sehat,74.77790557274099,32.99471878017671,32.99471878017671,Tidak Sehat,Sedang
2024-08-22,bundaran hi,89.125,Sedang,93.85372831424047,-4.72872831424047,4.72872831424047,Sedang,Sedang
2024-08-22,jagakarsa,93.20833333333331,Sedang,98.0357780982316,-4.8274447648982886,4.8274447648982886,Sedang,Sedang
2024-08-22,kebun jeruk,95.75,Sedang,111.40309780796741,-15.653097807967413,15.653097807967413,Sedang,Tidak Sehat
2024-08-22,kelapa gading,97.375,Sedang,94.6589668473086,2.716033152691395,2.716033152691395,Sedang,Sedang
2024-08-22,lubang buaya,97.125,Sedang,92.65328373585568,4.4717162641443196,4.4717162641443196,Sedang,Sedang
2024-08-22,us embassy 1,91.87455550152532,Sedang,92.43215953845394,-0.5576040369286233,0.5576040369286233,Sedang,Sedang
2024-08-22,us embassy 2,103.10212522868729,Tidak Sehat,102.57362669974452,0.5284985289427624,0.5284985289427624,Tidak Sehat,Tidak Sehat
2024-08-23,bundaran hi,77.29166666666667,Sedang,86.68361052149196,-9.391943854825286,9.391943854825286,Sedang,Sedang
2024-08-23,jagakarsa,86.375,Sedang,89.35813629110616,-2.983136291106163,2.983136291106163,Sedang,Sedang
2024-08-23,kebun jeruk,80.58333333333333,Sedang,95.11275620489315,-14.529422871559817,14.529422871559817,Sedang,Sedang
2024-08-23,kelapa gading,79.66666666666667,Sedang,91.21569368871933,-11.549027022052655,11.549027022052655,Sedang,Sedang
2024-08-23,lubang buaya,108.29166666666669,Tidak Sehat,93.6680840951966,14.623582571470081,14.623582571470081,Tidak Sehat,Sedang
2024-08-23,us embassy 1,74.60524396156792,Sedang,89.63498788753017,-15.02974392596225,15.02974392596225,Sedang,Sedang
2024-08-23,us embassy 2,83.33035396853582,Sedang,100.58916081208795,-17.258806843552136,17.258806843552136,Sedang,Tidak Sehat
2024-08-24,bundaran hi,92.91666666666669,Sedang,81.47196877402853,11.44469789263816,11.44469789263816,Sedang,Sedang
2024-08-24,jagakarsa,92.79166666666669,Sedang,89.01573057703963,3.775936089627052,3.775936089627052,Sedang,Sedang
2024-08-24,kebun jeruk,96.08333333333331,Sedang,89.95807233685315,6.125260996480165,6.125260996480165,Sedang,Sedang
2024-08-24,kelapa gading,94.45833333333331,Sedang,83.67128712776251,10.787046205570803,10.787046205570803,Sedang,Sedang
2024-08-24,lubang buaya,87.58333333333333,Sedang,101.21036168008402,-13.627028346750691,13.627028346750691,Sedang,Tidak Sehat
2024-08-24,us embassy 1,85.85915515635604,Sedang,79.369651954308,6.489503202048041,6.489503202048041,Sedang,Sedang
2024-08-24,us embassy 2,97.76380031398776,Sedang,85.95403491976693,11.809765394220832,11.809765394220832,Sedang,Sedang
2024-08-25,bundaran hi,94.16666666666669,Sedang,91.30218728826452,2.864479378402166,2.864479378402166,Sedang,Sedang
2024-08-25,jagakarsa,87.16666666666667,Sedang,88.88745995745256,-1.7207932907858918,1.7207932907858918,Sedang,Sedang
2024-08-25,kebun jeruk,98.0,Sedang,89.8693314819165,8.130668518083496,8.130668518083496,Sedang,Sedang
2024-08-25,kelapa gading,96.83333333333331,Sedang,92.2649397859239,4.568393547409414,4.568393547409414,Sedang,Sedang
2024-08-25,lubang buaya,82.0,Sedang,87.20114443142319,-5.201144431423188,5.201144431423188,Sedang,Sedang
2024-08-25,us embassy 1,97.26170744722045,Sedang,89.43085565896132,7.830851788259125,7.830851788259125,Sedang,Sedang
2024-08-25,us embassy 2,107.96239629200166,Tidak Sehat,93.3021404555853,14.660255836416354,14.660255836416354,Tidak Sehat,Sedang
2024-08-26,bundaran hi,78.58333333333333,Sedang,88.71938327845724,-10.136049945123915,10.136049945123915,Sedang,Sedang
2024-08-26,jagakarsa,86.29166666666667,Sedang,86.2457316568478,0.04593500981887644,0.04593500981887644,Sedang,Sedang
2024-08-26,kebun jeruk,97.41666666666669,Sedang,91.09384926422726,6.322817402439426,6.322817402439426,Sedang,Sedang
2024-08-26,kelapa gading,83.58333333333333,Sedang,88.16176876271103,-4.578435429377706,4.578435429377706,Sedang,Sedang
2024-08-26,lubang buaya,77.125,Sedang,84.98355536622955,-7.858555366229552,7.858555366229552,Sedang,Sedang
2024-08-26,us embassy 1,73.65258926213453,Sedang,89.53305692645421,-15.880467664319681,15.880467664319681,Sedang,Sedang
2024-08-26,us embassy 2,84.6706815677325,Sedang,100.85349131339852,-16.18280974566602,16.18280974566602,Sedang,Tidak Sehat
2024-08-27,bundaran hi,102.04166666666669,Tidak Sehat,82.5175334104052,19.52413325626148,19.52413325626148,Tidak Sehat,Sedang
2024-08-27,jagakarsa,99.625,Sedang,87.66408852109333,11.960911478906667,11.960911478906667,Sedang,Sedang
2024-08-27,kebun jeruk,114.91666666666669,Tidak Sehat,91.91082941141907,23.005837255247613,23.005837255247613,Tidak Sehat,Sedang
2024-08-27,kelapa gading,101.58333333333331,Tidak Sehat,85.32998941999293,16.253343913340387,16.253343913340387,Tidak Sehat,Sedang
2024-08-27,lubang buaya,82.79166666666667,Sedang,83.46516054633777,-0.6734938796710992,0.6734938796710992,Sedang,Sedang
2024-08-27,us embassy 1,96.70442795539276,Sedang,77.36889608540963,19.33553186998313,19.33553186998313,Sedang,Sedang
2024-08-27,us embassy 2,112.24776685087468,Tidak Sehat,86.86020186604433,25.387564984830348,25.387564984830348,Tidak Sehat,Sedang
2024-08-28,bundaran hi,90.83333333333331,Sedang,97.63877915267298,-6.805445819339667,6.805445819339667,Sedang,Sedang
2024-08-28,jagakarsa,82.0,Sedang,94.17249529761146,-12.172495297611462,12.172495297611462,Sedang,Sedang
2024-08-28,kebun jeruk,92.83333333333331,Sedang,102.2734203395736,-9.44008700624029,9.44008700624029,Sedang,Tidak Sehat
2024-08-28,kelapa gading,98.54166666666669,Sedang,98.48127758142942,0.0603890852372615,0.0603890852372615,Sedang,Sedang
2024-08-28,lubang buaya,78.29166666666667,Sedang,84.52811456262705,-6.2364478959603815,6.2364478959603815,Sedang,Sedang
2024-08-28,us embassy 1,96.29424483566326,Sedang,91.92521070595622,4.369034129707046,4.369034129707046,Sedang,Sedang
2024-08-28,us embassy 2,99.72890211402694,Sedang,103.99764279700386,-4.268740682976926,4.268740682976926,Sedang,Tidak Sehat
2024-08-29,bundaran hi,93.58333333333331,Sedang,85.49361300772397,8.089720325609349,8.089720325609349,Sedang,Sedang
2024-08-29,jagakarsa,89.70833333333333,Sedang,84.39036103339699,5.3179722999363435,5.3179722999363435,Sedang,Sedang
2024-08-29,kebun jeruk,105.0,Tidak Sehat,87.41238150398209,17.58761849601791,17.58761849601791,Tidak Sehat,Sedang
2024-08-29,kelapa gading,94.04166666666669,Sedang,89.58092800383825,4.460738662828433,4.460738662828433,Sedang,Sedang
2024-08-29,lubang buaya,112.625,Tidak Sehat,83.78584192528825,28.839158074711747,28.839158074711747,Tidak Sehat,Sedang
2024-08-29,us embassy 1,85.40798875998631,Sedang,89.82583021473808,-4.417841454751766,4.417841454751766,Sedang,Sedang
2024-08-29,us embassy 2,99.48079132176622,Sedang,93.05498195239514,6.4258093693710805,6.4258093693710805,Sedang,Sedang
2024-08-30,bundaran hi,99.5,Sedang,89.12895522375611,10.371044776243892,10.371044776243892,Sedang,Sedang
2024-08-30,jagakarsa,85.75,Sedang,90.52496587758155,-4.7749658775815504,4.7749658775815504,Sedang,Sedang
2024-08-30,kebun jeruk,120.25,Tidak Sehat,99.73698195072758,20.513018049272418,20.513018049272418,Tidak Sehat,Sedang
2024-08-30,kelapa gading,98.5,Sedang,89.17468611554014,9.32531388445986,9.32531388445986,Sedang,Sedang
2024-08-30,lubang buaya,92.20833333333331,Sedang,102.88670502404025,-10.678371690706939,10.678371690706939,Sedang,Tidak Sehat
2024-08-30,us embassy 1,103.82763128162831,Tidak Sehat,84.74265223204506,19.084979049583254,19.084979049583254,Tidak Sehat,Sedang
2024-08-30,us embassy 2,112.62736679616842,Tidak Sehat,91.81216367714802,20.815203119020396,20.815203119020396,Tidak Sehat,Sedang
2024-08-31,bundaran hi,77.875,Sedang,86.56238628822099,-8.687386288220992,8.687386288220992,Sedang,Sedang
2024-08-31,jagakarsa,72.83333333333333,Sedang,84.49362262470953,-11.660289291376202,11.660289291376202,Sedang,Sedang
2024-08-31,kebun jeruk,83.58333333333333,Sedang,108.9540825328437,-25.37074919951037,25.37074919951037,Sedang,Tidak Sehat
2024-08-31,kelapa gading,81.16666666666667,Sedang,87.03752661444243,-5.870859947775756,5.870859947775756,Sedang,Sedang
2024-08-31,lubang buaya,121.29166666666669,Tidak Sehat,87.66946521163872,33.62220145502796,33.62220145502796,Tidak Sehat,Sedang
2024-08-31,us embassy 1,75.81576045020807,Sedang,96.88265136503402,-21.066890914825947,21.066890914825947,Sedang,Sedang
2024-08-31,us embassy 2,83.41465104504758,Sedang,105.58378994983936,-22.16913890479178,22.16913890479178,Sedang,Tidak Sehat
2024-09-01,bundaran hi,72.5,Sedang,78.75836260949866,-6.258362609498661,6.258362609498661,Sedang,Sedang
2024-09-01,jagakarsa,78.66666666666667,Sedang,78.6321694638779,0.034497202788770664,0.034497202788770664,Sedang,Sedang
2024-09-01,kebun jeruk,89.375,Sedang,84.7430632252962,4.631936774703803,4.631936774703803,Sedang,Sedang
2024-09-01,kelapa gading,76.125,Sedang,81.79122094710414,-5.6662209471041365,5.6662209471041365,Sedang,Sedang
2024-09-01,lubang buaya,96.125,Sedang,104.67512500383884,-8.550125003838843,8.550125003838843,Sedang,Tidak Sehat
2024-09-01,us embassy 1,71.84051433388866,Sedang,78.01157988811661,-6.171065554227951,6.171065554227951,Sedang,Sedang
2024-09-01,us embassy 2,82.12644063904146,Sedang,83.06266604861632,-0.9362254095748597,0.9362254095748597,Sedang,Sedang
2024-09-02,bundaran hi,70.625,Sedang,78.08321755758472,-7.458217557584717,7.458217557584717,Sedang,Sedang
2024-09-02,jagakarsa,81.625,Sedang,81.56791319545654,0.05708680454345938,0.05708680454345938,Sedang,Sedang
2024-09-02,kebun jeruk,86.04166666666667,Sedang,93.9267119950247,-7.885045328358032,7.885045328358032,Sedang,Sedang
2024-09-02,kelapa gading,83.04166666666667,Sedang,81.66172209772861,1.3799445689380576,1.3799445689380576,Sedang,Sedang
2024-09-02,lubang buaya,10.375,Baik,93.89358107798527,-83.51858107798527,83.51858107798527,Baik,Sedang
2024-09-02,us embassy 1,69.96559583860049,Sedang,78.3352504357676,-8.369654597167113,8.369654597167113,Sedang,Sedang
2024-09-02,us embassy 2,83.01023222565051,Sedang,87.75977326691778,-4.749541041267264,4.749541041267264,Sedang,Sedang
2024-09-03,bundaran hi,78.5,Sedang,77.10440275148203,1.3955972485179728,1.3955972485179728,Sedang,Sedang
2024-09-03,jagakarsa,75.875,Sedang,82.04415722170693,-6.169157221706925,6.169157221706925,Sedang,Sedang
2024-09-03,kebun jeruk,89.70833333333333,Sedang,90.6348535132779,-0.9265201799445748,0.9265201799445748,Sedang,Sedang
2024-09-03,kelapa gading,103.33333333333331,Tidak Sehat,83.83283018494569,19.500503148387622,19.500503148387622,Tidak Sehat,Sedang
2024-09-03,lubang buaya,63.79166666666666,Sedang,69.68499778992137,-5.893331123254711,5.893331123254711,Sedang,Sedang
2024-09-03,us embassy 1,74.11677124345876,Sedang,72.43139457567189,1.6853766677868691,1.6853766677868691,Sedang,Sedang
2024-09-03,us embassy 2,87.11253146506452,Sedang,88.02827392386001,-0.9157424587954921,0.9157424587954921,Sedang,Sedang
2024-09-04,bundaran hi,82.70833333333333,Sedang,80.02640380619584,2.681929527137484,2.681929527137484,Sedang,Sedang
2024-09-04,jagakarsa,71.29166666666667,Sedang,77.12173540035653,-5.830068733689856,5.830068733689856,Sedang,Sedang
2024-09-04,kebun jeruk,85.33333333333333,Sedang,86.82693698409742,-1.4936036507640864,1.4936036507640864,Sedang,Sedang
2024-09-04,kelapa gading,92.58333333333331,Sedang,93.80023539752361,-1.2169020641902932,1.2169020641902932,Sedang,Sedang
2024-09-04,lubang buaya,74.625,Sedang,81.42853529380258,-6.803535293802582,6.803535293802582,Sedang,Sedang
2024-09-04,us embassy 1,80.94613965553243,Sedang,77.787369394559,3.1587702609734407,3.1587702609734407,Sedang,Sedang
2024-09-04,us embassy 2,88.76297608527149,Sedang,87.11106590367599,1.6519101815954969,1.6519101815954969,Sedang,Sedang
2024-09-05,bundaran hi,72.58333333333333,Sedang,81.3713369205782,-8.788003587244873,8.788003587244873,Sedang,Sedang
2024-09-05,jagakarsa,67.0,Sedang,74.91273818509153,-7.912738185091527,7.912738185091527,Sedang,Sedang
2024-09-05,kebun jeruk,80.95833333333333,Sedang,85.88871401980235,-4.930380686469022,4.930380686469022,Sedang,Sedang
2024-09-05,kelapa gading,75.75,Sedang,84.76969012368657,-9.019690123686573,9.019690123686573,Sedang,Sedang
2024-09-05,lubang buaya,113.41666666666669,Tidak Sehat,85.2333042934601,28.18336237320659,28.18336237320659,Tidak Sehat,Sedang
2024-09-05,us embassy 1,64.41880377443364,Sedang,81.06741688872167,-16.648613114288025,16.648613114288025,Sedang,Sedang
2024-09-05,us embassy 2,62.63549794206229,Sedang,86.7188948672774,-24.083396925215112,24.083396925215112,Sedang,Sedang
2024-09-06,bundaran hi,84.04166666666667,Sedang,76.48137016639741,7.56029650026926,7.56029650026926,Sedang,Sedang
2024-09-06,jagakarsa,69.41666666666667,Sedang,71.12320044265869,-1.706533775992014,1.706533775992014,Sedang,Sedang
2024-09-06,kebun jeruk,86.625,Sedang,83.10745672201323,3.517543277986775,3.517543277986775,Sedang,Sedang
2024-09-06,kelapa gading,80.83333333333333,Sedang,80.93186133560403,-0.09852800227069736,0.09852800227069736,Sedang,Sedang
2024-09-06,lubang buaya,81.41666666666667,Sedang,105.08688545250789,-23.670218785841215,23.670218785841215,Sedang,Tidak Sehat
2024-09-06,us embassy 1,73.94205978977267,Sedang,68.53580533279404,5.40625445697863,5.40625445697863,Sedang,Sedang
2024-09-06,us embassy 2,41.1790006819328,Baik,76.58577504428989,-35.40677436235709,35.40677436235709,Baik,Sedang
2024-09-07,bundaran hi,77.58333333333333,Sedang,85.78590586987235,-8.202572536539023,8.202572536539023,Sedang,Sedang
2024-09-07,jagakarsa,73.08333333333333,Sedang,69.87409416663009,3.2092391667032416,3.2092391667032416,Sedang,Sedang
2024-09-07,kebun jeruk,79.875,Sedang,85.62882537056629,-5.75382537056629,5.75382537056629,Sedang,Sedang
2024-09-07,kelapa gading,79.625,Sedang,80.53999016916754,-0.9149901691675382,0.9149901691675382,Sedang,Sedang
2024-09-07,lubang buaya,86.5,Sedang,79.1202774086107,7.379722591389296,7.379722591389296,Sedang,Sedang
2024-09-07,us embassy 1,69.71865598777043,Sedang,77.24712466585237,-7.528468678081936,7.528468678081936,Sedang,Sedang
2024-09-07,us embassy 2,76.96611024684445,Sedang,66.27382941378318,10.692280833061275,10.692280833061275,Sedang,Sedang
2024-09-08,bundaran hi,80.95833333333333,Sedang,74.68130634080846,6.277026992524867,6.277026992524867,Sedang,Sedang
2024-09-08,jagakarsa,70.41666666666667,Sedang,72.04120938030294,-1.6245427136362736,1.6245427136362736,Sedang,Sedang
2024-09-08,kebun jeruk,79.75,Sedang,74.58417973455782,5.1658202654421785,5.1658202654421785,Sedang,Sedang
2024-09-08,kelapa gading,78.54166666666667,Sedang,77.12456039024867,1.4171062764179965,1.4171062764179965,Sedang,Sedang
2024-09-08,lubang buaya,91.66666666666669,Sedang,85.98988477068127,5.676781895985414,5.676781895985414,Sedang,Sedang
2024-09-08,us embassy 1,67.93977285694702,Sedang,70.9920348591053,-3.0522620021582867,3.0522620021582867,Sedang,Sedang
2024-09-08,us embassy 2,76.30842209017501,Sedang,72.81243456190444,3.4959875282705752,3.4959875282705752,Sedang,Sedang
2024-09-09,bundaran hi,70.91666666666667,Sedang,74.95362334089947,-4.036956674232798,4.036956674232798,Sedang,Sedang
2024-09-09,jagakarsa,60.91666666666666,Sedang,69.56320502230315,-8.646538355636494,8.646538355636494,Sedang,Sedang
2024-09-09,kebun jeruk,67.45833333333333,Sedang,75.99750482425223,-8.539171490918903,8.539171490918903,Sedang,Sedang
2024-09-09,kelapa gading,71.54166666666667,Sedang,73.34144339690476,-1.7997767302380936,1.7997767302380936,Sedang,Sedang
2024-09-09,lubang buaya,66.25,Sedang,85.76294291850292,-19.512942918502915,19.512942918502915,Sedang,Sedang
2024-09-09,us embassy 1,62.83203949585046,Sedang,66.58771510369733,-3.755675607846875,3.755675607846875,Sedang,Sedang
2024-09-09,us embassy 2,71.49364525380787,Sedang,72.85450533966954,-1.360860085861674,1.360860085861674,Sedang,Sedang
2024-09-10,bundaran hi,68.20833333333333,Sedang,73.35060321298651,-5.142269879653185,5.142269879653185,Sedang,Sedang
2024-09-10,jagakarsa,52.41666666666666,Sedang,69.00066291074418,-16.583996244077525,16.583996244077525,Sedang,Sedang
2024-09-10,kebun jeruk,76.375,Sedang,71.80498531438126,4.5700146856187445,4.5700146856187445,Sedang,Sedang
2024-09-10,kelapa gading,76.16666666666667,Sedang,75.72438730428753,0.44227936237913923,0.44227936237913923,Sedang,Sedang
2024-09-10,lubang buaya,59.083333333333336,Sedang,73.79380030688175,-14.710466973548414,14.710466973548414,Sedang,Sedang
2024-09-10,us embassy 1,65.07860045331739,Sedang,67.92285603916895,-2.844255585851556,2.844255585851556,Sedang,Sedang
2024-09-10,us embassy 2,77.4687863854829,Sedang,72.45307398635686,5.015712399126045,5.015712399126045,Sedang,Sedang
2024-09-11,bundaran hi,61.66666666666666,Sedang,71.4243636709746,-9.757697004307943,9.757697004307943,Sedang,Sedang
2024-09-11,jagakarsa,0.0,Baik,61.53966086541672,-61.53966086541672,61.53966086541672,Baik,Sedang
2024-09-11,kebun jeruk,68.95833333333333,Sedang,77.663045094635,-8.704711761301667,8.704711761301667,Sedang,Sedang
2024-09-11,kelapa gading,68.0,Sedang,78.10923179160015,-10.109231791600152,10.109231791600152,Sedang,Sedang
2024-09-11,lubang buaya,50.41666666666666,Sedang,69.25568602081148,-18.839019354144824,18.839019354144824,Sedang,Sedang
2024-09-11,us embassy 1,63.50693180357164,Sedang,70.06055671025072,-6.553624906679083,6.553624906679083,Sedang,Sedang
2024-09-11,us embassy 2,69.97382758000317,Sedang,78.08156764564258,-8.107740065639405,8.107740065639405,Sedang,Sedang
2024-09-12,bundaran hi,80.54166666666667,Sedang,72.77217149886793,7.769495167798738,7.769495167798738,Sedang,Sedang
2024-09-12,jagakarsa,66.375,Sedang,45.200239249682674,21.174760750317326,21.174760750317326,Sedang,Baik
2024-09-12,kebun jeruk,92.625,Sedang,74.80356325129311,17.821436748706887,17.821436748706887,Sedang,Sedang
2024-09-12,kelapa gading,77.875,Sedang,75.28763668749205,2.5873633125079465,2.5873633125079465,Sedang,Sedang
2024-09-12,lubang buaya,61.583333333333336,Sedang,73.15297524770304,-11.569641914369704,11.569641914369704,Sedang,Sedang
2024-09-12,us embassy 1,71.93135820175654,Sedang,68.58530474021872,3.346053461537821,3.346053461537821,Sedang,Sedang
2024-09-12,us embassy 2,82.13245303184095,Sedang,74.07386943406559,8.058583597775367,8.058583597775367,Sedang,Sedang
2024-09-13,bundaran hi,77.95833333333333,Sedang,77.40593208632725,0.552401247006074,0.552401247006074,Sedang,Sedang
2024-09-13,jagakarsa,71.75,Sedang,68.38584609455485,3.36415390544515,3.36415390544515,Sedang,Sedang
2024-09-13,kebun jeruk,88.66666666666667,Sedang,81.24071509233538,7.425951574331293,7.425951574331293,Sedang,Sedang
2024-09-13,kelapa gading,76.25,Sedang,75.66849038476794,0.5815096152320649,0.5815096152320649,Sedang,Sedang
2024-09-13,lubang buaya,56.25,Sedang,74.2582913396209,-18.008291339620897,18.008291339620897,Sedang,Sedang
2024-09-13,us embassy 1,77.85609816195145,Sedang,72.10783978968598,5.748258372265468,5.748258372265468,Sedang,Sedang
2024-09-13,us embassy 2,90.81626498011912,Sedang,79.14612379432668,11.670141185792431,11.670141185792431,Sedang,Sedang
2024-09-14,bundaran hi,83.45833333333333,Sedang,79.70092429985712,3.7574090334762076,3.7574090334762076,Sedang,Sedang
2024-09-14,jagakarsa,71.91666666666667,Sedang,73.15440150083306,-1.237734834166389,1.237734834166389,Sedang,Sedang
2024-09-14,kebun jeruk,87.91666666666667,Sedang,80.36584695874225,7.550819707924418,7.550819707924418,Sedang,Sedang
2024-09-14,kelapa gading,85.41666666666667,Sedang,77.17300847365227,8.243658193014397,8.243658193014397,Sedang,Sedang
2024-09-14,lubang buaya,58.79166666666666,Sedang,71.7930876934828,-13.001421026816146,13.001421026816146,Sedang,Sedang
2024-09-14,us embassy 1,76.36532404542983,Sedang,75.93164470463131,0.4336793407985198,0.4336793407985198,Sedang,Sedang
2024-09-14,us embassy 2,87.96685983393388,Sedang,83.51940202064029,4.447457813293596,4.447457813293596,Sedang,Sedang
2024-09-15,bundaran hi,85.70833333333333,Sedang,81.8547357756697,3.853597557663633,3.853597557663633,Sedang,Sedang
2024-09-15,jagakarsa,71.41666666666667,Sedang,73.98240536643473,-2.565738699768062,2.565738699768062,Sedang,Sedang
2024-09-15,kebun jeruk,84.70833333333333,Sedang,83.7735533952115,0.9347799381218351,0.9347799381218351,Sedang,Sedang
2024-09-15,kelapa gading,84.375,Sedang,84.78912998616835,-0.41412998616834784,0.41412998616834784,Sedang,Sedang
2024-09-15,lubang buaya,68.16666666666667,Sedang,70.86612936072022,-2.699462694053551,2.699462694053551,Sedang,Sedang
2024-09-15,us embassy 1,78.43144363788916,Sedang,75.81263716243569,2.618806475453468,2.618806475453468,Sedang,Sedang
2024-09-15,us embassy 2,83.57145837581868,Sedang,84.19463199210519,-0.6231736162865076,0.6231736162865076,Sedang,Sedang
2024-09-16,bundaran hi,85.04166666666667,Sedang,83.64182549757426,1.3998411690924115,1.3998411690924115,Sedang,Sedang
2024-09-16,jagakarsa,82.33333333333333,Sedang,71.55822109350125,10.775112239832083,10.775112239832083,Sedang,Sedang
2024-09-16,kebun jeruk,91.625,Sedang,82.96594475776158,8.659055242238423,8.659055242238423,Sedang,Sedang
2024-09-16,kelapa gading,80.95833333333333,Sedang,82.96932495816624,-2.0109916248329114,2.0109916248329114,Sedang,Sedang
2024-09-16,lubang buaya,67.79166666666667,Sedang,67.91958588545987,-0.12791921879319545,0.12791921879319545,Sedang,Sedang
2024-09-16,us embassy 1,74.66938642473282,Sedang,76.92392556366002,-2.2545391389272,2.2545391389272,Sedang,Sedang
2024-09-16,us embassy 2,90.41625211945394,Sedang,82.04416315882042,8.37208896063352,8.37208896063352,Sedang,Sedang
2024-09-17,bundaran hi,79.83333333333333,Sedang,83.65799835504964,-3.8246650217163136,3.8246650217163136,Sedang,Sedang
2024-09-17,jagakarsa,77.29166666666667,Sedang,78.08837522067546,-0.7967085540087879,0.7967085540087879,Sedang,Sedang
2024-09-17,kebun jeruk,87.95833333333333,Sedang,85.24327630162226,2.715057031711069,2.715057031711069,Sedang,Sedang
2024-09-17,kelapa gading,87.0,Sedang,78.91506597653432,8.084934023465678,8.084934023465678,Sedang,Sedang
2024-09-17,lubang buaya,66.83333333333333,Sedang,70.8919085640708,-4.058575230737475,4.058575230737475,Sedang,Sedang
2024-09-17,us embassy 1,77.7831595266757,Sedang,75.92682809555794,1.8563314311177663,1.8563314311177663,Sedang,Sedang
2024-09-17,us embassy 2,89.1828141932545,Sedang,84.96452830406452,4.2182858891899855,4.2182858891899855,Sedang,Sedang
2024-09-18,bundaran hi,75.875,Sedang,82.28095154960064,-6.405951549600644,6.405951549600644,Sedang,Sedang
2024-09-18,jagakarsa,68.29166666666667,Sedang,72.26084096531741,-3.969174298650742,3.969174298650742,Sedang,Sedang
2024-09-18,kebun jeruk,80.25,Sedang,81.17125287824965,-0.9212528782496463,0.9212528782496463,Sedang,Sedang
2024-09-18,kelapa gading,81.08333333333333,Sedang,83.69790570449206,-2.6145723711587294,2.6145723711587294,Sedang,Sedang
2024-09-18,lubang buaya,60.583333333333336,Sedang,69.82217375018745,-9.23884041685411,9.23884041685411,Sedang,Sedang
2024-09-18,us embassy 1,72.16431890313683,Sedang,78.71455903139811,-6.550240128261279,6.550240128261279,Sedang,Sedang
2024-09-18,us embassy 2,80.52132387978699,Sedang,83.79126134994956,-3.2699374701625743,3.2699374701625743,Sedang,Sedang
2024-09-19,bundaran hi,74.0,Sedang,79.04832620071502,-5.0483262007150245,5.0483262007150245,Sedang,Sedang
2024-09-19,jagakarsa,73.0,Sedang,67.06300926110175,5.9369907388982455,5.9369907388982455,Sedang,Sedang
2024-09-19,kebun jeruk,69.0,Sedang,79.43792683305932,-10.437926833059322,10.437926833059322,Sedang,Sedang
2024-09-19,kelapa gading,76.0,Sedang,78.26358309961148,-2.2635830996114805,2.2635830996114805,Sedang,Sedang
2024-09-19,lubang buaya,87.0,Sedang,69.87984227020311,17.120157729796887,17.120157729796887,Sedang,Sedang
2024-09-19,us embassy 1,80.67643223980129,Sedang,72.56951416125248,8.106918078548802,8.106918078548802,Sedang,Sedang
2024-09-19,us embassy 2,88.59632565361265,Sedang,80.80822549529009,7.788100158322564,7.788100158322564,Sedang,Sedang
2024-09-20,bundaran hi,81.20833333333333,Sedang,77.17777445318018,4.030558880153151,4.030558880153151,Sedang,Sedang
2024-09-20,jagakarsa,77.83333333333333,Sedang,74.20988072496519,3.62345260836814,3.62345260836814,Sedang,Sedang
2024-09-20,kebun jeruk,79.75,Sedang,71.06878544841396,8.681214551586038,8.681214551586038,Sedang,Sedang
2024-09-20,kelapa gading,82.29166666666667,Sedang,76.85925428581982,5.432412380846856,5.432412380846856,Sedang,Sedang
2024-09-20,lubang buaya,76.375,Sedang,83.42943025566416,-7.054430255664158,7.054430255664158,Sedang,Sedang
2024-09-20,us embassy 1,76.53083464577739,Sedang,79.04760881796706,-2.5167741721896704,2.5167741721896704,Sedang,Sedang
2024-09-20,us embassy 2,83.35073353594272,Sedang,88.34748371898866,-4.996750183045933,4.996750183045933,Sedang,Sedang
2024-09-21,bundaran hi,90.41666666666669,Sedang,83.6203027547032,6.796363911963482,6.796363911963482,Sedang,Sedang
2024-09-21,jagakarsa,85.33333333333333,Sedang,77.3974006575371,7.935932675796224,7.935932675796224,Sedang,Sedang
2024-09-21,kebun jeruk,94.125,Sedang,82.7445877620466,11.380412237953394,11.380412237953394,Sedang,Sedang
2024-09-21,kelapa gading,44.833333333333336,Baik,81.80646291930196,-36.97312958596863,36.97312958596863,Baik,Sedang
2024-09-21,lubang buaya,68.125,Sedang,75.95952730242881,-7.8345273024288105,7.8345273024288105,Sedang,Sedang
2024-09-21,us embassy 1,81.67364346096856,Sedang,76.9114840425081,4.762159418460456,4.762159418460456,Sedang,Sedang
2024-09-21,us embassy 2,92.70912842494069,Sedang,85.30807592270946,7.401052502231224,7.401052502231224,Sedang,Sedang
2024-09-22,bundaran hi,74.0,Sedang,90.32684480038589,-16.326844800385885,16.326844800385885,Sedang,Sedang
2024-09-22,jagakarsa,73.0,Sedang,86.9134039481503,-13.913403948150304,13.913403948150304,Sedang,Sedang
2024-09-22,kebun jeruk,69.0,Sedang,90.32925558378251,-21.329255583782512,21.329255583782512,Sedang,Sedang
2024-09-22,kelapa gading,76.0,Sedang,64.58826273703856,11.411737262961438,11.411737262961438,Sedang,Sedang
2024-09-22,lubang buaya,87.0,Sedang,74.27917639418642,12.720823605813578,12.720823605813578,Sedang,Sedang
2024-09-22,us embassy 1,97.40960343097704,Sedang,83.82252090665554,13.587082524321502,13.587082524321502,Sedang,Sedang
2024-09-22,us embassy 2,111.15412648259492,Tidak Sehat,90.84203550119194,20.312090981402974,20.312090981402974,Tidak Sehat,Sedang
2024-09-23,bundaran hi,83.95833333333333,Sedang,77.13275847779667,6.825574855536658,6.825574855536658,Sedang,Sedang
2024-09-23,jagakarsa,81.0,Sedang,77.49886172735887,3.5011382726411284,3.5011382726411284,Sedang,Sedang
2024-09-23,kebun jeruk,86.125,Sedang,73.12719106931267,12.997808930687327,12.997808930687327,Sedang,Sedang
2024-09-23,kelapa gading,83.25,Sedang,79.07717507967743,4.172824920322569,4.172824920322569,Sedang,Sedang
2024-09-23,lubang buaya,69.29166666666667,Sedang,85.38167750376378,-16.09001083709711,16.09001083709711,Sedang,Sedang
2024-09-23,us embassy 1,88.5366604567187,Sedang,91.1956132656493,-2.658952808930593,2.658952808930593,Sedang,Sedang
2024-09-23,us embassy 2,101.87749627619633,Tidak Sehat,98.16742992737488,3.7100663488214423,3.7100663488214423,Tidak Sehat,Sedang
2024-09-24,bundaran hi,76.75,Sedang,83.7035555073894,-6.953555507389396,6.953555507389396,Sedang,Sedang
2024-09-24,jagakarsa,76.79166666666667,Sedang,77.99180308117151,-1.2001364145048399,1.2001364145048399,Sedang,Sedang
2024-09-24,kebun jeruk,85.83333333333333,Sedang,83.55388697325172,2.2794463600816073,2.2794463600816073,Sedang,Sedang
2024-09-24,kelapa gading,75.54166666666667,Sedang,78.21796991631005,-2.6763032496433823,2.6763032496433823,Sedang,Sedang
2024-09-24,lubang buaya,59.125,Sedang,64.46807587757792,-5.343075877577917,5.343075877577917,Sedang,Sedang
2024-09-24,us embassy 1,77.43314108089314,Sedang,82.95191467462207,-5.5187735937289375,5.5187735937289375,Sedang,Sedang
2024-09-24,us embassy 2,92.21757991983804,Sedang,91.3019343256889,0.9156455941491402,0.9156455941491402,Sedang,Sedang
2024-09-25,bundaran hi,85.0,Sedang,76.95059212998218,8.049407870017816,8.049407870017816,Sedang,Sedang
2024-09-25,jagakarsa,79.33333333333333,Sedang,74.37304583746717,4.9602874958661545,4.9602874958661545,Sedang,Sedang
2024-09-25,kebun jeruk,103.29166666666669,Tidak Sehat,81.82663033531603,21.46503633135066,21.46503633135066,Tidak Sehat,Sedang
2024-09-25,kelapa gading,86.04166666666667,Sedang,77.80263765002033,8.239029016646342,8.239029016646342,Sedang,Sedang
2024-09-25,lubang buaya,60.79166666666666,Sedang,62.689669058499184,-1.8980023918325273,1.8980023918325273,Sedang,Sedang
2024-09-25,us embassy 1,84.39245897643632,Sedang,76.18151351160508,8.21094546483124,8.21094546483124,Sedang,Sedang
2024-09-25,us embassy 2,95.8593545099455,Sedang,82.07570001301264,13.783654496932868,13.783654496932868,Sedang,Sedang
2024-09-26,bundaran hi,72.70833333333333,Sedang,77.05045475351262,-4.342121420179296,4.342121420179296,Sedang,Sedang
2024-09-26,jagakarsa,64.54166666666667,Sedang,77.72328013681704,-13.181613470150367,13.181613470150367,Sedang,Sedang
2024-09-26,kebun jeruk,84.58333333333333,Sedang,88.4780043983247,-3.894671064991371,3.894671064991371,Sedang,Sedang
2024-09-26,kelapa gading,79.04166666666667,Sedang,78.70704424934401,0.33462241732266307,0.33462241732266307,Sedang,Sedang
2024-09-26,lubang buaya,54.41666666666666,Sedang,60.60964029794575,-6.192973631279095,6.192973631279095,Sedang,Sedang
2024-09-26,us embassy 1,74.79828354857854,Sedang,76.25271143314824,-1.4544278845696965,1.4544278845696965,Sedang,Sedang
2024-09-26,us embassy 2,85.60785826816202,Sedang,78.80081228236152,6.8070459858004995,6.8070459858004995,Sedang,Sedang
2024-09-27,bundaran hi,72.0,Sedang,75.69981320053529,-3.6998132005352886,3.6998132005352886,Sedang,Sedang
2024-09-27,jagakarsa,65.83333333333333,Sedang,63.66010377232974,2.1732295610035877,2.1732295610035877,Sedang,Sedang
2024-09-27,kebun jeruk,81.45833333333333,Sedang,81.53508680146045,-0.07675346812712291,0.07675346812712291,Sedang,Sedang
2024-09-27,kelapa gading,78.75,Sedang,79.37435247340267,-0.6243524734026664,0.6243524734026664,Sedang,Sedang
2024-09-27,lubang buaya,51.75,Sedang,62.49649050549937,-10.746490505499366,10.746490505499366,Sedang,Sedang
2024-09-27,us embassy 1,75.69753479039584,Sedang,76.19229626144664,-0.4947614710508077,0.4947614710508077,Sedang,Sedang
2024-09-27,us embassy 2,82.2092497455096,Sedang,84.11950350791429,-1.9102537624046931,1.9102537624046931,Sedang,Sedang
2024-09-28,bundaran hi,81.70833333333333,Sedang,75.42349002057367,6.284843312759662,6.284843312759662,Sedang,Sedang
2024-09-28,jagakarsa,78.58333333333333,Sedang,70.01173917433104,8.571594159002288,8.571594159002288,Sedang,Sedang
2024-09-28,kebun jeruk,95.91666666666669,Sedang,80.55927427393816,15.357392392728528,15.357392392728528,Sedang,Sedang
2024-09-28,kelapa gading,73.45833333333333,Sedang,76.94991092308891,-3.491577589755579,3.491577589755579,Sedang,Sedang
2024-09-28,lubang buaya,59.708333333333336,Sedang,58.12996333693534,1.5783699963979956,1.5783699963979956,Sedang,Sedang
2024-09-28,us embassy 1,71.8354338520243,Sedang,78.20635857459595,-6.370924722571658,6.370924722571658,Sedang,Sedang
2024-09-28,us embassy 2,88.2028762521761,Sedang,83.89220970466853,4.310666547507566,4.310666547507566,Sedang,Sedang
2024-09-29,bundaran hi,74.0,Sedang,81.69700331803416,-7.697003318034163,7.697003318034163,Sedang,Sedang
2024-09-29,jagakarsa,73.0,Sedang,78.83822464079864,-5.838224640798643,5.838224640798643,Sedang,Sedang
2024-09-29,kebun jeruk,69.0,Sedang,89.49594459148584,-20.495944591485838,20.495944591485838,Sedang,Sedang
2024-09-29,kelapa gading,76.0,Sedang,75.14838495677735,0.851615043222651,0.851615043222651,Sedang,Sedang
2024-09-29,lubang buaya,87.0,Sedang,58.18578167594893,28.81421832405107,28.81421832405107,Sedang,Sedang
2024-09-29,us embassy 1,83.60772930597159,Sedang,75.54111045194743,8.066618854024156,8.066618854024156,Sedang,Sedang
2024-09-29,us embassy 2,94.89254337776433,Sedang,90.34864281834983,4.543900559414496,4.543900559414496,Sedang,Sedang
2024-09-30,bundaran hi,72.70833333333333,Sedang,76.172889900572,-3.464556567238674,3.464556567238674,Sedang,Sedang
2024-09-30,jagakarsa,70.04166666666667,Sedang,75.46433386747621,-5.422667200809542,5.422667200809542,Sedang,Sedang
2024-09-30,kebun jeruk,72.04166666666667,Sedang,67.121253671247,4.920412995419667,4.920412995419667,Sedang,Sedang
2024-09-30,kelapa gading,73.66666666666667,Sedang,78.23480992869283,-4.568143262026155,4.568143262026155,Sedang,Sedang
2024-09-30,lubang buaya,76.375,Sedang,83.3881901072362,-7.013190107236198,7.013190107236198,Sedang,Sedang
2024-09-30,us embassy 1,73.79793427501083,Sedang,83.1964253322943,-9.398491057283465,9.398491057283465,Sedang,Sedang
2024-09-30,us embassy 2,81.14522432862034,Sedang,87.88421851704095,-6.738994188420605,6.738994188420605,Sedang,Sedang
2024-10-01,bundaran hi,86.125,Sedang,75.71921157856873,10.405788421431268,10.405788421431268,Sedang,Sedang
2024-10-01,jagakarsa,86.25,Sedang,71.36611859875883,14.883881401241169,14.883881401241169,Sedang,Sedang
2024-10-01,kebun jeruk,97.29166666666669,Sedang,78.24941623589612,19.042250430770565,19.042250430770565,Sedang,Sedang
2024-10-01,kelapa gading,81.95833333333333,Sedang,75.88730575235775,6.071027580975581,6.071027580975581,Sedang,Sedang
2024-10-01,lubang buaya,95.41666666666669,Sedang,76.28053835815216,19.13612830851453,19.13612830851453,Sedang,Sedang
2024-10-01,us embassy 1,77.73304812478742,Sedang,76.6496945414447,1.0833535833427135,1.0833535833427135,Sedang,Sedang
2024-10-01,us embassy 2,89.56639217361355,Sedang,81.49373731390413,8.072654859709417,8.072654859709417,Sedang,Sedang
2024-10-02,bundaran hi,87.625,Sedang,89.18296377240526,-1.5579637724052589,1.5579637724052589,Sedang,Sedang
2024-10-02,jagakarsa,86.29166666666667,Sedang,87.02194588051289,-0.7302792138462166,0.7302792138462166,Sedang,Sedang
2024-10-02,kebun jeruk,94.5,Sedang,89.80297080301952,4.6970291969804805,4.6970291969804805,Sedang,Sedang
2024-10-02,kelapa gading,89.66666666666667,Sedang,82.5406595821211,7.126007084545577,7.126007084545577,Sedang,Sedang
2024-10-02,lubang buaya,28.95833333333333,Baik,85.39641219451758,-56.43807886118425,56.43807886118425,Baik,Sedang
2024-10-02,us embassy 1,88.72619119743611,Sedang,81.03741740619043,7.68877379124568,7.68877379124568,Sedang,Sedang
2024-10-02,us embassy 2,100.84217786747976,Tidak Sehat,90.04158265092981,10.80059521654995,10.80059521654995,Tidak Sehat,Sedang
2024-10-03,bundaran hi,69.79166666666667,Sedang,88.79091657113173,-18.99924990446506,18.99924990446506,Sedang,Sedang
2024-10-03,jagakarsa,80.20833333333333,Sedang,87.12759614289948,-6.919262809566149,6.919262809566149,Sedang,Sedang
2024-10-03,kebun jeruk,92.5,Sedang,90.3928603189323,2.107139681067693,2.107139681067693,Sedang,Sedang
2024-10-03,kelapa gading,93.20833333333331,Sedang,88.21920339947796,4.989129933855352,4.989129933855352,Sedang,Sedang
2024-10-03,lubang buaya,73.54166666666667,Sedang,63.15830664089347,10.3833600257732,10.3833600257732,Sedang,Sedang
2024-10-03,us embassy 1,84.02365733431186,Sedang,90.88694339876882,-6.8632860644569575,6.8632860644569575,Sedang,Sedang
2024-10-03,us embassy 2,92.98064820181246,Sedang,96.33924002431948,-3.358591822507023,3.358591822507023,Sedang,Sedang
2024-10-04,bundaran hi,84.41666666666667,Sedang,74.28596432989652,10.130702336770156,10.130702336770156,Sedang,Sedang
2024-10-04,jagakarsa,75.08333333333333,Sedang,83.13198549931302,-8.04865216597969,8.04865216597969,Sedang,Sedang
2024-10-04,kebun jeruk,94.91666666666669,Sedang,89.12807453316307,5.788592133503613,5.788592133503613,Sedang,Sedang
2024-10-04,kelapa gading,84.75,Sedang,92.1987497368511,-7.448749736851099,7.448749736851099,Sedang,Sedang
2024-10-04,lubang buaya,68.33333333333333,Sedang,74.88639636646846,-6.553063033135132,6.553063033135132,Sedang,Sedang
2024-10-04,us embassy 1,82.45408386217535,Sedang,88.03963117437212,-5.585547312196766,5.585547312196766,Sedang,Sedang
2024-10-04,us embassy 2,91.1245454221004,Sedang,90.52544078281771,0.599104639282686,0.599104639282686,Sedang,Sedang
2024-10-05,bundaran hi,79.625,Sedang,84.5218853183547,-4.896885318354705,4.896885318354705,Sedang,Sedang
2024-10-05,jagakarsa,69.875,Sedang,74.89861333133905,-5.02361333133905,5.02361333133905,Sedang,Sedang
2024-10-05,kebun jeruk,82.91666666666667,Sedang,87.4806226734562,-4.563956006789525,4.563956006789525,Sedang,Sedang
2024-10-05,kelapa gading,81.45833333333333,Sedang,81.22180583284712,0.2365275004862042,0.2365275004862042,Sedang,Sedang
2024-10-05,lubang buaya,63.16666666666666,Sedang,61.35793592740276,1.8087307392639005,1.8087307392639005,Sedang,Sedang
2024-10-05,us embassy 1,76.13931980224588,Sedang,80.89151493076989,-4.752195128524008,4.752195128524008,Sedang,Sedang
2024-10-05,us embassy 2,82.45132214897288,Sedang,88.03413625625306,-5.582814107280186,5.582814107280186,Sedang,Sedang
2024-10-06,bundaran hi,75.625,Sedang,81.0498376589052,-5.424837658905204,5.424837658905204,Sedang,Sedang
2024-10-06,jagakarsa,70.875,Sedang,72.36671469970082,-1.4917146997008217,1.4917146997008217,Sedang,Sedang
2024-10-06,kebun jeruk,78.70833333333333,Sedang,82.15219153694835,-3.4438582036150223,3.4438582036150223,Sedang,Sedang
2024-10-06,kelapa gading,76.66666666666667,Sedang,82.96223423226715,-6.295567565600479,6.295567565600479,Sedang,Sedang
2024-10-06,lubang buaya,56.66666666666666,Sedang,72.97527305448382,-16.308606387817164,16.308606387817164,Sedang,Sedang
2024-10-06,us embassy 1,72.93348912963998,Sedang,79.30869840091084,-6.375209271270862,6.375209271270862,Sedang,Sedang
2024-10-06,us embassy 2,80.56429314494214,Sedang,84.75644569682878,-4.192152551886636,4.192152551886636,Sedang,Sedang
2024-10-07,bundaran hi,101.91666666666669,Tidak Sehat,79.10317882348053,22.813487843186152,22.813487843186152,Tidak Sehat,Sedang
2024-10-07,jagakarsa,109.58333333333331,Tidak Sehat,67.77227765590042,41.81105567743289,41.81105567743289,Tidak Sehat,Sedang
2024-10-07,kebun jeruk,114.20833333333331,Tidak Sehat,79.85588181356916,34.35245151976416,34.35245151976416,Tidak Sehat,Sedang
2024-10-07,kelapa gading,101.5,Tidak Sehat,79.6025824273327,21.897417572667294,21.897417572667294,Tidak Sehat,Sedang
2024-10-07,lubang buaya,72.91666666666667,Sedang,58.60123033196078,14.315436334705893,14.315436334705893,Sedang,Sedang
2024-10-07,us embassy 1,94.8833728544182,Sedang,73.57610117023098,21.307271684187214,21.307271684187214,Sedang,Sedang
2024-10-07,us embassy 2,111.79809283051183,Tidak Sehat,81.0254227890652,30.77267004144663,30.77267004144663,Tidak Sehat,Sedang
2024-10-08,bundaran hi,81.70833333333333,Sedang,89.62023420661185,-7.911900873278526,7.911900873278526,Sedang,Sedang
2024-10-08,jagakarsa,75.79166666666667,Sedang,93.03108483684827,-17.239418170181594,17.239418170181594,Sedang,Sedang
2024-10-08,kebun jeruk,88.91666666666667,Sedang,97.16438495137294,-8.247718284706266,8.247718284706266,Sedang,Sedang
2024-10-08,kelapa gading,89.25,Sedang,87.69380363784826,1.5561963621517378,1.5561963621517378,Sedang,Sedang
2024-10-08,lubang buaya,64.58333333333333,Sedang,70.79838227187277,-6.215048938539439,6.215048938539439,Sedang,Sedang
2024-10-08,us embassy 1,80.96493694707551,Sedang,83.60131500777806,-2.6363780607025404,2.6363780607025404,Sedang,Sedang
2024-10-08,us embassy 2,89.14244518068661,Sedang,96.24805544076138,-7.105610260074769,7.105610260074769,Sedang,Sedang
2024-10-09,bundaran hi,75.375,Sedang,80.47681306403925,-5.1018130640392485,5.1018130640392485,Sedang,Sedang
2024-10-09,jagakarsa,77.125,Sedang,75.40684264762218,1.7181573523778155,1.7181573523778155,Sedang,Sedang
2024-10-09,kebun jeruk,81.25,Sedang,86.897256067342,-5.647256067341999,5.647256067341999,Sedang,Sedang
2024-10-09,kelapa gading,78.0,Sedang,85.00698523963841,-7.006985239638411,7.006985239638411,Sedang,Sedang
2024-10-09,lubang buaya,60.54166666666666,Sedang,64.69836390967139,-4.156697243004729,4.156697243004729,Sedang,Sedang
2024-10-09,us embassy 1,71.68235907147063,Sedang,79.89723147142757,-8.214872399956946,8.214872399956946,Sedang,Sedang
2024-10-09,us embassy 2,82.09535164232108,Sedang,85.10703890056936,-3.011687258248287,3.011687258248287,Sedang,Sedang
2024-10-10,bundaran hi,74.16666666666667,Sedang,80.86369118970624,-6.697024523039573,6.697024523039573,Sedang,Sedang
2024-10-10,jagakarsa,73.5,Sedang,83.75135376104923,-10.25135376104923,10.25135376104923,Sedang,Sedang
2024-10-10,kebun jeruk,70.0,Sedang,83.85651736348451,-13.856517363484514,13.856517363484514,Sedang,Sedang
2024-10-10,kelapa gading,76.08333333333333,Sedang,81.46750704321343,-5.384173709880102,5.384173709880102,Sedang,Sedang
2024-10-10,lubang buaya,84.75,Sedang,71.47467722921573,13.275322770784271,13.275322770784271,Sedang,Sedang
2024-10-10,us embassy 1,79.36632493845859,Sedang,77.66566967077566,1.700655267682933,1.700655267682933,Sedang,Sedang
2024-10-10,us embassy 2,87.58075582541096,Sedang,86.18496353826836,1.3957922871425978,1.3957922871425978,Sedang,Sedang
2024-10-11,bundaran hi,74.0,Sedang,77.74306342672436,-3.743063426724362,3.743063426724362,Sedang,Sedang
2024-10-11,jagakarsa,73.0,Sedang,74.49443700184743,-1.4944370018474302,1.4944370018474302,Sedang,Sedang
2024-10-11,kebun jeruk,69.0,Sedang,68.84465665531077,0.1553433446892285,0.1553433446892285,Sedang,Sedang
2024-10-11,kelapa gading,76.0,Sedang,79.89461905149848,-3.8946190514984806,3.8946190514984806,Sedang,Sedang
2024-10-11,lubang buaya,87.0,Sedang,83.9847285912919,3.0152714087081023,3.0152714087081023,Sedang,Sedang
2024-10-11,us embassy 1,84.10724584975237,Sedang,81.61195598413619,2.4952898656161864,2.4952898656161864,Sedang,Sedang
2024-10-11,us embassy 2,94.8673634430408,Sedang,87.9783360697005,6.889027373340298,6.889027373340298,Sedang,Sedang
2024-10-12,bundaran hi,74.0,Sedang,75.51080507952337,-1.5108050795233652,1.5108050795233652,Sedang,Sedang
2024-10-12,jagakarsa,73.0,Sedang,75.26445677731283,-2.26445677731283,2.26445677731283,Sedang,Sedang
2024-10-12,kebun jeruk,69.0,Sedang,69.5538715611387,-0.5538715611387062,0.5538715611387062,Sedang,Sedang
2024-10-12,kelapa gading,76.0,Sedang,77.12754848145599,-1.1275484814559888,1.1275484814559888,Sedang,Sedang
2024-10-12,lubang buaya,87.0,Sedang,85.92079495036214,1.0792050496378636,1.0792050496378636,Sedang,Sedang
2024-10-12,us embassy 1,72.36260661752598,Sedang,85.57147323684832,-13.208866619322336,13.208866619322336,Sedang,Sedang
2024-10-12,us embassy 2,85.04827541765226,Sedang,89.89738432737845,-4.8491089097261835,4.8491089097261835,Sedang,Sedang
2024-10-13,bundaran hi,74.0,Sedang,74.59152899002859,-0.5915289900285927,0.5915289900285927,Sedang,Sedang
2024-10-13,jagakarsa,73.0,Sedang,73.16004250221722,-0.16004250221722316,0.16004250221722316,Sedang,Sedang
2024-10-13,kebun jeruk,69.0,Sedang,71.38999952421672,-2.3899995242167194,2.3899995242167194,Sedang,Sedang
2024-10-13,kelapa gading,76.0,Sedang,76.36105887187242,-0.3610588718724159,0.3610588718724159,Sedang,Sedang
2024-10-13,lubang buaya,87.0,Sedang,87.61843328914392,-0.6184332891439226,0.6184332891439226,Sedang,Sedang
2024-10-13,us embassy 1,81.1103069305624,Sedang,71.81547762492023,9.294829305642168,9.294829305642168,Sedang,Sedang
2024-10-13,us embassy 2,100.30637520496448,Tidak Sehat,85.43997312143163,14.866402083532847,14.866402083532847,Tidak Sehat,Sedang
2024-10-14,bundaran hi,74.0,Sedang,75.87158023525386,-1.8715802352538589,1.8715802352538589,Sedang,Sedang
2024-10-14,jagakarsa,73.0,Sedang,71.96652290351317,1.033477096486834,1.033477096486834,Sedang,Sedang
2024-10-14,kebun jeruk,69.0,Sedang,71.18613108137967,-2.1861310813796706,2.1861310813796706,Sedang,Sedang
2024-10-14,kelapa gading,76.0,Sedang,77.06192491403532,-1.0619249140353162,1.0619249140353162,Sedang,Sedang
2024-10-14,lubang buaya,87.0,Sedang,85.05733671666478,1.9426632833352215,1.9426632833352215,Sedang,Sedang
2024-10-14,us embassy 1,88.68120557620189,Sedang,80.56869440789359,8.112511168308302,8.112511168308302,Sedang,Sedang
2024-10-14,us embassy 2,108.46671655621192,Tidak Sehat,91.89889890702487,16.56781764918705,16.56781764918705,Tidak Sehat,Sedang
2024-10-15,bundaran hi,74.0,Sedang,75.72459310915606,-1.7245931091560607,1.7245931091560607,Sedang,Sedang
2024-10-15,jagakarsa,73.0,Sedang,72.94883319895185,0.0511668010481543,0.0511668010481543,Sedang,Sedang
2024-10-15,kebun jeruk,69.0,Sedang,74.52957255876021,-5.529572558760208,5.529572558760208,Sedang,Sedang
2024-10-15,kelapa gading,76.0,Sedang,77.71862651862848,-1.7186265186284828,1.7186265186284828,Sedang,Sedang
2024-10-15,lubang buaya,87.0,Sedang,86.7681853088304,0.2318146911696033,0.2318146911696033,Sedang,Sedang
2024-10-15,us embassy 1,70.178920451105,Sedang,86.68496435542791,-16.506043904322908,16.506043904322908,Sedang,Sedang
2024-10-15,us embassy 2,89.7655622775036,Sedang,94.18325681984827,-4.4176945423446625,4.4176945423446625,Sedang,Sedang
2024-10-16,bundaran hi,74.0,Sedang,75.50298725321821,-1.5029872532182083,1.5029872532182083,Sedang,Sedang
2024-10-16,jagakarsa,73.0,Sedang,74.67465058539072,-1.6746505853907223,1.6746505853907223,Sedang,Sedang
2024-10-16,kebun jeruk,69.0,Sedang,72.98164571724178,-3.9816457172417756,3.9816457172417756,Sedang,Sedang
2024-10-16,kelapa gading,76.0,Sedang,77.18994863910162,-1.1899486391016154,1.1899486391016154,Sedang,Sedang
2024-10-16,lubang buaya,87.0,Sedang,87.16362739741842,-0.16362739741842347,0.16362739741842347,Sedang,Sedang
2024-10-16,us embassy 1,35.03623457628555,Baik,76.73544609376671,-41.69921151748116,41.69921151748116,Baik,Sedang
2024-10-16,us embassy 2,102.46151620465425,Tidak Sehat,83.99254774018178,18.468968464472468,18.468968464472468,Tidak Sehat,Sedang
2024-10-17,bundaran hi,74.0,Sedang,75.70946282483082,-1.7094628248308226,1.7094628248308226,Sedang,Sedang
2024-10-17,jagakarsa,73.0,Sedang,74.71489310290525,-1.7148931029052505,1.7148931029052505,Sedang,Sedang
2024-10-17,kebun jeruk,69.0,Sedang,71.87032816090618,-2.8703281609061833,2.8703281609061833,Sedang,Sedang
2024-10-17,kelapa gading,76.0,Sedang,78.06856546493356,-2.068565464933556,2.068565464933556,Sedang,Sedang
2024-10-17,lubang buaya,87.0,Sedang,87.72167725917267,-0.7216772591726652,0.7216772591726652,Sedang,Sedang
2024-10-17,us embassy 1,78.1083427787221,Sedang,58.61954770461206,19.488795074110044,19.488795074110044,Sedang,Sedang
2024-10-17,us embassy 2,80.27779683067591,Sedang,96.43718381967808,-16.159386989002172,16.159386989002172,Sedang,Sedang
2024-10-18,bundaran hi,30.83333333333333,Baik,76.40750167242985,-45.574168339096516,45.574168339096516,Baik,Sedang
2024-10-18,jagakarsa,69.66666666666667,Sedang,76.14961375948403,-6.482947092817355,6.482947092817355,Sedang,Sedang
2024-10-18,kebun jeruk,65.5,Sedang,70.3041742851093,-4.804174285109298,4.804174285109298,Sedang,Sedang
2024-10-18,kelapa gading,78.66666666666667,Sedang,78.58058477792027,0.08608188874640632,0.08608188874640632,Sedang,Sedang
2024-10-18,lubang buaya,68.66666666666667,Sedang,87.91153513566515,-19.244868468998476,19.244868468998476,Sedang,Sedang
2024-10-18,us embassy 1,64.2915013420547,Sedang,81.18680446990257,-16.895303127847868,16.895303127847868,Sedang,Sedang
2024-10-18,us embassy 2,76.63627269929205,Sedang,84.00934923406192,-7.373076534769865,7.373076534769865,Sedang,Sedang
2024-10-19,bundaran hi,0.0,Baik,59.48365837300611,-59.48365837300611,59.48365837300611,Baik,Sedang
2024-10-19,jagakarsa,89.54166666666667,Sedang,74.12190280779406,15.419763858872614,15.419763858872614,Sedang,Sedang
2024-10-19,kebun jeruk,61.583333333333336,Sedang,71.3311986718505,-9.747865338517165,9.747865338517165,Sedang,Sedang
2024-10-19,kelapa gading,95.41666666666669,Sedang,79.6269758477266,15.789690818940088,15.789690818940088,Sedang,Sedang
2024-10-19,lubang buaya,67.875,Sedang,75.3106866360259,-7.435686636025906,7.435686636025906,Sedang,Sedang
2024-10-19,us embassy 1,83.45332598419465,Sedang,71.95750011764314,11.495825866551513,11.495825866551513,Sedang,Sedang
2024-10-19,us embassy 2,28.27786831245959,Baik,81.26092853677608,-52.98306022431649,52.98306022431649,Baik,Sedang
2024-10-20,bundaran hi,74.0,Sedang,30.99548166710995,43.00451833289005,43.00451833289005,Sedang,Baik
2024-10-20,jagakarsa,73.0,Sedang,85.6163591822289,-12.616359182228905,12.616359182228905,Sedang,Sedang
2024-10-20,kebun jeruk,69.0,Sedang,66.5272776562878,2.4727223437122063,2.4727223437122063,Sedang,Sedang
2024-10-20,kelapa gading,76.0,Sedang,86.49712657470477,-10.497126574704765,10.497126574704765,Sedang,Sedang
2024-10-20,lubang buaya,87.0,Sedang,70.13452838097723,16.86547161902277,16.86547161902277,Sedang,Sedang
2024-10-20,us embassy 1,80.40449935969038,Sedang,84.35052679992128,-3.946027440230907,3.946027440230907,Sedang,Sedang
2024-10-20,us embassy 2,67.56262052960768,Sedang,61.87697543195181,5.685645097655872,5.685645097655872,Sedang,Sedang
2024-10-21,bundaran hi,74.0,Sedang,67.96451566061054,6.0354843393894555,6.0354843393894555,Sedang,Sedang
2024-10-21,jagakarsa,73.0,Sedang,71.01303519977665,1.9869648002233475,1.9869648002233475,Sedang,Sedang
2024-10-21,kebun jeruk,69.0,Sedang,61.92989846451954,7.070101535480461,7.070101535480461,Sedang,Sedang
2024-10-21,kelapa gading,76.0,Sedang,78.2246614922809,-2.2246614922809016,2.2246614922809016,Sedang,Sedang
2024-10-21,lubang buaya,87.0,Sedang,84.99405335581561,2.005946644184391,2.005946644184391,Sedang,Sedang
2024-10-21,us embassy 1,59.68042533710069,Sedang,76.53900026044798,-16.85857492334729,16.85857492334729,Sedang,Sedang
2024-10-21,us embassy 2,70.95769027832738,Sedang,70.33453989771947,0.6231503806079104,0.6231503806079104,Sedang,Sedang
2024-10-22,bundaran hi,43.16666666666666,Baik,74.63695426204737,-31.47028759538071,31.47028759538071,Baik,Sedang
2024-10-22,jagakarsa,73.04166666666667,Sedang,76.84358731218055,-3.8019206455138743,3.8019206455138743,Sedang,Sedang
2024-10-22,kebun jeruk,78.91666666666667,Sedang,70.58135946995482,8.335307196711852,8.335307196711852,Sedang,Sedang
2024-10-22,kelapa gading,88.45833333333333,Sedang,80.50049065780267,7.957842675530657,7.957842675530657,Sedang,Sedang
2024-10-22,lubang buaya,80.0,Sedang,85.96496320166851,-5.96496320166851,5.96496320166851,Sedang,Sedang
2024-10-22,us embassy 1,85.86576064789642,Sedang,65.91783374617471,19.947926901721715,19.947926901721715,Sedang,Sedang
2024-10-22,us embassy 2,82.52445475633944,Sedang,80.26094187306258,2.26351288327686,2.26351288327686,Sedang,Sedang
2024-10-23,bundaran hi,0.0,Baik,55.26475679154156,-55.26475679154156,55.26475679154156,Baik,Sedang
2024-10-23,jagakarsa,71.29166666666667,Sedang,74.66640386894484,-3.374737202278169,3.374737202278169,Sedang,Sedang
2024-10-23,kebun jeruk,87.625,Sedang,75.36600026604188,12.25899973395812,12.25899973395812,Sedang,Sedang
2024-10-23,kelapa gading,93.79166666666669,Sedang,87.21999622635772,6.571670440308964,6.571670440308964,Sedang,Sedang
2024-10-23,lubang buaya,59.66666666666666,Sedang,83.80224622378891,-24.135579557122256,24.135579557122256,Sedang,Sedang
2024-10-23,us embassy 1,82.16992488905736,Sedang,86.48476508438905,-4.314840195331698,4.314840195331698,Sedang,Sedang
2024-10-23,us embassy 2,82.85873166202487,Sedang,83.08273211991995,-0.22400045789508738,0.22400045789508738,Sedang,Sedang
2024-10-24,bundaran hi,74.0,Sedang,34.55088131479095,39.44911868520905,39.44911868520905,Sedang,Baik
2024-10-24,jagakarsa,73.0,Sedang,74.47162934965348,-1.4716293496534831,1.4716293496534831,Sedang,Sedang
2024-10-24,kebun jeruk,69.0,Sedang,83.62116414955307,-14.621164149553067,14.621164149553067,Sedang,Sedang
2024-10-24,kelapa gading,76.0,Sedang,87.45282487747532,-11.452824877475322,11.452824877475322,Sedang,Sedang
2024-10-24,lubang buaya,87.0,Sedang,68.75773410466718,18.24226589533282,18.24226589533282,Sedang,Sedang
2024-10-24,us embassy 1,70.69141147146858,Sedang,80.18616049864121,-9.494749027172631,9.494749027172631,Sedang,Sedang
2024-10-24,us embassy 2,74.12978667324823,Sedang,80.7159055028158,-6.5861188295675674,6.5861188295675674,Sedang,Sedang
2024-10-25,bundaran hi,64.75,Sedang,75.15211394614509,-10.402113946145093,10.402113946145093,Sedang,Sedang
2024-10-25,jagakarsa,71.75,Sedang,73.58249113162779,-1.8324911316277905,1.8324911316277905,Sedang,Sedang
2024-10-25,kebun jeruk,70.375,Sedang,68.85683614681497,1.5181638531850297,1.5181638531850297,Sedang,Sedang
2024-10-25,kelapa gading,75.875,Sedang,72.77436296032617,3.1006370396738276,3.1006370396738276,Sedang,Sedang
2024-10-25,lubang buaya,83.0,Sedang,82.44533576435175,0.5546642356482465,0.5546642356482465,Sedang,Sedang
2024-10-25,us embassy 1,71.41998320826673,Sedang,71.70053779810952,-0.2805545898427937,0.2805545898427937,Sedang,Sedang
2024-10-25,us embassy 2,78.51718628476105,Sedang,76.7729436952257,1.7442425895353466,1.7442425895353466,Sedang,Sedang
2024-10-26,bundaran hi,27.75,Baik,66.52566474907798,-38.775664749077976,38.775664749077976,Baik,Sedang
2024-10-26,jagakarsa,67.5,Sedang,71.8056247998462,-4.3056247998462,4.3056247998462,Sedang,Sedang
2024-10-26,kebun jeruk,76.16666666666667,Sedang,68.06372654160538,8.102940125061295,8.102940125061295,Sedang,Sedang
2024-10-26,kelapa gading,75.875,Sedang,75.03138578105887,0.8436142189411271,0.8436142189411271,Sedang,Sedang
2024-10-26,lubang buaya,66.29166666666667,Sedang,78.16177635785891,-11.87010969119224,11.87010969119224,Sedang,Sedang
2024-10-26,us embassy 1,74.46767277090383,Sedang,72.88768584319862,1.5799869277052068,1.5799869277052068,Sedang,Sedang
2024-10-26,us embassy 2,78.59035900798956,Sedang,76.16194580519016,2.4284132027994048,2.4284132027994048,Sedang,Sedang
2024-10-27,bundaran hi,55.5,Sedang,46.30671887000446,9.19328112999554,9.19328112999554,Sedang,Baik
2024-10-27,jagakarsa,73.41666666666667,Sedang,71.2262434861391,2.1904231805275742,2.1904231805275742,Sedang,Sedang
2024-10-27,kebun jeruk,70.83333333333333,Sedang,73.88582185165224,-3.05248851831891,3.05248851831891,Sedang,Sedang
2024-10-27,kelapa gading,76.5,Sedang,77.10665318950238,-0.6066531895023815,0.6066531895023815,Sedang,Sedang
2024-10-27,lubang buaya,79.5,Sedang,74.82643694031447,4.673563059685534,4.673563059685534,Sedang,Sedang
2024-10-27,us embassy 1,67.48748533812945,Sedang,74.72204295480135,-7.234557616671907,7.234557616671907,Sedang,Sedang
2024-10-27,us embassy 2,75.26033926595412,Sedang,78.52962213387252,-3.269282867918406,3.269282867918406,Sedang,Sedang
2024-10-28,bundaran hi,58.583333333333336,Sedang,62.53242322618066,-3.9490898928473257,3.9490898928473257,Sedang,Sedang
2024-10-28,jagakarsa,74.08333333333333,Sedang,77.52709935728237,-3.4437660239490384,3.4437660239490384,Sedang,Sedang
2024-10-28,kebun jeruk,71.08333333333333,Sedang,70.49478811481862,0.5885452185147102,0.5885452185147102,Sedang,Sedang
2024-10-28,kelapa gading,77.66666666666667,Sedang,77.63800880200785,0.02865786465882536,0.02865786465882536,Sedang,Sedang
2024-10-28,lubang buaya,81.5,Sedang,82.30042153614718,-0.8004215361471836,0.8004215361471836,Sedang,Sedang
2024-10-28,us embassy 1,75.02099699288361,Sedang,72.9362650360803,2.08473195680331,2.08473195680331,Sedang,Sedang
2024-10-28,us embassy 2,81.37105602925861,Sedang,75.89461021398998,5.476445815268633,5.476445815268633,Sedang,Sedang
2024-10-29,bundaran hi,58.583333333333336,Sedang,62.542672278442026,-3.9593389451086907,3.9593389451086907,Sedang,Sedang
2024-10-29,jagakarsa,74.45833333333333,Sedang,74.21203639985426,0.24629693347907278,0.24629693347907278,Sedang,Sedang
2024-10-29,kebun jeruk,71.70833333333333,Sedang,72.86636719165763,-1.158033858324302,1.158033858324302,Sedang,Sedang
2024-10-29,kelapa gading,79.54166666666667,Sedang,81.68611747079144,-2.144450804124773,2.144450804124773,Sedang,Sedang
2024-10-29,lubang buaya,82.625,Sedang,82.2479872640135,0.3770127359864972,0.3770127359864972,Sedang,Sedang
2024-10-29,us embassy 1,76.91687558567571,Sedang,77.57711293321802,-0.6602373475423065,0.6602373475423065,Sedang,Sedang
2024-10-29,us embassy 2,77.35723178410262,Sedang,82.53237205344918,-5.1751402693465565,5.1751402693465565,Sedang,Sedang
2024-10-30,bundaran hi,74.0,Sedang,57.53881962956708,16.46118037043292,16.46118037043292,Sedang,Sedang
2024-10-30,jagakarsa,73.0,Sedang,75.30813696698229,-2.308136966982289,2.308136966982289,Sedang,Sedang
2024-10-30,kebun jeruk,69.0,Sedang,73.3640663336544,-4.3640663336544065,4.3640663336544065,Sedang,Sedang
2024-10-30,kelapa gading,76.0,Sedang,82.67896689090067,-6.678966890900668,6.678966890900668,Sedang,Sedang
2024-10-30,lubang buaya,87.0,Sedang,83.64446260540531,3.355537394594691,3.355537394594691,Sedang,Sedang
2024-10-30,us embassy 1,82.79298069900302,Sedang,77.06453897332968,5.728441725673349,5.728441725673349,Sedang,Sedang
2024-10-30,us embassy 2,86.31785589911681,Sedang,82.08003865619375,4.237817242923057,4.237817242923057,Sedang,Sedang
2024-10-31,bundaran hi,74.0,Sedang,76.63828683041802,-2.638286830418025,2.638286830418025,Sedang,Sedang
2024-10-31,jagakarsa,73.0,Sedang,74.67119122783782,-1.6711912278378236,1.6711912278378236,Sedang,Sedang
2024-10-31,kebun jeruk,69.0,Sedang,72.03475782830895,-3.0347578283089547,3.0347578283089547,Sedang,Sedang
2024-10-31,kelapa gading,76.0,Sedang,78.91998024815753,-2.919980248157529,2.919980248157529,Sedang,Sedang
2024-10-31,lubang buaya,87.0,Sedang,89.11206787341611,-2.112067873416109,2.112067873416109,Sedang,Sedang
2024-10-31,us embassy 1,81.92099672269472,Sedang,82.25745113356211,-0.3364544108673897,0.3364544108673897,Sedang,Sedang
2024-10-31,us embassy 2,83.86717320700437,Sedang,88.6920745728732,-4.824901365868826,4.824901365868826,Sedang,Sedang
2024-11-01,bundaran hi,82.33333333333333,Sedang,73.12457948214669,9.208753851186643,9.208753851186643,Sedang,Sedang
2024-11-01,jagakarsa,75.95833333333333,Sedang,73.9267421404361,2.031591192897224,2.031591192897224,Sedang,Sedang
2024-11-01,kebun jeruk,90.625,Sedang,71.17247162013022,19.452528379869776,19.452528379869776,Sedang,Sedang
2024-11-01,kelapa gading,83.70833333333333,Sedang,80.26495891976344,3.4433744135698845,3.4433744135698845,Sedang,Sedang
2024-11-01,lubang buaya,71.16666666666667,Sedang,88.6217801243623,-17.45511345769563,17.45511345769563,Sedang,Sedang
2024-11-01,us embassy 1,84.42652238894239,Sedang,83.07626658500358,1.3502558039388077,1.3502558039388077,Sedang,Sedang
2024-11-01,us embassy 2,88.66606793414165,Sedang,86.9727169943097,1.6933509398319444,1.6933509398319444,Sedang,Sedang
2024-11-02,bundaran hi,86.70833333333333,Sedang,71.30731640463695,15.401016928696379,15.401016928696379,Sedang,Sedang
2024-11-02,jagakarsa,82.33333333333333,Sedang,72.3781676382556,9.955165695077724,9.955165695077724,Sedang,Sedang
2024-11-02,kebun jeruk,97.25,Sedang,83.96827461356817,13.28172538643183,13.28172538643183,Sedang,Sedang
2024-11-02,kelapa gading,90.625,Sedang,84.16766388492542,6.4573361150745825,6.4573361150745825,Sedang,Sedang
2024-11-02,lubang buaya,65.5,Sedang,72.36020061833342,-6.8602006183334225,6.8602006183334225,Sedang,Sedang
2024-11-02,us embassy 1,88.75902762506904,Sedang,86.8658174338184,1.8932101912506312,1.8932101912506312,Sedang,Sedang
2024-11-02,us embassy 2,95.53056930825537,Sedang,85.19470952259793,10.335859785657433,10.335859785657433,Sedang,Sedang
2024-11-03,bundaran hi,72.20833333333333,Sedang,74.87412346421776,-2.6657901308844316,2.6657901308844316,Sedang,Sedang
2024-11-03,jagakarsa,68.0,Sedang,74.54110747417174,-6.5411074741717385,6.5411074741717385,Sedang,Sedang
2024-11-03,kebun jeruk,81.70833333333333,Sedang,77.00938077543783,4.698952557895495,4.698952557895495,Sedang,Sedang
2024-11-03,kelapa gading,69.16666666666667,Sedang,75.76068556126218,-6.594018894595507,6.594018894595507,Sedang,Sedang
2024-11-03,lubang buaya,55.16666666666666,Sedang,70.6543981169972,-15.487731450330543,15.487731450330543,Sedang,Sedang
2024-11-03,us embassy 1,71.44650112516757,Sedang,77.52394382629787,-6.077442701130295,6.077442701130295,Sedang,Sedang
2024-11-03,us embassy 2,78.02237991119466,Sedang,75.13527224854107,2.887107662653591,2.887107662653591,Sedang,Sedang
2024-11-04,bundaran hi,61.958333333333336,Sedang,73.67068020517179,-11.712346871838456,11.712346871838456,Sedang,Sedang
2024-11-04,jagakarsa,59.5,Sedang,70.67482865857744,-11.17482865857744,11.17482865857744,Sedang,Sedang
2024-11-04,kebun jeruk,72.79166666666667,Sedang,77.20857371691187,-4.4169070502452,4.4169070502452,Sedang,Sedang
2024-11-04,kelapa gading,65.95833333333333,Sedang,71.3572345844401,-5.398901251106778,5.398901251106778,Sedang,Sedang
2024-11-04,lubang buaya,48.75,Baik,63.89243501491692,-15.14243501491692,15.14243501491692,Baik,Sedang
2024-11-04,us embassy 1,67.99398561272528,Sedang,74.22153824286572,-6.227552630140437,6.227552630140437,Sedang,Sedang
2024-11-04,us embassy 2,72.26121779188234,Sedang,75.83398365186194,-3.5727658599795973,3.5727658599795973,Sedang,Sedang
2024-11-05,bundaran hi,63.16666666666666,Sedang,70.13853995754813,-6.971873290881476,6.971873290881476,Sedang,Sedang
2024-11-05,jagakarsa,70.58333333333333,Sedang,64.29330033573741,6.290032997595915,6.290032997595915,Sedang,Sedang
2024-11-05,kebun jeruk,78.95833333333333,Sedang,75.81668302583766,3.1416503074956665,3.1416503074956665,Sedang,Sedang
2024-11-05,kelapa gading,68.41666666666667,Sedang,74.06272676621684,-5.646060099550169,5.646060099550169,Sedang,Sedang
2024-11-05,lubang buaya,49.708333333333336,Baik,61.52544428105999,-11.817110947726654,11.817110947726654,Baik,Sedang
2024-11-05,us embassy 1,59.66222344435523,Sedang,73.7925098977158,-14.130286453360576,14.130286453360576,Sedang,Sedang
2024-11-05,us embassy 2,67.62272198684404,Sedang,76.34134122288442,-8.718619236040382,8.718619236040382,Sedang,Sedang
2024-11-06,bundaran hi,60.625,Sedang,66.51003669114286,-5.885036691142858,5.885036691142858,Sedang,Sedang
2024-11-06,jagakarsa,58.25,Sedang,70.37407978899482,-12.12407978899482,12.12407978899482,Sedang,Sedang
2024-11-06,kebun jeruk,79.20833333333333,Sedang,76.37641993657026,2.8319133967630705,2.8319133967630705,Sedang,Sedang
2024-11-06,kelapa gading,66.25,Sedang,73.93790804679439,-7.687908046794391,7.687908046794391,Sedang,Sedang
2024-11-06,lubang buaya,30.375,Baik,58.51034049375909,-28.135340493759088,28.135340493759088,Baik,Sedang
2024-11-06,us embassy 1,62.27258429503251,Sedang,66.72444961321992,-4.451865318187409,4.451865318187409,Sedang,Sedang
2024-11-06,us embassy 2,70.28759686458189,Sedang,72.9485153481033,-2.6609184835214137,2.6609184835214137,Sedang,Sedang
2024-11-07,bundaran hi,76.125,Sedang,70.50213572822912,5.622864271770879,5.622864271770879,Sedang,Sedang
2024-11-07,jagakarsa,68.125,Sedang,65.12659253427607,2.998407465723929,2.998407465723929,Sedang,Sedang
2024-11-07,kebun jeruk,99.29166666666669,Sedang,82.6999009379903,16.591765728676393,16.591765728676393,Sedang,Sedang
2024-11-07,kelapa gading,80.375,Sedang,73.07000531739688,7.304994682603123,7.304994682603123,Sedang,Sedang
2024-11-07,lubang buaya,59.25,Sedang,56.40583189037703,2.84416810962297,2.84416810962297,Sedang,Sedang
2024-11-07,us embassy 1,69.52788768567727,Sedang,72.77362277739577,-3.245735091718501,3.245735091718501,Sedang,Sedang
2024-11-07,us embassy 2,76.39376426382752,Sedang,76.87396313170703,-0.4801988678795084,0.4801988678795084,Sedang,Sedang
2024-11-08,bundaran hi,85.16666666666667,Sedang,76.5656128527781,8.60105381388857,8.60105381388857,Sedang,Sedang
2024-11-08,jagakarsa,83.375,Sedang,74.1569980881422,9.218001911857797,9.218001911857797,Sedang,Sedang
2024-11-08,kebun jeruk,110.125,Tidak Sehat,93.65191819437773,16.47308180562227,16.47308180562227,Tidak Sehat,Sedang
2024-11-08,kelapa gading,91.75,Sedang,82.32641857955073,9.423581420449267,9.423581420449267,Sedang,Sedang
2024-11-08,lubang buaya,61.625,Sedang,64.30786633228644,-2.6828663322864372,2.6828663322864372,Sedang,Sedang
2024-11-08,us embassy 1,86.48317917417315,Sedang,74.52366957557656,11.959509598596583,11.959509598596583,Sedang,Sedang
2024-11-08,us embassy 2,93.4502978368069,Sedang,78.29758805897478,15.152709777832115,15.152709777832115,Sedang,Sedang
2024-11-09,bundaran hi,94.45833333333331,Sedang,83.63762101687605,10.82071231645726,10.82071231645726,Sedang,Sedang
2024-11-09,jagakarsa,79.0,Sedang,81.17599975225181,-2.175999752251812,2.175999752251812,Sedang,Sedang
2024-11-09,kebun jeruk,34.166666666666664,Baik,95.43557519204649,-61.26890852537982,61.26890852537982,Baik,Sedang
2024-11-09,kelapa gading,95.70833333333331,Sedang,88.91580303779125,6.792530295542065,6.792530295542065,Sedang,Sedang
2024-11-09,lubang buaya,65.75,Sedang,66.3648437988388,-0.6148437988388054,0.6148437988388054,Sedang,Sedang
2024-11-09,us embassy 1,95.33494161342468,Sedang,88.14170744590508,7.193234167519591,7.193234167519591,Sedang,Sedang
2024-11-09,us embassy 2,95.0816639427952,Sedang,91.71468020797863,3.3669837348165714,3.3669837348165714,Sedang,Sedang
2024-11-10,bundaran hi,74.0,Sedang,87.51946723334162,-13.519467233341615,13.519467233341615,Sedang,Sedang
2024-11-10,jagakarsa,73.0,Sedang,74.6394280377257,-1.6394280377256933,1.6394280377256933,Sedang,Sedang
2024-11-10,kebun jeruk,69.0,Sedang,61.903747147966854,7.096252852033146,7.096252852033146,Sedang,Sedang
2024-11-10,kelapa gading,76.0,Sedang,87.48982713636647,-11.489827136366472,11.489827136366472,Sedang,Sedang
2024-11-10,lubang buaya,87.0,Sedang,67.937289372772,19.062710627228,19.062710627228,Sedang,Sedang
2024-11-10,us embassy 1,82.68394871732917,Sedang,90.32258096992032,-7.638632252591151,7.638632252591151,Sedang,Sedang
2024-11-10,us embassy 2,80.39279326781951,Sedang,85.8849761593426,-5.492182891523086,5.492182891523086,Sedang,Sedang
2024-11-11,bundaran hi,74.0,Sedang,70.76560710513242,3.2343928948675824,3.2343928948675824,Sedang,Sedang
2024-11-11,jagakarsa,73.0,Sedang,68.94743056162606,4.052569438373936,4.052569438373936,Sedang,Sedang
2024-11-11,kebun jeruk,69.0,Sedang,69.99154869240576,-0.9915486924057575,0.9915486924057575,Sedang,Sedang
2024-11-11,kelapa gading,76.0,Sedang,74.30518844174779,1.694811558252212,1.694811558252212,Sedang,Sedang
2024-11-11,lubang buaya,87.0,Sedang,78.24847913613122,8.751520863868777,8.751520863868777,Sedang,Sedang
2024-11-11,us embassy 1,72.43933608467638,Sedang,79.01671847545042,-6.577382390774034,6.577382390774034,Sedang,Sedang
2024-11-11,us embassy 2,78.44597112436325,Sedang,76.8496893803254,1.596281744037853,1.596281744037853,Sedang,Sedang
2024-11-12,bundaran hi,63.54166666666666,Sedang,72.74630046580795,-9.204633799141291,9.204633799141291,Sedang,Sedang
2024-11-12,jagakarsa,63.083333333333336,Sedang,71.01082989383787,-7.9274965605045296,7.9274965605045296,Sedang,Sedang
2024-11-12,kebun jeruk,67.25,Sedang,68.70584163108028,-1.4558416310802755,1.4558416310802755,Sedang,Sedang
2024-11-12,kelapa gading,67.45833333333333,Sedang,75.50909725176822,-8.050763918434896,8.050763918434896,Sedang,Sedang
2024-11-12,lubang buaya,63.958333333333336,Sedang,76.96276359129116,-13.004430257957829,13.004430257957829,Sedang,Sedang
2024-11-12,us embassy 1,47.81884008456076,Baik,73.07429546245929,-25.255455377898528,25.255455377898528,Baik,Sedang
2024-11-12,us embassy 2,66.18585315431179,Sedang,77.91537163095471,-11.729518476642923,11.729518476642923,Sedang,Sedang
2024-11-13,bundaran hi,69.58333333333333,Sedang,71.05197569133283,-1.4686423579994994,1.4686423579994994,Sedang,Sedang
2024-11-13,jagakarsa,70.33333333333333,Sedang,70.02510253706014,0.30823079627319316,0.30823079627319316,Sedang,Sedang
2024-11-13,kebun jeruk,101.5,Tidak Sehat,73.53660805378597,27.96339194621403,27.96339194621403,Tidak Sehat,Sedang
2024-11-13,kelapa gading,77.125,Sedang,74.01321354556157,3.1117864544384304,3.1117864544384304,Sedang,Sedang
2024-11-13,lubang buaya,58.25,Sedang,72.83216377544902,-14.582163775449018,14.582163775449018,Sedang,Sedang
2024-11-13,us embassy 1,69.54086093501735,Sedang,63.26993731334996,6.270923621667386,6.270923621667386,Sedang,Sedang
2024-11-13,us embassy 2,73.72430476405424,Sedang,74.95281316230638,-1.2285083982521456,1.2285083982521456,Sedang,Sedang
2024-11-14,bundaran hi,93.25,Sedang,74.8593107808011,18.390689219198904,18.390689219198904,Sedang,Sedang
2024-11-14,jagakarsa,97.625,Sedang,73.53546490373793,24.08953509626207,24.08953509626207,Sedang,Sedang
2024-11-14,kebun jeruk,119.41666666666669,Tidak Sehat,93.97200455698801,25.444662109678674,25.444662109678674,Tidak Sehat,Sedang
2024-11-14,kelapa gading,95.25,Sedang,79.71392447463454,15.536075525365462,15.536075525365462,Sedang,Sedang
2024-11-14,lubang buaya,63.04166666666666,Sedang,60.11792462951073,2.9237420371559253,2.9237420371559253,Sedang,Sedang
2024-11-14,us embassy 1,69.54086093501735,Sedang,74.22908201300915,-4.688221077991798,4.688221077991798,Sedang,Sedang
2024-11-14,us embassy 2,92.47660643677756,Sedang,79.69070385584183,12.785902580935726,12.785902580935726,Sedang,Sedang
2024-11-15,bundaran hi,103.25,Tidak Sehat,93.09754601532701,10.152453984672988,10.152453984672988,Tidak Sehat,Sedang
2024-11-15,jagakarsa,101.08333333333331,Tidak Sehat,89.41713643535792,11.666196897975396,11.666196897975396,Tidak Sehat,Sedang
2024-11-15,kebun jeruk,135.79166666666666,Tidak Sehat,105.98999193071211,29.80167473595455,29.80167473595455,Tidak Sehat,Tidak Sehat
2024-11-15,kelapa gading,111.58333333333331,Tidak Sehat,92.23336912630653,19.349964207026787,19.349964207026787,Tidak Sehat,Sedang
2024-11-15,lubang buaya,64.16666666666667,Sedang,61.939240926504844,2.227425740161827,2.227425740161827,Sedang,Sedang
2024-11-15,us embassy 1,69.54086093501735,Sedang,73.9458556602909,-4.4049947252735535,4.4049947252735535,Sedang,Sedang
2024-11-15,us embassy 2,98.4121303544052,Sedang,91.20059214518493,7.211538209220279,7.211538209220279,Sedang,Sedang
2024-11-16,bundaran hi,107.75,Tidak Sehat,93.21298766924598,14.537012330754024,14.537012330754024,Tidak Sehat,Sedang
2024-11-16,jagakarsa,88.75,Sedang,85.83283532422313,2.917164675776874,2.917164675776874,Sedang,Sedang
2024-11-16,kebun jeruk,141.83333333333334,Tidak Sehat,91.1682322905998,50.66510104273354,50.66510104273354,Tidak Sehat,Sedang
2024-11-16,kelapa gading,113.45833333333331,Tidak Sehat,98.64082751059308,14.81750582274023,14.81750582274023,Tidak Sehat,Sedang
2024-11-16,lubang buaya,58.0,Sedang,63.806565775744176,-5.8065657757441755,5.8065657757441755,Sedang,Sedang
2024-11-16,us embassy 1,69.54086093501735,Sedang,72.54994977622351,-3.0090888412061645,3.0090888412061645,Sedang,Sedang
2024-11-16,us embassy 2,72.72944948638713,Sedang,84.78170027140044,-12.052250785013314,12.052250785013314,Sedang,Sedang
2024-11-17,bundaran hi,114.625,Tidak Sehat,93.70992188316261,20.915078116837392,20.915078116837392,Tidak Sehat,Sedang
2024-11-17,jagakarsa,87.70833333333333,Sedang,83.71820413326878,3.990129200064544,3.990129200064544,Sedang,Sedang
2024-11-17,kebun jeruk,152.58333333333334,Tidak Sehat,96.39545441616232,56.18787891717102,56.18787891717102,Tidak Sehat,Sedang
2024-11-17,kelapa gading,129.875,Tidak Sehat,94.45243185616582,35.422568143834184,35.422568143834184,Tidak Sehat,Sedang
2024-11-17,lubang buaya,59.41666666666666,Sedang,64.4617521246884,-5.045085458021745,5.045085458021745,Sedang,Sedang
2024-11-17,us embassy 1,69.54086093501735,Sedang,65.12816806974831,4.412692865269037,4.412692865269037,Sedang,Sedang
2024-11-17,us embassy 2,129.9363013258792,Tidak Sehat,70.8486915214641,59.08760980441511,59.08760980441511,Tidak Sehat,Sedang
2024-11-18,bundaran hi,78.25,Sedang,92.28827145694575,-14.03827145694575,14.03827145694575,Sedang,Sedang
2024-11-18,jagakarsa,63.708333333333336,Sedang,84.2925584321964,-20.584225098863065,20.584225098863065,Sedang,Sedang
2024-11-18,kebun jeruk,101.66666666666669,Tidak Sehat,118.81623755984597,-17.149570893179288,17.149570893179288,Tidak Sehat,Tidak Sehat
2024-11-18,kelapa gading,81.375,Sedang,99.55404664121025,-18.17904664121025,18.17904664121025,Sedang,Sedang
2024-11-18,lubang buaya,45.25,Baik,60.1518314145265,-14.901831414526498,14.901831414526498,Baik,Sedang
2024-11-18,us embassy 1,69.54086093501735,Sedang,66.638939515177,2.901921419840349,2.901921419840349,Sedang,Sedang
2024-11-18,us embassy 2,103.57722785574266,Tidak Sehat,104.67012373181258,-1.0928958760699174,1.0928958760699174,Tidak Sehat,Tidak Sehat
2024-11-19,bundaran hi,61.29166666666666,Sedang,75.80520225225779,-14.513535585591129,14.513535585591129,Sedang,Sedang
2024-11-19,jagakarsa,57.083333333333336,Sedang,70.96050617281202,-13.877172839478682,13.877172839478682,Sedang,Sedang
2024-11-19,kebun jeruk,72.08333333333333,Sedang,101.19873207977206,-29.11539874643873,29.11539874643873,Sedang,Tidak Sehat
2024-11-19,kelapa gading,66.75,Sedang,80.88409311918879,-14.13409311918879,14.13409311918879,Sedang,Sedang
2024-11-19,lubang buaya,49.625,Baik,54.3131603024027,-4.6881603024027,4.6881603024027,Baik,Sedang
2024-11-19,us embassy 1,69.54086093501735,Sedang,71.39618003183976,-1.855319096822413,1.855319096822413,Sedang,Sedang
2024-11-19,us embassy 2,79.42981557305818,Sedang,93.26268681780714,-13.832871244748958,13.832871244748958,Sedang,Sedang
2024-11-20,bundaran hi,62.25,Sedang,76.15500881141844,-13.90500881141844,13.90500881141844,Sedang,Sedang
2024-11-20,jagakarsa,52.5,Sedang,66.17668613051947,-13.676686130519471,13.676686130519471,Sedang,Sedang
2024-11-20,kebun jeruk,52.91666666666666,Sedang,82.36181209587171,-29.445145429205056,29.445145429205056,Sedang,Sedang
2024-11-20,kelapa gading,70.20833333333333,Sedang,76.9075634635421,-6.699230130208775,6.699230130208775,Sedang,Sedang
2024-11-20,lubang buaya,47.583333333333336,Baik,51.61537168793217,-4.032038354598832,4.032038354598832,Baik,Sedang
2024-11-20,us embassy 1,58.07065127545904,Sedang,67.0585464001841,-8.987895124725057,8.987895124725057,Sedang,Sedang
2024-11-20,us embassy 2,76.63627269929205,Sedang,80.10703330510287,-3.470760605810824,3.470760605810824,Sedang,Sedang
2024-11-21,bundaran hi,74.0,Sedang,73.8572130984652,0.1427869015348051,0.1427869015348051,Sedang,Sedang
2024-11-21,jagakarsa,73.0,Sedang,66.67115240842888,6.328847591571119,6.328847591571119,Sedang,Sedang
2024-11-21,kebun jeruk,69.0,Sedang,81.45654622620778,-12.456546226207777,12.456546226207777,Sedang,Sedang
2024-11-21,kelapa gading,76.0,Sedang,69.61746969133104,6.3825303086689615,6.3825303086689615,Sedang,Sedang
2024-11-21,lubang buaya,87.0,Sedang,55.61524849264506,31.38475150735494,31.38475150735494,Sedang,Sedang
2024-11-21,us embassy 1,68.54355384813114,Sedang,65.688302621546,2.855251226585139,2.855251226585139,Sedang,Sedang
2024-11-21,us embassy 2,76.63627269929205,Sedang,80.53069672092262,-3.89442402163057,3.89442402163057,Sedang,Sedang
2024-11-22,bundaran hi,68.83333333333333,Sedang,79.38858183776597,-10.55524850443264,10.55524850443264,Sedang,Sedang
2024-11-22,jagakarsa,71.5,Sedang,74.94687407682747,-3.44687407682747,3.44687407682747,Sedang,Sedang
2024-11-22,kebun jeruk,57.5,Sedang,74.53346006724556,-17.033460067245557,17.033460067245557,Sedang,Sedang
2024-11-22,kelapa gading,72.0,Sedang,74.02263105625036,-2.0226310562503613,2.0226310562503613,Sedang,Sedang
2024-11-22,lubang buaya,80.66666666666667,Sedang,76.13354488003888,4.533121786627788,4.533121786627788,Sedang,Sedang
2024-11-22,us embassy 1,58.13697149513186,Sedang,71.4796911803499,-13.342719685218043,13.342719685218043,Sedang,Sedang
2024-11-22,us embassy 2,44.7654589582281,Baik,78.16069740757759,-33.395238449349485,33.395238449349485,Baik,Sedang
2024-11-23,bundaran hi,51.208333333333336,Sedang,68.74318406827335,-17.534850734940015,17.534850734940015,Sedang,Sedang
2024-11-23,jagakarsa,62.708333333333336,Sedang,69.70457085116008,-6.996237517826749,6.996237517826749,Sedang,Sedang
2024-11-23,kebun jeruk,0.0,Baik,66.69905463002382,-66.69905463002382,66.69905463002382,Baik,Sedang
2024-11-23,kelapa gading,55.5,Sedang,71.32477556126253,-15.824775561262527,15.824775561262527,Sedang,Sedang
2024-11-23,lubang buaya,51.91666666666666,Sedang,76.73523301895197,-24.818566352285316,24.818566352285316,Sedang,Sedang
2024-11-23,us embassy 1,51.38231889720473,Sedang,60.39932960494969,-9.017010707744959,9.017010707744959,Sedang,Sedang
2024-11-23,us embassy 2,55.49914393441773,Sedang,65.50246225084315,-10.003318316425421,10.003318316425421,Sedang,Sedang
2024-11-24,bundaran hi,51.958333333333336,Sedang,58.52866149331623,-6.570328159982893,6.570328159982893,Sedang,Sedang
2024-11-24,jagakarsa,56.375,Sedang,64.2331657540507,-7.858165754050702,7.858165754050702,Sedang,Sedang
2024-11-24,kebun jeruk,0.0,Baik,52.716180016111174,-52.716180016111174,52.716180016111174,Baik,Sedang
2024-11-24,kelapa gading,51.708333333333336,Sedang,62.60813287225856,-10.899799538925222,10.899799538925222,Sedang,Sedang
2024-11-24,lubang buaya,42.5,Baik,59.3740163592143,-16.874016359214302,16.874016359214302,Baik,Sedang
2024-11-24,us embassy 1,53.27101981561153,Sedang,52.83553309168896,0.4354867239225726,0.4354867239225726,Sedang,Sedang
2024-11-24,us embassy 2,56.48985031906472,Sedang,62.32194872761982,-5.8320984085550975,5.8320984085550975,Sedang,Sedang
2024-11-25,bundaran hi,42.958333333333336,Baik,60.02734248228834,-17.069009148955004,17.069009148955004,Baik,Sedang
2024-11-25,jagakarsa,52.0,Sedang,59.27398230326044,-7.273982303260439,7.273982303260439,Sedang,Sedang
2024-11-25,kebun jeruk,0.0,Baik,37.684856481343374,-37.684856481343374,37.684856481343374,Baik,Baik
2024-11-25,kelapa gading,47.708333333333336,Baik,62.22565564549907,-14.517322312165732,14.517322312165732,Baik,Sedang
2024-11-25,lubang buaya,30.33333333333333,Baik,49.8324044772925,-19.49907114395917,19.49907114395917,Baik,Baik
2024-11-25,us embassy 1,45.04427419637042,Baik,55.311755725056216,-10.2674815286858,10.2674815286858,Baik,Sedang
2024-11-25,us embassy 2,54.96798078388829,Sedang,64.1080010304306,-9.140020246542313,9.140020246542313,Sedang,Sedang
2024-11-26,bundaran hi,53.125,Sedang,49.575760256959875,3.5492397430401255,3.5492397430401255,Sedang,Baik
2024-11-26,jagakarsa,59.0,Sedang,55.08054684045045,3.9194531595495476,3.9194531595495476,Sedang,Sedang
2024-11-26,kebun jeruk,45.958333333333336,Baik,24.72466160145946,21.233671731873876,21.233671731873876,Baik,Baik
2024-11-26,kelapa gading,60.333333333333336,Sedang,55.266935618230036,5.0663977151032995,5.0663977151032995,Sedang,Sedang
2024-11-26,lubang buaya,49.41666666666666,Baik,42.10821380339039,7.3084528632762655,7.3084528632762655,Baik,Baik
2024-11-26,us embassy 1,66.23333396330146,Sedang,46.34282372190709,19.890510241394374,19.890510241394374,Sedang,Baik
2024-11-26,us embassy 2,56.09416495719432,Sedang,53.30124699638948,2.792917960804843,2.792917960804843,Sedang,Sedang
2024-11-27,bundaran hi,9.75,Baik,62.0721336260065,-52.3221336260065,52.3221336260065,Baik,Sedang
2024-11-27,jagakarsa,63.41666666666666,Sedang,64.37946626180735,-0.9627995951406945,0.9627995951406945,Sedang,Sedang
2024-11-27,kebun jeruk,56.5,Sedang,55.283507062961455,1.216492937038545,1.216492937038545,Sedang,Sedang
2024-11-27,kelapa gading,61.083333333333336,Sedang,70.36476243677825,-9.281429103444914,9.281429103444914,Sedang,Sedang
2024-11-27,lubang buaya,46.333333333333336,Baik,60.17499792906797,-13.841664595734635,13.841664595734635,Baik,Sedang
2024-11-27,us embassy 1,63.72965932371324,Sedang,66.58024467365043,-2.850585349937184,2.850585349937184,Sedang,Sedang
2024-11-27,us embassy 2,68.59229497853643,Sedang,64.28069063910166,4.311604339434766,4.311604339434766,Sedang,Sedang
2024-11-28,bundaran hi,42.41666666666666,Baik,45.52378128082305,-3.1071146141563943,3.1071146141563943,Baik,Baik
2024-11-28,jagakarsa,7.375,Baik,68.00908249124471,-60.63408249124471,60.63408249124471,Baik,Sedang
2024-11-28,kebun jeruk,41.208333333333336,Baik,62.31608054228659,-21.107747208953256,21.107747208953256,Baik,Sedang
2024-11-28,kelapa gading,45.958333333333336,Baik,66.11298282710601,-20.154649493772673,20.154649493772673,Baik,Sedang
2024-11-28,lubang buaya,26.166666666666668,Baik,53.64359954632108,-27.47693287965441,27.47693287965441,Baik,Sedang
2024-11-28,us embassy 1,51.95907735361098,Sedang,64.94349401072394,-12.98441665711296,12.98441665711296,Sedang,Sedang
2024-11-28,us embassy 2,53.59437207443306,Sedang,69.29686845107852,-15.702496376645463,15.702496376645463,Sedang,Sedang
2024-11-29,bundaran hi,37.5,Baik,55.845184881507606,-18.345184881507606,18.345184881507606,Baik,Sedang
2024-11-29,jagakarsa,37.083333333333336,Baik,44.709391134735036,-7.6260578014017,7.6260578014017,Baik,Baik
2024-11-29,kebun jeruk,42.25,Baik,49.88255353181913,-7.632553531819127,7.632553531819127,Baik,Baik
2024-11-29,kelapa gading,53.54166666666666,Sedang,54.17784241224662,-0.6361757455799619,0.6361757455799619,Sedang,Sedang
2024-11-29,lubang buaya,29.0,Baik,38.76116846627473,-9.761168466274732,9.761168466274732,Baik,Baik
2024-11-29,us embassy 1,46.98499978111273,Baik,56.46052195525703,-9.475522174144302,9.475522174144302,Baik,Sedang
2024-11-29,us embassy 2,49.51602708158536,Baik,56.68099123558701,-7.164964154001652,7.164964154001652,Baik,Sedang
2024-11-30,bundaran hi,38.66666666666666,Baik,45.14242013620641,-6.475753469539754,6.475753469539754,Baik,Baik
2024-11-30,jagakarsa,65.41666666666667,Sedang,48.08674530950281,17.32992135716386,17.32992135716386,Sedang,Baik
2024-11-30,kebun jeruk,25.20833333333333,Baik,43.216229687379176,-18.007896354045847,18.007896354045847,Baik,Baik
2024-11-30,kelapa gading,40.125,Baik,53.74089861448186,-13.615898614481857,13.615898614481857,Baik,Sedang
2024-11-30,lubang buaya,32.5,Baik,40.66198695747093,-8.16198695747093,8.16198695747093,Baik,Baik
2024-11-30,us embassy 1,34.67687946867621,Baik,50.76979325120131,-16.092913782525095,16.092913782525095,Baik,Sedang
2024-11-30,us embassy 2,41.26694784313498,Baik,53.564660491518865,-12.297712648383886,12.297712648383886,Baik,Sedang
2024-12-01,bundaran hi,39.458333333333336,Baik,52.54154236548744,-13.083209032154102,13.083209032154102,Baik,Sedang
2024-12-01,jagakarsa,66.58333333333333,Sedang,62.05710539697507,4.526227936358261,4.526227936358261,Sedang,Sedang
2024-12-01,kebun jeruk,25.916666666666668,Baik,41.00503157676648,-15.08836491009981,15.08836491009981,Baik,Baik
2024-12-01,kelapa gading,39.625,Baik,53.33933914780407,-13.714339147804068,13.714339147804068,Baik,Sedang
2024-12-01,lubang buaya,30.791666666666668,Baik,46.36031707003694,-15.568650403370274,15.568650403370274,Baik,Baik
2024-12-01,us embassy 1,42.12500029242474,Baik,45.71723816919904,-3.5922378767743055,3.5922378767743055,Baik,Baik
2024-12-01,us embassy 2,45.48236309896023,Baik,52.92934594880942,-7.446982849849192,7.446982849849192,Baik,Sedang
2024-12-02,bundaran hi,27.08333333333333,Baik,41.30181856619016,-14.218485232856828,14.218485232856828,Baik,Baik
2024-12-02,jagakarsa,51.708333333333336,Sedang,54.34760410274409,-2.639270769410757,2.639270769410757,Sedang,Sedang
2024-12-02,kebun jeruk,22.20833333333333,Baik,32.12116753414528,-9.91283420081195,9.91283420081195,Baik,Baik
2024-12-02,kelapa gading,30.70833333333333,Baik,42.62581004100232,-11.917476707668989,11.917476707668989,Baik,Baik
2024-12-02,lubang buaya,18.916666666666668,Baik,39.029528763167114,-20.112862096500447,20.112862096500447,Baik,Baik
2024-12-02,us embassy 1,29.12695922022424,Baik,42.85583151870911,-13.72887229848487,13.72887229848487,Baik,Baik
2024-12-02,us embassy 2,31.8612852617954,Baik,45.265965034090044,-13.404679772294646,13.404679772294646,Baik,Baik
2024-12-03,bundaran hi,17.166666666666668,Baik,35.384350034486715,-18.217683367820047,18.217683367820047,Baik,Baik
2024-12-03,jagakarsa,32.083333333333336,Baik,47.59161400066352,-15.508280667330183,15.508280667330183,Baik,Baik
2024-12-03,kebun jeruk,20.70833333333333,Baik,29.24511125457004,-8.536777921236713,8.536777921236713,Baik,Baik
2024-12-03,kelapa gading,22.95833333333333,Baik,41.445826159304204,-18.487492825970875,18.487492825970875,Baik,Baik
2024-12-03,lubang buaya,14.625,Baik,27.01171882953399,-12.38671882953399,12.38671882953399,Baik,Baik
2024-12-03,us embassy 1,19.28480478939688,Baik,42.7522236778884,-23.467418888491522,23.467418888491522,Baik,Baik
2024-12-03,us embassy 2,26.315913000566496,Baik,42.56244932396332,-16.246536323396825,16.246536323396825,Baik,Baik
2024-12-04,bundaran hi,74.0,Sedang,28.06093278444272,45.93906721555728,45.93906721555728,Sedang,Baik
2024-12-04,jagakarsa,73.0,Sedang,43.82490132166189,29.17509867833811,29.17509867833811,Sedang,Baik
2024-12-04,kebun jeruk,69.0,Sedang,28.12756416457746,40.872435835422536,40.872435835422536,Sedang,Baik
2024-12-04,kelapa gading,76.0,Sedang,32.292591139782914,43.707408860217086,43.707408860217086,Sedang,Baik
2024-12-04,lubang buaya,87.0,Sedang,25.505481830842996,61.494518169157004,61.494518169157004,Sedang,Baik
2024-12-04,us embassy 1,24.269766781204407,Baik,31.19357847905501,-6.923811697850603,6.923811697850603,Baik,Baik
2024-12-04,us embassy 2,28.001637755280218,Baik,35.64397904278136,-7.642341287501143,7.642341287501143,Baik,Baik
2024-12-05,bundaran hi,74.0,Sedang,61.452138190737884,12.547861809262116,12.547861809262116,Sedang,Sedang
2024-12-05,jagakarsa,73.0,Sedang,60.848254008325,12.151745991675,12.151745991675,Sedang,Sedang
2024-12-05,kebun jeruk,69.0,Sedang,52.65385901868387,16.346140981316132,16.346140981316132,Sedang,Sedang
2024-12-05,kelapa gading,76.0,Sedang,60.82906227411292,15.170937725887079,15.170937725887079,Sedang,Sedang
2024-12-05,lubang buaya,87.0,Sedang,64.08062377639563,22.919376223604374,22.919376223604374,Sedang,Sedang
2024-12-05,us embassy 1,26.71264052131873,Baik,31.022763880269196,-4.310123358950467,4.310123358950467,Baik,Baik
2024-12-05,us embassy 2,28.86768664895438,Baik,41.94732978541165,-13.079643136457268,13.079643136457268,Baik,Baik
2024-12-06,bundaran hi,74.0,Sedang,62.549640049862134,11.450359950137866,11.450359950137866,Sedang,Sedang
2024-12-06,jagakarsa,73.0,Sedang,62.8127094222738,10.187290577726202,10.187290577726202,Sedang,Sedang
2024-12-06,kebun jeruk,69.0,Sedang,57.017124779493344,11.982875220506656,11.982875220506656,Sedang,Sedang
2024-12-06,kelapa gading,76.0,Sedang,63.27593823489379,12.724061765106207,12.724061765106207,Sedang,Sedang
2024-12-06,lubang buaya,87.0,Sedang,66.59297751133455,20.407022488665447,20.407022488665447,Sedang,Sedang
2024-12-06,us embassy 1,41.33638887363726,Baik,34.18429267725847,7.152096196378793,7.152096196378793,Baik,Baik
2024-12-06,us embassy 2,40.76417291437642,Baik,41.08907291569563,-0.3249000013192145,0.3249000013192145,Baik,Baik
2024-12-07,bundaran hi,74.0,Sedang,69.03333205261094,4.966667947389055,4.966667947389055,Sedang,Sedang
2024-12-07,jagakarsa,73.0,Sedang,70.03535729242437,2.964642707575635,2.964642707575635,Sedang,Sedang
2024-12-07,kebun jeruk,69.0,Sedang,59.13374824722665,9.866251752773351,9.866251752773351,Sedang,Sedang
2024-12-07,kelapa gading,76.0,Sedang,71.04134534321614,4.958654656783864,4.958654656783864,Sedang,Sedang
2024-12-07,lubang buaya,87.0,Sedang,73.42477757396058,13.575222426039417,13.575222426039417,Sedang,Sedang
2024-12-07,us embassy 1,70.69837491897955,Sedang,49.62233704303555,21.076037875944003,21.076037875944003,Sedang,Baik
2024-12-07,us embassy 2,75.60095866714967,Sedang,51.12928358875738,24.471675078392288,24.471675078392288,Sedang,Sedang
2024-12-08,bundaran hi,74.0,Sedang,71.6085774652408,2.391422534759201,2.391422534759201,Sedang,Sedang
2024-12-08,jagakarsa,73.0,Sedang,70.85387313863882,2.146126861361182,2.146126861361182,Sedang,Sedang
2024-12-08,kebun jeruk,69.0,Sedang,64.08212903523196,4.917870964768042,4.917870964768042,Sedang,Sedang
2024-12-08,kelapa gading,76.0,Sedang,71.63922110569537,4.36077889430463,4.36077889430463,Sedang,Sedang
2024-12-08,lubang buaya,87.0,Sedang,73.7252066348525,13.274793365147502,13.274793365147502,Sedang,Sedang
2024-12-08,us embassy 1,77.62320736869196,Sedang,68.4378260211613,9.185381347530665,9.185381347530665,Sedang,Sedang
2024-12-08,us embassy 2,78.79175308420555,Sedang,70.95963168696794,7.832121397237614,7.832121397237614,Sedang,Sedang
2024-12-09,bundaran hi,74.0,Sedang,67.10340663589871,6.896593364101292,6.896593364101292,Sedang,Sedang
2024-12-09,jagakarsa,73.0,Sedang,64.87269714330895,8.127302856691045,8.127302856691045,Sedang,Sedang
2024-12-09,kebun jeruk,69.0,Sedang,52.03905854796083,16.960941452039172,16.960941452039172,Sedang,Sedang
2024-12-09,kelapa gading,76.0,Sedang,68.60292308974576,7.397076910254242,7.397076910254242,Sedang,Sedang
2024-12-09,lubang buaya,87.0,Sedang,70.70279369328155,16.29720630671845,16.29720630671845,Sedang,Sedang
2024-12-09,us embassy 1,56.82887903896114,Sedang,63.89835042747015,-7.069471388509008,7.069471388509008,Sedang,Sedang
2024-12-09,us embassy 2,59.98046922809894,Sedang,64.69669634173519,-4.716227113636251,4.716227113636251,Sedang,Sedang
2024-12-10,bundaran hi,44.75,Baik,69.6431463226602,-24.8931463226602,24.8931463226602,Baik,Sedang
2024-12-10,jagakarsa,59.833333333333336,Sedang,68.2146300828167,-8.381296749483361,8.381296749483361,Sedang,Sedang
2024-12-10,kebun jeruk,50.66666666666666,Sedang,60.26158722516109,-9.59492055849443,9.59492055849443,Sedang,Sedang
2024-12-10,kelapa gading,51.333333333333336,Sedang,70.57872186985396,-19.24538853652063,19.24538853652063,Sedang,Sedang
2024-12-10,lubang buaya,44.79166666666666,Baik,77.09221455375054,-32.30054788708388,32.30054788708388,Baik,Sedang
2024-12-10,us embassy 1,55.89876975053051,Sedang,53.90812584204906,1.9906439084814522,1.9906439084814522,Sedang,Sedang
2024-12-10,us embassy 2,59.78057407584788,Sedang,55.65072395772677,4.129850118121112,4.129850118121112,Sedang,Sedang
2024-12-11,bundaran hi,10.041666666666666,Baik,40.889626371656504,-30.84795970498984,30.84795970498984,Baik,Baik
2024-12-11,jagakarsa,15.041666666666666,Baik,56.36507047832336,-41.323403811656696,41.323403811656696,Baik,Sedang
2024-12-11,kebun jeruk,20.45833333333333,Baik,50.448562965632,-29.99022963229867,29.99022963229867,Baik,Sedang
2024-12-11,kelapa gading,16.416666666666668,Baik,52.018801820917545,-35.602135154250874,35.602135154250874,Baik,Sedang
2024-12-11,lubang buaya,9.916666666666666,Baik,47.16222682641726,-37.245560159750596,37.245560159750596,Baik,Baik
2024-12-11,us embassy 1,28.9056944985455,Baik,50.788747949681095,-21.883053451135595,21.883053451135595,Baik,Sedang
2024-12-11,us embassy 2,30.82767849719534,Baik,53.001534518900165,-22.173856021704825,22.173856021704825,Baik,Sedang
2024-12-12,bundaran hi,30.95833333333333,Baik,31.953337027648267,-0.9950036943149385,0.9950036943149385,Baik,Baik
2024-12-12,jagakarsa,35.125,Baik,30.489734342343432,4.635265657656568,4.635265657656568,Baik,Baik
2024-12-12,kebun jeruk,24.916666666666668,Baik,32.29990564327518,-7.383238976608514,7.383238976608514,Baik,Baik
2024-12-12,kelapa gading,34.041666666666664,Baik,30.43629365121521,3.6053730154514554,3.6053730154514554,Baik,Baik
2024-12-12,lubang buaya,17.5,Baik,36.51264111300967,-19.01264111300967,19.01264111300967,Baik,Baik
2024-12-12,us embassy 1,42.18857461106119,Baik,43.5999614800222,-1.41138686896101,1.41138686896101,Baik,Baik
2024-12-12,us embassy 2,46.30486430186491,Baik,45.43456505538308,0.870299246481828,0.870299246481828,Baik,Baik
2024-12-13,bundaran hi,39.66666666666666,Baik,38.478568910252804,1.1880977564138533,1.1880977564138533,Baik,Baik
2024-12-13,jagakarsa,46.25,Baik,41.46535697958643,4.784643020413569,4.784643020413569,Baik,Baik
2024-12-13,kebun jeruk,33.541666666666664,Baik,29.028716186940372,4.5129504797262925,4.5129504797262925,Baik,Baik
2024-12-13,kelapa gading,46.458333333333336,Baik,40.571772095106645,5.88656123822669,5.88656123822669,Baik,Baik
2024-12-13,lubang buaya,19.08333333333333,Baik,28.190497748284606,-9.107164414951278,9.107164414951278,Baik,Baik
2024-12-13,us embassy 1,39.94270719380975,Baik,43.40452259760227,-3.461815403792521,3.461815403792521,Baik,Baik
2024-12-13,us embassy 2,29.322578671109397,Baik,43.88698999656796,-14.564411325458565,14.564411325458565,Baik,Baik
2024-12-14,bundaran hi,38.708333333333336,Baik,43.08487451208078,-4.376541178747445,4.376541178747445,Baik,Baik
2024-12-14,jagakarsa,45.54166666666666,Baik,45.99685150180643,-0.45518483513977515,0.45518483513977515,Baik,Baik
2024-12-14,kebun jeruk,30.875,Baik,41.123874591021675,-10.248874591021675,10.248874591021675,Baik,Baik
2024-12-14,kelapa gading,51.958333333333336,Sedang,45.09328196509201,6.865051368241325,6.865051368241325,Sedang,Baik
2024-12-14,lubang buaya,20.5,Baik,29.934224332687023,-9.434224332687023,9.434224332687023,Baik,Baik
2024-12-14,us embassy 1,47.731386694258674,Baik,45.912647302522956,1.8187393917357184,1.8187393917357184,Baik,Baik
2024-12-14,us embassy 2,30.32395833870849,Baik,44.04021292940674,-13.716254590698252,13.716254590698252,Baik,Baik
2024-12-15,bundaran hi,29.08333333333333,Baik,45.45779195257757,-16.374458619244244,16.374458619244244,Baik,Baik
2024-12-15,jagakarsa,37.083333333333336,Baik,47.231311254147975,-10.14797792081464,10.14797792081464,Baik,Baik
2024-12-15,kebun jeruk,33.583333333333336,Baik,41.769110237425096,-8.18577690409176,8.18577690409176,Baik,Baik
2024-12-15,kelapa gading,35.166666666666664,Baik,51.38446068341769,-16.21779401675103,16.21779401675103,Baik,Sedang
2024-12-15,lubang buaya,18.791666666666668,Baik,25.71339148138499,-6.921724814718321,6.921724814718321,Baik,Baik
2024-12-15,us embassy 1,34.29265896402561,Baik,49.39352207751911,-15.100863113493496,15.100863113493496,Baik,Baik
2024-12-15,us embassy 2,20.521195905253816,Baik,44.89217773907369,-24.370981833819872,24.370981833819872,Baik,Baik
2024-12-16,bundaran hi,31.875,Baik,37.350268600135735,-5.475268600135735,5.475268600135735,Baik,Baik
2024-12-16,jagakarsa,46.5,Baik,42.04792238785062,4.452077612149381,4.452077612149381,Baik,Baik
2024-12-16,kebun jeruk,34.416666666666664,Baik,38.400919384404574,-3.9842527177379097,3.9842527177379097,Baik,Baik
2024-12-16,kelapa gading,33.333333333333336,Baik,40.66531371565458,-7.331980382321241,7.331980382321241,Baik,Baik
2024-12-16,lubang buaya,18.625,Baik,24.32259505995908,-5.697595059959081,5.697595059959081,Baik,Baik
2024-12-16,us embassy 1,65.09890719782632,Sedang,41.78276838786438,23.31613880996194,23.31613880996194,Sedang,Baik
2024-12-16,us embassy 2,29.320103314247504,Baik,26.785778637280735,2.5343246769667687,2.5343246769667687,Baik,Baik
2024-12-17,bundaran hi,32.958333333333336,Baik,45.98750026362373,-13.029166930290394,13.029166930290394,Baik,Baik
2024-12-17,jagakarsa,40.875,Baik,50.62156028573024,-9.74656028573024,9.74656028573024,Baik,Sedang
2024-12-17,kebun jeruk,37.375,Baik,47.42604476218672,-10.05104476218672,10.05104476218672,Baik,Baik
2024-12-17,kelapa gading,39.66666666666666,Baik,46.96677293312652,-7.3001062664598635,7.3001062664598635,Baik,Baik
2024-12-17,lubang buaya,16.541666666666668,Baik,23.13203426832896,-6.590367601662294,6.590367601662294,Baik,Baik
2024-12-17,us embassy 1,44.92412305212738,Baik,63.05476819538419,-18.130645143256814,18.130645143256814,Baik,Sedang
2024-12-17,us embassy 2,26.980395422066948,Baik,42.6029081446447,-15.622512722577753,15.622512722577753,Baik,Baik
2024-12-18,bundaran hi,35.0,Baik,47.094516971007195,-12.094516971007195,12.094516971007195,Baik,Baik
2024-12-18,jagakarsa,62.54166666666666,Sedang,49.069430537333474,13.472236129333183,13.472236129333183,Sedang,Baik
2024-12-18,kebun jeruk,30.75,Baik,48.60053716340574,-17.85053716340574,17.85053716340574,Baik,Baik
2024-12-18,kelapa gading,40.625,Baik,48.835730654724514,-8.210730654724514,8.210730654724514,Baik,Baik
2024-12-18,lubang buaya,27.041666666666668,Baik,31.195033147683112,-4.153366481016445,4.153366481016445,Baik,Baik
2024-12-18,us embassy 1,41.7267884065289,Baik,44.49943240913483,-2.7726440026059365,2.7726440026059365,Baik,Baik
2024-12-18,us embassy 2,19.77693308438089,Baik,35.955457144034874,-16.178524059653984,16.178524059653984,Baik,Baik
2024-12-19,bundaran hi,18.791666666666668,Baik,45.05763219046143,-26.265965523794765,26.265965523794765,Baik,Baik
2024-12-19,jagakarsa,41.875,Baik,53.6875441141114,-11.812544114111397,11.812544114111397,Baik,Sedang
2024-12-19,kebun jeruk,20.791666666666668,Baik,44.34637330321265,-23.554706636545983,23.554706636545983,Baik,Baik
2024-12-19,kelapa gading,25.83333333333333,Baik,48.10412220843493,-22.2707888751016,22.2707888751016,Baik,Baik
2024-12-19,lubang buaya,20.625,Baik,38.230282008703114,-17.605282008703114,17.605282008703114,Baik,Baik
2024-12-19,us embassy 1,20.25392416897517,Baik,46.30725929844529,-26.053335129470117,26.053335129470117,Baik,Baik
2024-12-19,us embassy 2,38.88934261117131,Baik,31.675769368400356,7.213573242770952,7.213573242770952,Baik,Baik
2024-12-20,bundaran hi,35.041666666666664,Baik,31.12346088757855,3.9182057790881153,3.9182057790881153,Baik,Baik
2024-12-20,jagakarsa,38.66666666666666,Baik,48.00629468206384,-9.339628015397182,9.339628015397182,Baik,Baik
2024-12-20,kebun jeruk,33.791666666666664,Baik,32.435704142642614,1.3559625240240507,1.3559625240240507,Baik,Baik
2024-12-20,kelapa gading,35.708333333333336,Baik,35.68961859687362,0.018714736459713777,0.018714736459713777,Baik,Baik
2024-12-20,lubang buaya,20.20833333333333,Baik,28.87394320518156,-8.665609871848233,8.665609871848233,Baik,Baik
2024-12-20,us embassy 1,41.17394048447169,Baik,34.85636257123269,6.317577913239006,6.317577913239006,Baik,Baik
2024-12-20,us embassy 2,30.35092280410835,Baik,41.96271411444629,-11.611791310337942,11.611791310337942,Baik,Baik
2024-12-21,bundaran hi,74.0,Sedang,44.30061703234333,29.699382967656668,29.699382967656668,Sedang,Baik
2024-12-21,jagakarsa,73.0,Sedang,48.63542417085085,24.364575829149153,24.364575829149153,Sedang,Baik
2024-12-21,kebun jeruk,69.0,Sedang,44.008512423428854,24.991487576571146,24.991487576571146,Sedang,Baik
2024-12-21,kelapa gading,76.0,Sedang,43.9176773420953,32.0823226579047,32.0823226579047,Sedang,Baik
2024-12-21,lubang buaya,87.0,Sedang,26.58250804133732,60.41749195866268,60.41749195866268,Sedang,Baik
2024-12-21,us embassy 1,50.51507177736861,Sedang,47.67608113080152,2.8389906465670904,2.8389906465670904,Sedang,Baik
2024-12-21,us embassy 2,34.695295211507705,Baik,43.38027234927696,-8.684977137769252,8.684977137769252,Baik,Baik
2024-12-22,bundaran hi,74.0,Sedang,69.05248654603106,4.947513453968938,4.947513453968938,Sedang,Sedang
2024-12-22,jagakarsa,73.0,Sedang,69.6821145811569,3.3178854188431046,3.3178854188431046,Sedang,Sedang
2024-12-22,kebun jeruk,69.0,Sedang,61.330836066697394,7.669163933302606,7.669163933302606,Sedang,Sedang
2024-12-22,kelapa gading,76.0,Sedang,67.59601589664094,8.403984103359065,8.403984103359065,Sedang,Sedang
2024-12-22,lubang buaya,87.0,Sedang,69.85095122630428,17.149048773695725,17.149048773695725,Sedang,Sedang
2024-12-22,us embassy 1,51.338688332222354,Sedang,57.96433671785514,-6.625648385632786,6.625648385632786,Sedang,Sedang
2024-12-22,us embassy 2,51.60465346187004,Sedang,50.87300853637907,0.7316449254909756,0.7316449254909756,Sedang,Sedang
2024-12-23,bundaran hi,74.0,Sedang,70.63644807042449,3.3635519295755074,3.3635519295755074,Sedang,Sedang
2024-12-23,jagakarsa,73.0,Sedang,70.80848381242217,2.1915161875778324,2.1915161875778324,Sedang,Sedang
2024-12-23,kebun jeruk,69.0,Sedang,62.82261855671185,6.177381443288148,6.177381443288148,Sedang,Sedang
2024-12-23,kelapa gading,76.0,Sedang,73.91077450800313,2.0892254919968707,2.0892254919968707,Sedang,Sedang
2024-12-23,lubang buaya,87.0,Sedang,76.03082192771382,10.969178072286184,10.969178072286184,Sedang,Sedang
2024-12-23,us embassy 1,46.43179427497893,Baik,59.53547565955191,-13.103681384572987,13.103681384572987,Baik,Sedang
2024-12-23,us embassy 2,55.34379285040839,Sedang,56.93677089190243,-1.5929780414940353,1.5929780414940353,Sedang,Sedang
2024-12-24,bundaran hi,74.0,Sedang,66.48255243086355,7.517447569136451,7.517447569136451,Sedang,Sedang
2024-12-24,jagakarsa,73.0,Sedang,66.58912303310882,6.4108769668911805,6.4108769668911805,Sedang,Sedang
2024-12-24,kebun jeruk,69.0,Sedang,61.87576795616309,7.124232043836912,7.124232043836912,Sedang,Sedang
2024-12-24,kelapa gading,76.0,Sedang,67.26568224269656,8.734317757303444,8.734317757303444,Sedang,Sedang
2024-12-24,lubang buaya,87.0,Sedang,68.067863700827,18.932136299172996,18.932136299172996,Sedang,Sedang
2024-12-24,us embassy 1,62.58275541586383,Sedang,54.1201474248997,8.46260799096413,8.46260799096413,Sedang,Sedang
2024-12-24,us embassy 2,57.58536408341855,Sedang,56.67057715862119,0.9147869247973546,0.9147869247973546,Sedang,Sedang
2024-12-25,bundaran hi,74.0,Sedang,71.73961145952121,2.260388540478786,2.260388540478786,Sedang,Sedang
2024-12-25,jagakarsa,73.0,Sedang,69.29851233905029,3.7014876609497094,3.7014876609497094,Sedang,Sedang
2024-12-25,kebun jeruk,69.0,Sedang,62.84081808707846,6.1591819129215395,6.1591819129215395,Sedang,Sedang
2024-12-25,kelapa gading,76.0,Sedang,71.83773619918287,4.162263800817129,4.162263800817129,Sedang,Sedang
2024-12-25,lubang buaya,87.0,Sedang,70.58807413646558,16.41192586353442,16.41192586353442,Sedang,Sedang
2024-12-25,us embassy 1,53.52793332283337,Sedang,62.221604060204264,-8.693670737370894,8.693670737370894,Sedang,Sedang
2024-12-25,us embassy 2,38.936576175902864,Baik,58.925559237346015,-19.98898306144315,19.98898306144315,Baik,Sedang
2024-12-26,bundaran hi,74.0,Sedang,67.42848589222842,6.571514107771577,6.571514107771577,Sedang,Sedang
2024-12-26,jagakarsa,73.0,Sedang,67.3468060736981,5.6531939263018955,5.6531939263018955,Sedang,Sedang
2024-12-26,kebun jeruk,69.0,Sedang,61.4823289977703,7.517671002229697,7.517671002229697,Sedang,Sedang
2024-12-26,kelapa gading,76.0,Sedang,69.15193457559974,6.848065424400261,6.848065424400261,Sedang,Sedang
2024-12-26,lubang buaya,87.0,Sedang,72.54942440488266,14.450575595117343,14.450575595117343,Sedang,Sedang
2024-12-26,us embassy 1,56.81626919631192,Sedang,47.88366062331133,8.932608573000593,8.932608573000593,Sedang,Baik
2024-12-26,us embassy 2,56.56706432197007,Sedang,43.60787041957761,12.959193902392464,12.959193902392464,Sedang,Baik
2024-12-27,bundaran hi,67.875,Sedang,70.44081782843583,-2.5658178284358257,2.5658178284358257,Sedang,Sedang
2024-12-27,jagakarsa,79.79166666666667,Sedang,68.71882073555358,11.072845931113093,11.072845931113093,Sedang,Sedang
2024-12-27,kebun jeruk,58.29166666666666,Sedang,61.92174171184193,-3.630075045175275,3.630075045175275,Sedang,Sedang
2024-12-27,kelapa gading,60.625,Sedang,72.42737230431584,-11.802372304315838,11.802372304315838,Sedang,Sedang
2024-12-27,lubang buaya,46.208333333333336,Baik,82.03946423170014,-35.8311308983668,35.8311308983668,Baik,Sedang
2024-12-27,us embassy 1,55.36107436628117,Sedang,52.06710329366846,3.293971072612713,3.293971072612713,Sedang,Sedang
2024-12-27,us embassy 2,54.07193278800469,Sedang,50.67073190016766,3.401200887837028,3.401200887837028,Sedang,Sedang
2024-12-28,bundaran hi,74.0,Sedang,68.27635582162401,5.7236441783759915,5.7236441783759915,Sedang,Sedang
2024-12-28,jagakarsa,73.0,Sedang,74.02399762109593,-1.0239976210959298,1.0239976210959298,Sedang,Sedang
2024-12-28,kebun jeruk,69.0,Sedang,62.56807834769302,6.431921652306983,6.431921652306983,Sedang,Sedang
2024-12-28,kelapa gading,76.0,Sedang,66.46147412232415,9.538525877675852,9.538525877675852,Sedang,Sedang
2024-12-28,lubang buaya,87.0,Sedang,55.94084326514391,31.05915673485609,31.05915673485609,Sedang,Sedang
2024-12-28,us embassy 1,67.08131869166552,Sedang,60.52611005621646,6.5552086354490555,6.5552086354490555,Sedang,Sedang
2024-12-28,us embassy 2,65.19103837882292,Sedang,59.35706759088639,5.833970787936536,5.833970787936536,Sedang,Sedang
2024-12-29,bundaran hi,74.0,Sedang,75.169751221153,-1.1697512211530068,1.1697512211530068,Sedang,Sedang
2024-12-29,jagakarsa,73.0,Sedang,71.62648827972743,1.3735117202725746,1.3735117202725746,Sedang,Sedang
2024-12-29,kebun jeruk,69.0,Sedang,65.60673015123203,3.3932698487679716,3.3932698487679716,Sedang,Sedang
2024-12-29,kelapa gading,76.0,Sedang,73.04819447971849,2.9518055202815106,2.9518055202815106,Sedang,Sedang
2024-12-29,lubang buaya,87.0,Sedang,84.16128007095665,2.83871992904335,2.83871992904335,Sedang,Sedang
2024-12-29,us embassy 1,62.00448901388391,Sedang,67.4164863035989,-5.411997289714989,5.411997289714989,Sedang,Sedang
2024-12-29,us embassy 2,59.20839327010421,Sedang,66.12652752598233,-6.918134255878115,6.918134255878115,Sedang,Sedang
2024-12-30,bundaran hi,74.0,Sedang,69.66152637389966,4.338473626100338,4.338473626100338,Sedang,Sedang
2024-12-30,jagakarsa,73.0,Sedang,68.25109291606776,4.748907083932238,4.748907083932238,Sedang,Sedang
2024-12-30,kebun jeruk,69.0,Sedang,63.61718663341763,5.3828133665823685,5.3828133665823685,Sedang,Sedang
2024-12-30,kelapa gading,76.0,Sedang,70.1789808520663,5.821019147933697,5.821019147933697,Sedang,Sedang
2024-12-30,lubang buaya,87.0,Sedang,83.14710964313272,3.8528903568672774,3.8528903568672774,Sedang,Sedang
2024-12-30,us embassy 1,53.755122860330935,Sedang,61.30376419914096,-7.548641338810022,7.548641338810022,Sedang,Sedang
2024-12-30,us embassy 2,55.56845723952468,Sedang,56.3749727212814,-0.806515481756719,0.806515481756719,Sedang,Sedang
2024-12-31,bundaran hi,48.125,Baik,70.23071473905343,-22.105714739053425,22.105714739053425,Baik,Sedang
2024-12-31,jagakarsa,58.16666666666666,Sedang,68.00266810414017,-9.836001437473513,9.836001437473513,Sedang,Sedang
2024-12-31,kebun jeruk,41.333333333333336,Baik,63.132327335328256,-21.79899400199492,21.79899400199492,Baik,Sedang
2024-12-31,kelapa gading,49.958333333333336,Baik,71.83097447998627,-21.87264114665293,21.87264114665293,Baik,Sedang
2024-12-31,lubang buaya,38.79166666666666,Baik,81.88141939855481,-43.089752731888154,43.089752731888154,Baik,Sedang
2024-12-31,us embassy 1,36.75491822783714,Baik,48.487899531123105,-11.732981303285968,11.732981303285968,Baik,Baik
2024-12-31,us embassy 2,24.084075154742205,Baik,48.8305240903888,-24.746448935646594,24.746448935646594,Baik,Baik
