tanggal,ISPU PM2.5,kategori_pm25,bulan,hari_minggu,temp,humidity,visibility,windgust,solarenergy,precip,station
2022-01-01,74.0,Sedang,1,5,28.6,77.2,6.7,37.1,20.6,0.496,bundaran hi
2022-01-01,73.0,Sedang,1,5,28.3,77.8,6.8,37.1,20.6,0.502,jagakarsa
2022-01-01,69.0,Sedang,1,5,28.3,79.3,7.5,37.1,20.6,0.645,kebun jeruk
2022-01-01,76.0,Sedang,1,5,28.6,76.9,6.7,34.9,21.0,0.262,kelapa gading
2022-01-01,87.0,Sedang,1,5,28.5,76.8,6.2,34.9,21.0,0.451,lubang buaya
2022-01-01,69.54086093501735,Sedang,1,5,28.61111111111111,77.3,4.2,23.0,20.6,0.02,us embassy 1
2022-01-01,76.63627269929205,Sedang,1,5,28.5,77.7,6.8,37.1,20.6,0.529,us embassy 2
2022-01-02,74.0,Sedang,1,6,28.1,79.2,6.8,30.6,19.0,0.0,bundaran hi
2022-01-02,73.0,Sedang,1,6,27.9,79.2,6.9,30.6,19.0,0.009,jagakarsa
2022-01-02,69.0,Sedang,1,6,27.8,79.8,7.3,30.6,19.0,0.0,kebun jeruk
2022-01-02,76.0,Sedang,1,6,28.2,78.4,6.9,30.2,19.8,0.0,kelapa gading
2022-01-02,87.0,Sedang,1,6,28.2,78.7,6.5,30.2,19.8,0.0,lubang buaya
2022-01-02,69.54086093501735,Sedang,1,6,28.111111111111107,79.3,4.2,19.0,19.0,0.0,us embassy 1
2022-01-02,76.63627269929205,Sedang,1,6,28.1,79.2,6.9,30.6,19.0,0.0,us embassy 2
2022-01-03,74.0,Sedang,1,0,28.8,72.4,6.6,18.4,24.5,0.0,bundaran hi
2022-01-03,73.0,Sedang,1,0,28.4,72.3,6.7,18.4,24.5,0.0,jagakarsa
2022-01-03,69.0,Sedang,1,0,28.7,71.8,7.4,18.4,24.5,0.0,kebun jeruk
2022-01-03,76.0,Sedang,1,0,28.7,71.9,6.9,19.1,25.2,0.0,kelapa gading
2022-01-03,87.0,Sedang,1,0,28.6,72.6,6.2,19.1,25.2,0.0,lubang buaya
2022-01-03,69.54086093501735,Sedang,1,0,28.77777777777778,72.4,4.1,11.4,24.5,0.0,us embassy 1
2022-01-03,76.63627269929205,Sedang,1,0,28.7,72.2,6.7,18.4,24.5,0.0,us embassy 2
2022-01-04,74.0,Sedang,1,1,28.4,75.4,6.1,18.0,25.1,0.0,bundaran hi
2022-01-04,73.0,Sedang,1,1,28.0,75.7,6.0,18.0,25.1,0.0,jagakarsa
2022-01-04,69.0,Sedang,1,1,28.1,76.0,6.8,18.0,25.1,0.0,kebun jeruk
2022-01-04,76.0,Sedang,1,1,28.4,74.9,6.2,19.1,24.5,0.0,kelapa gading
2022-01-04,87.0,Sedang,1,1,28.1,75.8,5.5,19.1,24.5,0.0,lubang buaya
2022-01-04,69.54086093501735,Sedang,1,1,28.33333333333333,75.4,3.8,11.2,25.1,0.0,us embassy 1
2022-01-04,76.63627269929205,Sedang,1,1,28.2,75.6,6.2,18.0,25.1,0.0,us embassy 2
2022-01-05,74.0,Sedang,1,2,28.8,77.3,5.4,19.4,22.1,27.896,bundaran hi
2022-01-05,73.0,Sedang,1,2,28.3,78.1,5.0,19.4,22.1,16.889,jagakarsa
2022-01-05,69.0,Sedang,1,2,28.7,77.7,5.7,19.4,22.1,20.392,kebun jeruk
2022-01-05,76.0,Sedang,1,2,28.7,77.2,5.4,20.2,22.9,30.762,kelapa gading
2022-01-05,87.0,Sedang,1,2,28.3,78.4,4.6,20.2,22.9,24.792,lubang buaya
2022-01-05,69.54086093501735,Sedang,1,2,28.83333333333333,77.3,3.4,12.1,22.1,1.102,us embassy 1
2022-01-05,76.63627269929205,Sedang,1,2,28.7,77.5,5.3,19.4,22.1,24.597,us embassy 2
2022-01-06,74.0,Sedang,1,3,27.6,87.0,5.2,27.4,19.5,13.511,bundaran hi
2022-01-06,73.0,Sedang,1,3,27.3,87.2,4.9,27.4,19.5,8.459,jagakarsa
2022-01-06,69.0,Sedang,1,3,27.6,86.8,5.3,27.4,19.5,11.033,kebun jeruk
2022-01-06,76.0,Sedang,1,3,27.6,86.4,5.2,27.4,19.5,6.215,kelapa gading
2022-01-06,87.0,Sedang,1,3,27.3,88.0,4.6,27.4,19.5,9.308,lubang buaya
2022-01-06,72.37636489781103,Sedang,1,3,27.61111111111111,87.0,3.2,17.0,19.5,0.542,us embassy 1
2022-01-06,76.63627269929205,Sedang,1,3,27.5,86.9,5.1,27.4,19.5,11.417,us embassy 2
2022-01-07,74.0,Sedang,1,4,28.1,79.2,6.0,31.0,20.1,0.339,bundaran hi
2022-01-07,73.0,Sedang,1,4,27.7,79.8,6.1,31.0,20.1,1.258,jagakarsa
2022-01-07,69.0,Sedang,1,4,28.0,79.4,6.5,31.0,20.1,1.613,kebun jeruk
2022-01-07,76.0,Sedang,1,4,28.0,79.6,6.1,30.6,20.0,0.586,kelapa gading
2022-01-07,87.0,Sedang,1,4,27.6,81.0,5.6,30.6,20.0,0.915,lubang buaya
2022-01-07,80.15402059474117,Sedang,1,4,28.111111111111107,79.2,3.8,19.2,20.1,0.012,us embassy 1
2022-01-07,74.06472197318378,Sedang,1,4,28.0,79.6,6.1,31.0,20.1,0.885,us embassy 2
2022-01-08,74.0,Sedang,1,5,28.4,79.3,6.0,23.8,23.1,0.006,bundaran hi
2022-01-08,73.0,Sedang,1,5,28.1,80.0,6.0,23.8,23.1,0.051,jagakarsa
2022-01-08,69.0,Sedang,1,5,28.4,79.9,6.3,23.8,23.1,0.045,kebun jeruk
2022-01-08,76.0,Sedang,1,5,28.4,79.0,6.2,24.8,22.6,0.165,kelapa gading
2022-01-08,87.0,Sedang,1,5,28.2,80.0,5.7,24.8,22.6,0.072,lubang buaya
2022-01-08,58.66784543309719,Sedang,1,5,28.444444444444443,79.4,3.7,14.8,23.1,0.0,us embassy 1
2022-01-08,60.124440641019255,Sedang,1,5,28.4,79.6,6.0,23.8,23.1,0.039,us embassy 2
2022-01-09,74.0,Sedang,1,6,28.8,77.8,6.2,30.6,18.9,0.0,bundaran hi
2022-01-09,73.0,Sedang,1,6,28.4,78.3,6.2,30.6,18.9,0.177,jagakarsa
2022-01-09,69.0,Sedang,1,6,28.6,79.6,6.9,30.6,18.9,0.0,kebun jeruk
2022-01-09,76.0,Sedang,1,6,28.8,77.6,6.3,30.6,19.1,0.0,kelapa gading
2022-01-09,87.0,Sedang,1,6,28.6,77.6,5.7,30.6,19.1,0.0,lubang buaya
2022-01-09,67.60354085526487,Sedang,1,6,28.83333333333333,77.9,3.8,19.0,18.9,0.0,us embassy 1
2022-01-09,77.55403901125972,Sedang,1,6,28.7,78.2,6.3,30.6,18.9,0.0,us embassy 2
2022-01-10,74.0,Sedang,1,0,28.0,82.4,6.1,30.6,20.2,11.093,bundaran hi
2022-01-10,73.0,Sedang,1,0,27.7,83.4,6.1,30.6,20.2,8.84,jagakarsa
2022-01-10,69.0,Sedang,1,0,27.6,84.1,6.7,30.6,20.2,11.141,kebun jeruk
2022-01-10,76.0,Sedang,1,0,28.0,82.6,6.3,32.4,20.5,12.922,kelapa gading
2022-01-10,87.0,Sedang,1,0,27.9,83.1,5.6,32.4,20.5,10.657,lubang buaya
2022-01-10,53.94685972817455,Sedang,1,0,28.000000000000004,82.4,3.8,19.0,20.2,0.434,us embassy 1
2022-01-10,62.700470184937956,Sedang,1,0,27.9,83.0,6.2,30.6,20.2,11.234,us embassy 2
2022-01-11,74.0,Sedang,1,1,26.6,88.4,5.5,36.4,12.4,61.27,bundaran hi
2022-01-11,73.0,Sedang,1,1,26.3,89.7,5.5,36.4,12.4,51.69,jagakarsa
2022-01-11,69.0,Sedang,1,1,26.4,89.5,5.7,36.4,12.4,58.887,kebun jeruk
2022-01-11,76.0,Sedang,1,1,26.5,89.1,5.4,40.7,12.7,59.4,kelapa gading
2022-01-11,87.0,Sedang,1,1,26.3,90.6,5.1,40.7,12.7,56.46,lubang buaya
2022-01-11,43.130224737295485,Baik,1,1,26.611111111111114,88.3,3.4,22.6,12.4,2.455,us embassy 1
2022-01-11,57.229169603511444,Sedang,1,1,26.5,89.2,5.5,36.4,12.4,57.783,us embassy 2
2022-01-12,65.25,Sedang,1,2,26.5,87.9,5.8,51.8,17.6,19.686,bundaran hi
2022-01-12,64.625,Sedang,1,2,26.2,88.8,5.6,51.8,17.6,17.026,jagakarsa
2022-01-12,61.875,Sedang,1,2,26.5,88.9,6.1,51.8,17.6,17.599,kebun jeruk
2022-01-12,65.375,Sedang,1,2,26.5,88.2,5.8,51.8,17.4,11.109,kelapa gading
2022-01-12,77.16666666666667,Sedang,1,2,26.3,89.2,5.3,51.8,17.4,15.799,lubang buaya
2022-01-12,50.18779046213021,Sedang,1,2,26.5,87.9,3.6,32.2,17.6,0.786,us embassy 1
2022-01-12,56.9113880465164,Sedang,1,2,26.4,88.4,5.8,51.8,17.6,17.907,us embassy 2
2022-01-13,53.25,Sedang,1,3,27.1,85.4,6.2,27.4,11.3,0.752,bundaran hi
2022-01-13,56.416666666666664,Sedang,1,3,26.9,85.6,6.2,27.4,11.3,5.949,jagakarsa
2022-01-13,52.958333333333336,Sedang,1,3,26.9,85.8,6.6,27.4,11.3,4.394,kebun jeruk
2022-01-13,56.25,Sedang,1,3,27.1,85.2,6.4,29.5,11.1,9.373,kelapa gading
2022-01-13,63.583333333333336,Sedang,1,3,27.1,85.3,5.9,29.5,11.1,5.332,lubang buaya
2022-01-13,53.933073473713215,Sedang,1,3,27.05555555555556,85.4,3.9,17.0,11.3,0.018,us embassy 1
2022-01-13,54.847978959997135,Sedang,1,3,27.0,85.5,6.3,27.4,11.3,3.269,us embassy 2
2022-01-14,47.291666666666664,Baik,1,4,26.8,86.9,5.7,28.8,19.4,13.302,bundaran hi
2022-01-14,61.208333333333336,Sedang,1,4,26.7,87.3,5.5,28.8,19.4,14.183,jagakarsa
2022-01-14,53.375,Sedang,1,4,26.7,87.5,5.8,28.8,19.4,13.717,kebun jeruk
2022-01-14,54.25,Sedang,1,4,26.8,87.0,5.6,30.6,19.1,23.019,kelapa gading
2022-01-14,61.541666666666664,Sedang,1,4,26.9,87.5,5.3,30.6,19.1,15.945,lubang buaya
2022-01-14,52.62965438520431,Sedang,1,4,26.77777777777778,86.9,3.5,17.9,19.4,0.514,us embassy 1
2022-01-14,57.993499917905204,Sedang,1,4,26.8,87.1,5.6,28.8,19.4,14.312,us embassy 2
2022-01-15,52.666666666666664,Sedang,1,5,26.9,87.1,5.8,30.2,14.5,3.657,bundaran hi
2022-01-15,68.83333333333333,Sedang,1,5,26.7,87.2,5.6,30.2,14.5,5.342,jagakarsa
2022-01-15,59.708333333333336,Sedang,1,5,26.8,88.6,6.3,30.2,14.5,4.661,kebun jeruk
2022-01-15,52.166666666666664,Sedang,1,5,27.0,86.7,5.8,33.1,13.6,4.747,kelapa gading
2022-01-15,69.16666666666667,Sedang,1,5,26.9,86.6,5.2,33.1,13.6,4.084,lubang buaya
2022-01-15,55.70530387759518,Sedang,1,5,26.888888888888893,87.2,3.6,18.8,14.5,0.143,us embassy 1
2022-01-15,61.414023898064976,Sedang,1,5,26.9,87.3,5.8,30.2,14.5,4.092,us embassy 2
2022-01-16,74.0,Sedang,1,6,27.1,90.0,5.0,27.7,17.6,11.826,bundaran hi
2022-01-16,73.0,Sedang,1,6,26.9,90.3,4.8,27.7,17.6,6.368,jagakarsa
2022-01-16,69.0,Sedang,1,6,27.2,90.6,4.9,27.7,17.6,8.146,kebun jeruk
2022-01-16,76.0,Sedang,1,6,27.2,89.8,4.9,29.5,17.5,9.154,kelapa gading
2022-01-16,87.0,Sedang,1,6,27.0,90.4,4.6,29.5,17.5,8.99,lubang buaya
2022-01-16,70.9839402565576,Sedang,1,6,27.16666666666667,90.1,3.1,17.2,17.6,0.471,us embassy 1
2022-01-16,86.37977300042907,Sedang,1,6,27.1,90.2,4.9,27.7,17.6,9.807,us embassy 2
2022-01-17,58.75,Sedang,1,0,27.8,85.0,6.0,29.9,20.3,5.967,bundaran hi
2022-01-17,86.125,Sedang,1,0,27.7,84.6,5.8,29.9,20.3,9.578,jagakarsa
2022-01-17,72.25,Sedang,1,0,27.7,86.0,6.2,29.9,20.3,9.138,kebun jeruk
2022-01-17,61.333333333333336,Sedang,1,0,27.8,84.5,6.0,32.8,20.8,25.273,kelapa gading
2022-01-17,91.375,Sedang,1,0,27.9,83.8,5.5,32.8,20.8,13.371,lubang buaya
2022-01-17,69.36789356626828,Sedang,1,0,27.77777777777778,85.1,3.7,18.6,20.3,0.214,us embassy 1
2022-01-17,77.54122126732737,Sedang,1,0,27.8,84.9,5.9,29.9,20.3,9.213,us embassy 2
2022-01-18,50.208333333333336,Sedang,1,1,26.1,91.9,5.1,40.7,13.8,163.023,bundaran hi
2022-01-18,65.04166666666667,Sedang,1,1,25.9,92.5,4.9,40.7,13.8,92.373,jagakarsa
2022-01-18,62.583333333333336,Sedang,1,1,26.1,93.0,5.1,40.7,13.8,120.949,kebun jeruk
2022-01-18,37.375,Baik,1,1,26.1,92.2,5.0,40.7,13.3,106.769,kelapa gading
2022-01-18,65.91666666666667,Sedang,1,1,26.0,92.5,4.9,40.7,13.3,120.516,lubang buaya
2022-01-18,58.59572808387322,Sedang,1,1,26.11111111111111,91.9,3.2,25.3,13.8,6.509,us embassy 1
2022-01-18,66.10591993763764,Sedang,1,1,26.1,92.3,5.1,40.7,13.8,136.777,us embassy 2
2022-01-19,38.833333333333336,Baik,1,2,27.0,85.5,5.9,55.4,20.2,53.715,bundaran hi
2022-01-19,56.25,Sedang,1,2,26.9,85.1,5.8,55.4,20.2,48.866,jagakarsa
2022-01-19,48.125,Baik,1,2,27.0,86.7,6.5,55.4,20.2,59.672,kebun jeruk
2022-01-19,36.5,Baik,1,2,27.1,84.9,6.0,55.4,20.7,73.133,kelapa gading
2022-01-19,51.0,Sedang,1,2,27.1,84.5,5.5,55.4,20.7,60.05,lubang buaya
2022-01-19,53.68229725105828,Sedang,1,2,27.0,85.6,3.7,34.4,20.2,2.092,us embassy 1
2022-01-19,55.019073573713094,Sedang,1,2,27.0,85.5,6.0,55.4,20.2,57.204,us embassy 2
2022-01-20,49.166666666666664,Baik,1,3,25.8,86.8,6.2,31.3,7.2,0.154,bundaran hi
2022-01-20,59.333333333333336,Sedang,1,3,25.6,87.2,6.4,31.3,7.2,8.048,jagakarsa
2022-01-20,53.916666666666664,Sedang,1,3,25.6,89.1,6.8,31.3,7.2,4.06,kebun jeruk
2022-01-20,45.875,Baik,1,3,25.8,86.8,6.3,36.0,7.8,1.874,kelapa gading
2022-01-20,56.291666666666664,Sedang,1,3,25.8,86.5,6.0,36.0,7.8,3.272,lubang buaya
2022-01-20,52.50482590772285,Sedang,1,3,25.83333333333333,86.9,3.8,19.5,7.2,0.001,us embassy 1
2022-01-20,55.707083832912645,Sedang,1,3,25.8,87.3,6.3,31.3,7.2,2.404,us embassy 2
2022-01-21,44.25,Baik,1,4,27.4,81.8,6.3,33.5,20.6,0.511,bundaran hi
2022-01-21,54.125,Sedang,1,4,27.0,82.8,6.4,33.5,20.6,2.127,jagakarsa
2022-01-21,54.666666666666664,Sedang,1,4,27.2,83.7,6.7,33.5,20.6,1.096,kebun jeruk
2022-01-21,38.041666666666664,Baik,1,4,27.4,81.9,6.4,34.9,20.9,0.367,kelapa gading
2022-01-21,51.208333333333336,Sedang,1,4,27.1,82.6,6.1,34.9,20.9,0.957,lubang buaya
2022-01-21,50.07487385788067,Sedang,1,4,27.38888888888889,81.8,3.9,20.8,20.6,0.02,us embassy 1
2022-01-21,49.78662423687525,Baik,1,4,27.3,82.4,6.4,33.5,20.6,0.859,us embassy 2
2022-01-22,50.791666666666664,Sedang,1,5,27.2,84.8,5.9,21.2,8.4,8.921,bundaran hi
2022-01-22,68.79166666666667,Sedang,1,5,27.0,85.0,5.8,21.2,8.4,15.391,jagakarsa
2022-01-22,59.833333333333336,Sedang,1,5,27.0,86.2,6.2,21.2,8.4,20.404,kebun jeruk
2022-01-22,0.0,Baik,1,5,27.2,84.4,5.9,24.1,8.1,13.48,kelapa gading
2022-01-22,71.45833333333333,Sedang,1,5,27.1,84.4,5.5,24.1,8.1,14.151,lubang buaya
2022-01-22,49.46181437218012,Baik,1,5,27.16666666666667,84.9,3.7,13.2,8.4,0.338,us embassy 1
2022-01-22,57.28197293748181,Sedang,1,5,27.1,85.0,5.9,21.2,8.4,13.911,us embassy 2
2022-01-23,49.25,Baik,1,6,29.0,75.9,6.5,27.7,20.6,0.0,bundaran hi
2022-01-23,71.95833333333333,Sedang,1,6,28.7,76.3,6.7,27.7,20.6,0.0,jagakarsa
2022-01-23,57.75,Sedang,1,6,28.7,78.0,7.1,27.7,20.6,0.0,kebun jeruk
2022-01-23,11.166666666666666,Baik,1,6,29.0,75.6,6.6,28.4,21.8,0.0,kelapa gading
2022-01-23,66.375,Sedang,1,6,29.0,75.3,6.2,28.4,21.8,0.0,lubang buaya
2022-01-23,50.767920255223835,Sedang,1,6,29.0,76.0,4.0,17.2,20.6,0.0,us embassy 1
2022-01-23,58.47790218802414,Sedang,1,6,28.9,76.2,6.6,27.7,20.6,0.0,us embassy 2
2022-01-24,55.208333333333336,Sedang,1,0,29.2,74.1,6.8,36.4,23.4,0.0,bundaran hi
2022-01-24,73.04166666666667,Sedang,1,0,28.8,74.6,6.9,36.4,23.4,0.0,jagakarsa
2022-01-24,60.0,Sedang,1,0,29.0,76.9,7.6,36.4,23.4,0.0,kebun jeruk
2022-01-24,54.5,Sedang,1,0,29.1,73.9,6.9,35.3,24.1,0.0,kelapa gading
2022-01-24,71.79166666666667,Sedang,1,0,28.9,73.5,6.5,35.3,24.1,0.0,lubang buaya
2022-01-24,53.47008332936585,Sedang,1,0,29.22222222222222,74.2,4.2,22.6,23.4,0.0,us embassy 1
2022-01-24,54.46881547616792,Sedang,1,0,29.1,74.7,6.9,36.4,23.4,0.0,us embassy 2
2022-01-25,59.416666666666664,Sedang,1,1,28.6,78.8,7.2,35.3,17.9,4.895,bundaran hi
2022-01-25,65.625,Sedang,1,1,28.3,78.8,7.5,35.3,17.9,2.25,jagakarsa
2022-01-25,62.166666666666664,Sedang,1,1,28.4,81.0,8.0,35.3,17.9,2.973,kebun jeruk
2022-01-25,57.833333333333336,Sedang,1,1,28.6,78.5,7.3,38.9,19.0,3.035,kelapa gading
2022-01-25,73.625,Sedang,1,1,28.5,77.5,7.0,38.9,19.0,3.308,lubang buaya
2022-01-25,36.83005224032167,Baik,1,1,28.61111111111111,79.0,4.5,21.9,17.9,0.196,us embassy 1
2022-01-25,43.69188108491028,Baik,1,1,28.5,79.1,7.4,35.3,17.9,3.815,us embassy 2
2022-01-26,52.0,Sedang,1,2,27.3,86.7,6.3,28.4,16.1,0.753,bundaran hi
2022-01-26,57.666666666666664,Sedang,1,2,27.0,87.2,6.2,28.4,16.1,1.665,jagakarsa
2022-01-26,58.125,Sedang,1,2,27.0,88.3,6.7,28.4,16.1,2.198,kebun jeruk
2022-01-26,48.208333333333336,Baik,1,2,27.2,86.6,6.2,31.7,16.5,1.334,kelapa gading
2022-01-26,60.041666666666664,Sedang,1,2,27.1,87.0,5.8,31.7,16.5,1.489,lubang buaya
2022-01-26,53.25812962520087,Sedang,1,2,27.27777777777777,86.7,3.9,17.7,16.1,0.028,us embassy 1
2022-01-26,53.44547203647803,Sedang,1,2,27.2,87.1,6.3,28.4,16.1,1.395,us embassy 2
2022-01-27,59.25,Sedang,1,3,28.2,80.1,6.3,31.7,21.6,0.006,bundaran hi
2022-01-27,74.70833333333333,Sedang,1,3,28.0,80.1,6.4,28.4,21.6,0.405,jagakarsa
2022-01-27,66.20833333333333,Sedang,1,3,28.1,82.2,7.0,31.7,21.6,0.171,kebun jeruk
2022-01-27,56.416666666666664,Sedang,1,3,28.2,79.7,6.4,32.8,21.3,0.038,kelapa gading
2022-01-27,77.66666666666667,Sedang,1,3,28.2,79.0,5.9,32.8,21.3,0.163,lubang buaya
2022-01-27,50.00716743794169,Sedang,1,3,28.22222222222222,80.2,3.9,19.7,21.6,0.0,us embassy 1
2022-01-27,57.10400238034966,Sedang,1,3,28.2,80.3,6.4,31.7,21.6,0.115,us embassy 2
2022-01-28,57.5,Sedang,1,4,27.5,83.0,6.0,30.2,19.9,4.923,bundaran hi
2022-01-28,82.16666666666667,Sedang,1,4,27.1,83.6,5.9,30.2,19.9,6.057,jagakarsa
2022-01-28,65.875,Sedang,1,4,27.5,84.5,6.2,30.2,19.9,4.902,kebun jeruk
2022-01-28,55.25,Sedang,1,4,27.5,82.6,6.0,32.0,20.5,2.383,kelapa gading
2022-01-28,71.58333333333333,Sedang,1,4,27.2,82.7,5.7,32.0,20.5,4.444,lubang buaya
2022-01-28,56.32091390665365,Sedang,1,4,27.555555555555557,83.0,3.7,18.8,19.9,0.196,us embassy 1
2022-01-28,62.35460595067743,Sedang,1,4,27.4,83.4,6.0,30.2,19.9,4.862,us embassy 2
2022-01-29,77.5,Sedang,1,5,27.8,81.1,5.5,23.0,17.4,0.0,bundaran hi
2022-01-29,85.66666666666667,Sedang,1,5,27.6,81.2,5.2,23.0,17.4,0.0,jagakarsa
2022-01-29,93.58333333333333,Sedang,1,5,27.6,82.4,5.6,23.0,17.4,0.0,kebun jeruk
2022-01-29,85.20833333333333,Sedang,1,5,27.9,80.7,5.4,24.1,16.6,0.0,kelapa gading
2022-01-29,109.45833333333333,Tidak Sehat,1,5,27.8,80.4,4.9,24.1,16.6,0.0,lubang buaya
2022-01-29,72.5723891581547,Sedang,1,5,27.83333333333333,81.1,3.4,14.3,17.4,0.0,us embassy 1
2022-01-29,73.56395163442424,Sedang,1,5,27.8,81.3,5.4,23.0,17.4,0.0,us embassy 2
2022-01-30,90.58333333333333,Sedang,1,6,28.0,79.9,5.1,23.4,21.2,0.001,bundaran hi
2022-01-30,107.125,Tidak Sehat,1,6,27.7,80.4,4.8,23.4,21.2,0.147,jagakarsa
2022-01-30,126.16666666666667,Tidak Sehat,1,6,28.0,80.3,5.1,23.4,21.2,0.03,kebun jeruk
2022-01-30,97.66666666666667,Sedang,1,6,28.1,79.8,5.2,24.5,20.4,0.013,kelapa gading
2022-01-30,126.41666666666667,Tidak Sehat,1,6,27.9,80.0,4.7,24.5,20.4,0.068,lubang buaya
2022-01-30,93.37961709669484,Sedang,1,6,28.05555555555556,79.9,3.2,14.5,21.2,0.0,us embassy 1
2022-01-30,101.74997208796975,Tidak Sehat,1,6,28.0,80.1,5.0,23.4,21.2,0.025,us embassy 2
2022-01-31,94.0,Sedang,1,0,28.4,77.5,5.9,29.5,17.4,0.0,bundaran hi
2022-01-31,100.41666666666667,Tidak Sehat,1,0,28.2,77.3,5.7,27.4,17.4,5.491,jagakarsa
2022-01-31,124.375,Tidak Sehat,1,0,28.1,79.4,6.4,29.5,17.4,0.0,kebun jeruk
2022-01-31,99.5,Sedang,1,0,28.4,76.8,5.9,29.9,16.3,0.0,kelapa gading
2022-01-31,129.66666666666666,Tidak Sehat,1,0,28.5,76.0,5.4,29.9,16.3,0.0,lubang buaya
2022-01-31,109.55481597112208,Tidak Sehat,1,0,28.33333333333333,77.6,3.7,18.3,17.4,0.0,us embassy 1
2022-01-31,115.66160716234542,Tidak Sehat,1,0,28.3,77.6,5.9,29.5,17.4,0.0,us embassy 2
2022-02-01,55.833333333333336,Sedang,2,1,28.3,81.1,5.8,23.8,24.3,0.003,bundaran hi
2022-02-01,87.04166666666667,Sedang,2,1,27.9,81.8,5.5,23.8,24.3,2.409,jagakarsa
2022-02-01,75.08333333333333,Sedang,2,1,28.2,81.7,6.4,23.8,24.3,0.086,kebun jeruk
2022-02-01,56.125,Sedang,2,1,28.3,81.0,5.9,26.3,24.0,0.019,kelapa gading
2022-02-01,88.20833333333333,Sedang,2,1,28.0,81.4,5.1,26.3,24.0,0.082,lubang buaya
2022-02-01,59.06652543018598,Sedang,2,1,28.277777777777786,81.1,3.6,14.8,24.3,0.0,us embassy 1
2022-02-01,67.06603305896206,Sedang,2,1,28.2,81.3,5.8,23.8,24.3,0.057,us embassy 2
2022-02-02,62.625,Sedang,2,2,27.6,82.4,6.3,24.1,18.3,4.404,bundaran hi
2022-02-02,90.08333333333333,Sedang,2,2,27.4,82.3,6.3,24.1,18.3,7.327,jagakarsa
2022-02-02,87.83333333333333,Sedang,2,2,27.4,83.5,6.7,24.1,18.3,6.516,kebun jeruk
2022-02-02,59.333333333333336,Sedang,2,2,27.6,82.2,6.3,27.4,17.9,15.93,kelapa gading
2022-02-02,100.0,Sedang,2,2,27.6,81.7,6.1,27.4,17.9,8.624,lubang buaya
2022-02-02,65.54520062544373,Sedang,2,2,27.61111111111111,82.4,3.9,15.0,18.3,0.16,us embassy 1
2022-02-02,79.34499388220567,Sedang,2,2,27.6,82.5,6.4,24.1,18.3,6.392,us embassy 2
2022-02-03,53.791666666666664,Sedang,2,3,28.7,78.7,6.1,21.6,16.3,1.034,bundaran hi
2022-02-03,83.875,Sedang,2,3,28.4,79.1,5.8,21.6,16.3,2.295,jagakarsa
2022-02-03,73.33333333333333,Sedang,2,3,28.4,80.4,6.5,21.6,16.3,2.42,kebun jeruk
2022-02-03,59.75,Sedang,2,3,28.7,78.7,6.0,22.3,16.7,1.002,kelapa gading
2022-02-03,93.54166666666667,Sedang,2,3,28.7,78.2,5.5,22.3,16.7,1.692,lubang buaya
2022-02-03,52.44697589674101,Sedang,2,3,28.72222222222222,78.8,3.8,13.4,16.3,0.039,us embassy 1
2022-02-03,59.04547143737065,Sedang,2,3,28.6,79.1,6.1,21.6,16.3,1.656,us embassy 2
2022-02-04,47.75,Baik,2,4,26.9,86.9,5.3,27.4,21.5,101.867,bundaran hi
2022-02-04,76.91666666666667,Sedang,2,4,26.6,87.0,5.0,27.4,21.5,58.9,jagakarsa
2022-02-04,59.625,Sedang,2,4,26.9,86.8,5.8,27.4,21.5,72.658,kebun jeruk
2022-02-04,48.75,Baik,2,4,26.9,86.5,5.3,26.3,20.5,57.188,kelapa gading
2022-02-04,70.58333333333333,Sedang,2,4,26.7,86.7,4.6,26.3,20.5,69.661,lubang buaya
2022-02-04,52.055416886061174,Sedang,2,4,26.888888888888893,86.9,3.3,17.0,21.5,4.08,us embassy 1
2022-02-04,60.52886079378299,Sedang,2,4,26.8,86.9,5.3,27.4,21.5,83.28,us embassy 2
2022-02-05,57.125,Sedang,2,5,26.2,89.6,6.0,29.9,11.2,42.914,bundaran hi
2022-02-05,59.708333333333336,Sedang,2,5,26.1,89.6,6.0,29.9,11.2,34.161,jagakarsa
2022-02-05,62.708333333333336,Sedang,2,5,26.0,90.8,5.9,29.9,11.2,40.261,kebun jeruk
2022-02-05,53.625,Sedang,2,5,26.3,89.2,6.1,30.6,11.3,52.416,kelapa gading
2022-02-05,59.833333333333336,Sedang,2,5,26.3,88.8,6.0,30.6,11.3,43.553,lubang buaya
2022-02-05,57.189646642095674,Sedang,2,5,26.22222222222222,89.7,3.7,18.6,11.2,1.682,us embassy 1
2022-02-05,60.02518081870296,Sedang,2,5,26.2,89.7,6.0,29.9,11.2,42.127,us embassy 2
2022-02-06,27.708333333333332,Baik,2,6,27.6,82.4,6.3,50.4,15.9,0.083,bundaran hi
2022-02-06,17.583333333333332,Baik,2,6,27.2,82.9,6.3,50.4,15.9,5.534,jagakarsa
2022-02-06,30.708333333333332,Baik,2,6,27.5,83.3,6.6,50.4,15.9,2.506,kebun jeruk
2022-02-06,28.833333333333332,Baik,2,6,27.5,82.4,6.3,51.5,17.1,0.748,kelapa gading
2022-02-06,28.791666666666668,Baik,2,6,27.4,82.5,6.0,51.5,17.1,1.666,lubang buaya
2022-02-06,52.00100225667607,Sedang,2,6,27.61111111111111,82.4,3.9,31.3,15.9,0.0,us embassy 1
2022-02-06,51.21680367996555,Sedang,2,6,27.5,82.6,6.3,50.4,15.9,1.339,us embassy 2
2022-02-07,30.958333333333332,Baik,2,0,27.7,83.7,5.9,31.0,16.7,12.731,bundaran hi
2022-02-07,50.875,Sedang,2,0,27.5,83.9,5.9,31.0,16.7,10.668,jagakarsa
2022-02-07,46.708333333333336,Baik,2,0,27.7,83.7,6.6,31.0,16.7,10.178,kebun jeruk
2022-02-07,36.708333333333336,Baik,2,0,27.7,83.3,5.9,32.8,15.5,15.085,kelapa gading
2022-02-07,50.916666666666664,Sedang,2,0,27.6,83.7,5.5,32.8,15.5,12.338,lubang buaya
2022-02-07,47.04550775607067,Baik,2,0,27.666666666666668,83.7,3.7,19.2,16.7,0.515,us embassy 1
2022-02-07,52.10660833660202,Sedang,2,0,27.6,83.7,6.0,31.0,16.7,11.105,us embassy 2
2022-02-08,51.541666666666664,Sedang,2,1,26.4,91.9,5.2,29.2,16.9,68.18,bundaran hi
2022-02-08,69.45833333333333,Sedang,2,1,26.2,92.4,4.9,29.2,16.9,38.448,jagakarsa
2022-02-08,74.125,Sedang,2,1,26.5,91.5,5.2,29.2,16.9,45.688,kebun jeruk
2022-02-08,62.375,Sedang,2,1,26.5,91.7,5.0,31.7,16.7,34.156,kelapa gading
2022-02-08,100.08333333333333,Tidak Sehat,2,1,26.2,92.7,4.8,31.7,16.7,44.592,lubang buaya
2022-02-08,53.28637560101739,Sedang,2,1,26.444444444444443,91.9,3.2,18.1,16.9,2.736,us embassy 1
2022-02-08,59.10739515851565,Sedang,2,1,26.4,92.0,5.1,29.2,16.9,54.155,us embassy 2
2022-02-09,66.20833333333333,Sedang,2,2,27.3,83.2,5.8,68.4,19.6,1.243,bundaran hi
2022-02-09,88.75,Sedang,2,2,27.1,83.3,5.7,68.4,19.6,9.139,jagakarsa
2022-02-09,88.33333333333333,Sedang,2,2,27.2,84.1,6.2,68.4,19.6,7.633,kebun jeruk
2022-02-09,80.16666666666667,Sedang,2,2,27.3,83.0,5.8,68.4,20.5,3.872,kelapa gading
2022-02-09,105.16666666666667,Tidak Sehat,2,2,27.4,82.3,5.4,68.4,20.5,5.609,lubang buaya
2022-02-09,76.67505910166345,Sedang,2,2,27.27777777777777,83.3,3.6,42.5,19.6,0.04,us embassy 1
2022-02-09,82.07561951028107,Sedang,2,2,27.3,83.3,5.8,68.4,19.6,4.558,us embassy 2
2022-02-10,30.833333333333332,Baik,2,3,27.2,80.6,6.2,44.6,11.1,0.006,bundaran hi
2022-02-10,40.625,Baik,2,3,26.8,81.3,6.3,44.6,11.1,0.788,jagakarsa
2022-02-10,45.458333333333336,Baik,2,3,26.9,81.3,6.8,44.6,11.1,0.179,kebun jeruk
2022-02-10,37.25,Baik,2,3,27.1,80.6,6.4,44.6,12.3,0.038,kelapa gading
2022-02-10,43.583333333333336,Baik,2,3,26.9,81.0,5.9,44.6,12.3,0.155,lubang buaya
2022-02-10,52.14759233347272,Sedang,2,3,27.16666666666667,80.6,3.9,27.7,11.1,0.0,us embassy 1
2022-02-10,53.61797918691301,Sedang,2,3,27.0,80.9,6.4,44.6,11.1,0.12,us embassy 2
2022-02-11,48.208333333333336,Baik,2,4,27.5,81.2,5.9,35.3,23.2,0.388,bundaran hi
2022-02-11,66.08333333333333,Sedang,2,4,27.3,81.8,5.9,35.3,23.2,0.153,jagakarsa
2022-02-11,73.16666666666667,Sedang,2,4,27.7,80.6,6.5,35.3,23.2,0.214,kebun jeruk
2022-02-11,53.0,Sedang,2,4,27.6,81.2,6.1,32.8,22.0,0.154,kelapa gading
2022-02-11,55.208333333333336,Sedang,2,4,27.3,82.4,5.5,32.8,22.0,0.224,lubang buaya
2022-02-11,58.28593396249468,Sedang,2,4,27.555555555555557,81.2,3.7,21.9,23.2,0.016,us embassy 1
2022-02-11,60.75404182417649,Sedang,2,4,27.5,81.3,6.0,35.3,23.2,0.284,us embassy 2
2022-02-12,54.083333333333336,Sedang,2,5,27.9,82.8,5.8,31.3,17.7,0.0,bundaran hi
2022-02-12,60.25,Sedang,2,5,27.6,83.5,5.6,31.3,17.7,0.035,jagakarsa
2022-02-12,61.958333333333336,Sedang,2,5,27.8,83.4,6.1,31.3,17.7,0.0,kebun jeruk
2022-02-12,51.583333333333336,Sedang,2,5,27.9,82.9,5.8,34.2,17.3,0.0,kelapa gading
2022-02-12,59.25,Sedang,2,5,27.7,83.6,5.3,34.2,17.3,0.0,lubang buaya
2022-02-12,63.757890142492954,Sedang,2,5,27.88888888888889,82.8,3.6,19.5,17.7,0.0,us embassy 1
2022-02-12,69.24496571225443,Sedang,2,5,27.8,83.1,5.8,31.3,17.7,0.0,us embassy 2
2022-02-13,65.875,Sedang,2,6,27.1,85.3,5.6,28.1,15.9,0.006,bundaran hi
2022-02-13,92.0,Sedang,2,6,26.8,85.9,5.4,28.1,15.9,0.395,jagakarsa
2022-02-13,87.16666666666667,Sedang,2,6,27.0,85.7,6.0,28.1,15.9,0.201,kebun jeruk
2022-02-13,65.5,Sedang,2,6,27.1,84.9,5.6,29.2,17.0,0.039,kelapa gading
2022-02-13,93.25,Sedang,2,6,26.9,86.2,5.1,29.2,17.0,0.135,lubang buaya
2022-02-13,70.14733448267043,Sedang,2,6,27.11111111111111,85.3,3.5,17.4,15.9,0.0,us embassy 1
2022-02-13,81.13169532880575,Sedang,2,6,27.0,85.6,5.6,28.1,15.9,0.108,us embassy 2
2022-02-14,59.833333333333336,Sedang,2,0,26.4,85.9,5.6,21.6,16.4,23.555,bundaran hi
2022-02-14,89.54166666666667,Sedang,2,0,26.2,86.0,5.6,21.6,16.4,13.043,jagakarsa
2022-02-14,92.45833333333333,Sedang,2,0,26.3,86.2,5.9,21.6,16.4,16.031,kebun jeruk
2022-02-14,84.29166666666667,Sedang,2,0,26.4,85.5,5.8,25.9,17.8,15.122,kelapa gading
2022-02-14,111.45833333333333,Tidak Sehat,2,0,26.3,86.1,5.4,25.9,17.8,17.056,lubang buaya
2022-02-14,80.70508117635708,Sedang,2,0,26.38888888888889,86.0,3.5,13.4,16.4,0.942,us embassy 1
2022-02-14,87.63054441033601,Sedang,2,0,26.3,86.0,5.6,21.6,16.4,19.254,us embassy 2
2022-02-15,61.208333333333336,Sedang,2,1,27.5,82.8,5.5,20.9,17.2,2.107,bundaran hi
2022-02-15,108.20833333333333,Tidak Sehat,2,1,27.3,82.7,5.4,20.9,17.2,8.338,jagakarsa
2022-02-15,111.33333333333333,Tidak Sehat,2,1,27.5,82.7,5.8,20.9,17.2,5.402,kebun jeruk
2022-02-15,85.66666666666667,Sedang,2,1,27.5,81.8,5.6,23.8,17.9,2.719,kelapa gading
2022-02-15,107.79166666666667,Tidak Sehat,2,1,27.3,82.7,5.0,23.8,17.9,4.789,lubang buaya
2022-02-15,71.67565884175315,Sedang,2,1,27.555555555555557,82.9,3.4,13.0,17.2,0.079,us embassy 1
2022-02-15,78.36245388044411,Sedang,2,1,27.5,82.6,5.5,20.9,17.2,4.071,us embassy 2
2022-02-16,75.54166666666667,Sedang,2,2,28.2,80.0,5.6,23.4,22.2,47.031,bundaran hi
2022-02-16,76.58333333333333,Sedang,2,2,27.9,80.5,5.4,23.4,22.2,25.751,jagakarsa
2022-02-16,94.5,Sedang,2,2,28.0,80.2,5.9,23.4,22.2,29.246,kebun jeruk
2022-02-16,80.79166666666667,Sedang,2,2,28.2,79.4,5.6,24.1,23.2,30.565,kelapa gading
2022-02-16,112.79166666666667,Tidak Sehat,2,2,28.0,80.5,5.1,24.1,23.2,31.224,lubang buaya
2022-02-16,69.54086093501735,Sedang,2,2,28.166666666666668,80.0,3.5,14.5,22.2,1.884,us embassy 1
2022-02-16,76.63627269929205,Sedang,2,2,28.1,80.1,5.5,23.4,22.2,36.853,us embassy 2
2022-02-17,68.75,Sedang,2,3,27.4,83.8,5.7,28.1,18.2,0.031,bundaran hi
2022-02-17,67.5,Sedang,2,3,27.1,84.2,5.5,28.1,18.2,2.535,jagakarsa
2022-02-17,11.5,Baik,2,3,27.3,84.1,6.1,28.1,18.2,1.008,kebun jeruk
2022-02-17,74.54166666666667,Sedang,2,3,27.4,83.4,5.6,29.9,19.2,0.208,kelapa gading
2022-02-17,81.125,Sedang,2,3,27.2,83.9,5.2,29.9,19.2,0.658,lubang buaya
2022-02-17,69.54086093501735,Sedang,2,3,27.38888888888889,83.8,3.5,17.4,18.2,0.0,us embassy 1
2022-02-17,76.63627269929205,Sedang,2,3,27.3,83.9,5.7,28.1,18.2,0.487,us embassy 2
2022-02-18,74.0,Sedang,2,4,27.2,86.5,5.0,20.2,8.6,2.825,bundaran hi
2022-02-18,73.0,Sedang,2,4,26.9,86.8,4.6,20.2,8.6,5.406,jagakarsa
2022-02-18,69.0,Sedang,2,4,27.1,87.3,5.1,20.2,8.6,3.519,kebun jeruk
2022-02-18,76.0,Sedang,2,4,27.2,85.7,4.8,19.1,9.3,2.98,kelapa gading
2022-02-18,87.0,Sedang,2,4,27.0,86.1,4.4,19.1,9.3,3.689,lubang buaya
2022-02-18,69.54086093501735,Sedang,2,4,27.22222222222222,86.6,3.1,12.5,8.6,0.11,us embassy 1
2022-02-18,76.63627269929205,Sedang,2,4,27.1,86.6,4.9,20.2,8.6,3.376,us embassy 2
2022-02-19,74.0,Sedang,2,5,27.3,85.4,5.6,22.3,20.7,2.33,bundaran hi
2022-02-19,73.0,Sedang,2,5,27.0,85.9,5.4,22.3,20.7,1.016,jagakarsa
2022-02-19,69.0,Sedang,2,5,27.3,85.5,5.6,22.3,20.7,1.283,kebun jeruk
2022-02-19,76.0,Sedang,2,5,27.3,85.1,5.6,24.5,22.0,0.925,kelapa gading
2022-02-19,87.0,Sedang,2,5,27.0,86.0,5.1,24.5,22.0,1.35,lubang buaya
2022-02-19,69.54086093501735,Sedang,2,5,27.33333333333333,85.4,3.5,13.9,20.7,0.094,us embassy 1
2022-02-19,76.63627269929205,Sedang,2,5,27.2,85.6,5.5,22.3,20.7,1.707,us embassy 2
2022-02-20,74.0,Sedang,2,6,27.7,84.8,5.7,24.8,17.4,0.862,bundaran hi
2022-02-20,73.0,Sedang,2,6,27.3,86.3,5.3,24.8,17.4,2.797,jagakarsa
2022-02-20,69.0,Sedang,2,6,27.5,86.3,5.8,24.8,17.4,2.8,kebun jeruk
2022-02-20,76.0,Sedang,2,6,27.7,84.8,5.7,24.5,19.8,1.279,kelapa gading
2022-02-20,87.0,Sedang,2,6,27.3,86.2,5.2,24.5,19.8,1.888,lubang buaya
2022-02-20,69.54086093501735,Sedang,2,6,27.666666666666668,84.8,3.5,15.4,17.4,0.032,us embassy 1
2022-02-20,76.63627269929205,Sedang,2,6,27.5,85.5,5.6,24.8,17.4,1.775,us embassy 2
2022-02-21,74.0,Sedang,2,0,28.2,77.2,6.1,24.1,20.2,0.015,bundaran hi
2022-02-21,73.0,Sedang,2,0,28.0,77.4,6.1,24.1,20.2,1.041,jagakarsa
2022-02-21,69.0,Sedang,2,0,28.0,78.1,6.3,24.1,20.2,0.361,kebun jeruk
2022-02-21,76.0,Sedang,2,0,28.3,76.6,6.3,26.6,19.9,0.129,kelapa gading
2022-02-21,87.0,Sedang,2,0,28.1,76.8,5.9,26.6,19.9,0.633,lubang buaya
2022-02-21,69.54086093501735,Sedang,2,0,28.22222222222222,77.3,3.8,15.0,20.2,0.0,us embassy 1
2022-02-21,76.63627269929205,Sedang,2,0,28.1,77.3,6.1,24.1,20.2,0.233,us embassy 2
2022-02-22,74.0,Sedang,2,1,28.8,75.9,6.5,30.2,21.9,2.994,bundaran hi
2022-02-22,73.0,Sedang,2,1,28.5,75.9,6.5,30.2,21.9,4.097,jagakarsa
2022-02-22,69.0,Sedang,2,1,28.7,76.2,7.1,30.2,21.9,3.262,kebun jeruk
2022-02-22,76.0,Sedang,2,1,28.8,75.8,6.6,31.7,22.3,2.535,kelapa gading
2022-02-22,87.0,Sedang,2,1,28.6,75.5,6.1,31.7,22.3,3.122,lubang buaya
2022-02-22,69.54086093501735,Sedang,2,1,28.83333333333333,75.9,4.1,18.8,21.9,0.118,us embassy 1
2022-02-22,76.63627269929205,Sedang,2,1,28.8,75.9,6.6,30.2,21.9,3.185,us embassy 2
2022-02-23,70.29166666666667,Sedang,2,2,27.8,78.6,6.3,31.3,17.2,15.886,bundaran hi
2022-02-23,67.04166666666667,Sedang,2,2,27.8,76.9,6.3,31.3,17.2,7.932,jagakarsa
2022-02-23,73.04166666666667,Sedang,2,2,27.7,79.3,6.7,31.3,17.2,10.268,kebun jeruk
2022-02-23,71.54166666666667,Sedang,2,2,27.9,77.3,6.3,33.5,18.0,10.202,kelapa gading
2022-02-23,85.33333333333333,Sedang,2,2,28.1,75.3,6.0,33.5,18.0,11.026,lubang buaya
2022-02-23,57.369794780788716,Sedang,2,2,27.77777777777778,78.8,3.9,19.5,17.2,0.636,us embassy 1
2022-02-23,76.63627269929205,Sedang,2,2,27.9,77.9,6.3,31.3,17.2,12.666,us embassy 2
2022-02-24,44.5,Baik,2,3,27.8,73.4,6.7,35.3,12.1,3.036,bundaran hi
2022-02-24,12.041666666666666,Baik,2,3,27.5,73.8,6.9,33.5,12.1,5.983,jagakarsa
2022-02-24,47.041666666666664,Baik,2,3,27.5,75.2,7.2,35.3,12.1,3.905,kebun jeruk
2022-02-24,49.291666666666664,Baik,2,3,27.8,73.1,6.8,33.5,12.2,3.398,kelapa gading
2022-02-24,50.083333333333336,Sedang,2,3,27.8,72.6,6.6,33.5,12.2,4.164,lubang buaya
2022-02-24,55.6422499751765,Sedang,2,3,27.77777777777778,73.5,4.2,21.9,12.1,0.118,us embassy 1
2022-02-24,76.63627269929205,Sedang,2,3,27.7,73.8,6.9,35.3,12.1,3.646,us embassy 2
2022-02-25,41.625,Baik,2,4,26.8,80.2,6.3,31.7,10.3,3.025,bundaran hi
2022-02-25,51.458333333333336,Sedang,2,4,26.5,80.8,6.5,31.7,10.3,5.273,jagakarsa
2022-02-25,51.666666666666664,Sedang,2,4,26.4,83.0,6.7,31.7,10.3,4.01,kebun jeruk
2022-02-25,54.833333333333336,Sedang,2,4,26.8,79.8,6.5,32.4,11.6,2.955,kelapa gading
2022-02-25,59.833333333333336,Sedang,2,4,26.8,79.3,6.2,32.4,11.6,3.796,lubang buaya
2022-02-25,39.94651792098942,Baik,2,4,26.83333333333333,80.3,3.9,19.7,10.3,0.118,us embassy 1
2022-02-25,71.80808269790204,Sedang,2,4,26.7,80.8,6.4,31.7,10.3,3.611,us embassy 2
2022-02-26,33.833333333333336,Baik,2,5,26.9,81.5,6.5,61.2,13.9,0.061,bundaran hi
2022-02-26,55.25,Sedang,2,5,26.4,83.6,6.6,59.4,13.9,5.213,jagakarsa
2022-02-26,49.25,Baik,2,5,26.7,82.8,7.0,61.2,13.9,1.868,kebun jeruk
2022-02-26,41.541666666666664,Baik,2,5,26.8,81.8,6.7,59.4,16.5,0.417,kelapa gading
2022-02-26,56.041666666666664,Sedang,2,5,26.4,83.9,6.3,59.4,16.5,1.777,lubang buaya
2022-02-26,33.06160751663279,Baik,2,5,26.944444444444443,81.5,4.0,38.0,13.9,0.0,us embassy 1
2022-02-26,38.26709178196488,Baik,2,5,26.7,82.4,6.6,61.2,13.9,1.252,us embassy 2
2022-02-27,41.208333333333336,Baik,2,6,27.1,82.4,6.7,43.6,18.4,1.162,bundaran hi
2022-02-27,44.333333333333336,Baik,2,6,26.8,83.3,6.9,43.6,18.4,5.617,jagakarsa
2022-02-27,55.541666666666664,Sedang,2,6,26.8,83.8,7.3,43.6,18.4,6.151,kebun jeruk
2022-02-27,43.0,Baik,2,6,27.1,82.3,6.8,43.9,19.2,2.453,kelapa gading
2022-02-27,58.5,Sedang,2,6,27.0,82.6,6.5,43.9,19.2,3.639,lubang buaya
2022-02-27,41.32121932136531,Baik,2,6,27.11111111111111,82.4,4.2,27.1,18.4,0.04,us embassy 1
2022-02-27,46.60732176655542,Baik,2,6,27.0,83.0,6.9,43.6,18.4,3.384,us embassy 2
2022-02-28,32.583333333333336,Baik,2,0,27.5,82.4,6.6,38.2,19.1,3.78,bundaran hi
2022-02-28,30.0,Baik,2,0,27.2,83.0,6.8,38.2,19.1,4.798,jagakarsa
2022-02-28,47.916666666666664,Baik,2,0,27.3,83.8,7.0,38.2,19.1,3.904,kebun jeruk
2022-02-28,37.958333333333336,Baik,2,0,27.5,82.4,6.7,41.8,19.6,2.904,kelapa gading
2022-02-28,41.416666666666664,Baik,2,0,27.3,82.4,6.5,41.8,19.6,3.905,lubang buaya
2022-02-28,36.98994774435414,Baik,2,0,27.555555555555557,82.4,4.1,23.7,19.1,0.149,us embassy 1
2022-02-28,33.26483335964435,Baik,2,0,27.4,82.8,6.7,38.2,19.1,3.911,us embassy 2
2022-03-01,36.75,Baik,3,1,25.9,89.1,5.7,40.3,16.2,16.326,bundaran hi
2022-03-01,26.791666666666668,Baik,3,1,25.6,90.0,5.8,40.3,16.2,17.231,jagakarsa
2022-03-01,48.708333333333336,Baik,3,1,25.8,90.2,6.0,40.3,16.2,16.545,kebun jeruk
2022-03-01,25.875,Baik,3,1,25.9,89.1,5.6,41.8,16.8,13.622,kelapa gading
2022-03-01,40.333333333333336,Baik,3,1,25.7,89.8,5.4,41.8,16.8,15.819,lubang buaya
2022-03-01,50.097452771266056,Sedang,3,1,25.944444444444443,89.1,3.5,25.1,16.2,0.646,us embassy 1
2022-03-01,37.47633767640813,Baik,3,1,25.9,89.6,5.7,40.3,16.2,16.296,us embassy 2
2022-03-02,36.25,Baik,3,2,27.4,83.5,6.5,57.6,17.2,6.232,bundaran hi
2022-03-02,26.958333333333332,Baik,3,2,27.1,83.9,6.7,57.6,17.2,10.782,jagakarsa
2022-03-02,50.583333333333336,Sedang,3,2,27.0,85.5,6.8,57.6,17.2,8.891,kebun jeruk
2022-03-02,47.375,Baik,3,2,27.4,83.2,6.7,57.6,18.9,11.598,kelapa gading
2022-03-02,39.083333333333336,Baik,3,2,27.4,82.7,6.4,57.6,18.9,9.79,lubang buaya
2022-03-02,47.863452396987846,Baik,3,2,27.33333333333333,83.6,4.0,35.8,17.2,0.238,us embassy 1
2022-03-02,36.6600121158081,Baik,3,2,27.3,83.9,6.6,57.6,17.2,8.215,us embassy 2
2022-03-03,37.125,Baik,3,3,28.2,78.5,6.8,34.2,20.9,0.006,bundaran hi
2022-03-03,33.083333333333336,Baik,3,3,28.0,78.5,7.0,34.2,20.9,0.627,jagakarsa
2022-03-03,48.0,Baik,3,3,28.1,79.7,7.6,34.2,20.9,0.092,kebun jeruk
2022-03-03,47.208333333333336,Baik,3,3,28.2,78.1,6.9,36.4,21.4,0.062,kelapa gading
2022-03-03,51.708333333333336,Sedang,3,3,28.3,77.2,6.5,36.4,21.4,0.37,lubang buaya
2022-03-03,48.21412833245089,Baik,3,3,28.22222222222222,78.6,4.3,21.3,20.9,0.0,us embassy 1
2022-03-03,36.76785319474938,Baik,3,3,28.2,78.6,7.0,34.2,20.9,0.092,us embassy 2
2022-03-04,39.625,Baik,3,4,28.0,80.0,6.3,35.3,9.7,3.316,bundaran hi
2022-03-04,48.416666666666664,Baik,3,4,27.8,80.3,6.5,35.3,9.7,3.675,jagakarsa
2022-03-04,51.875,Sedang,3,4,27.7,81.8,6.8,35.3,9.7,4.056,kebun jeruk
2022-03-04,45.166666666666664,Baik,3,4,28.0,79.7,6.3,35.3,11.5,3.274,kelapa gading
2022-03-04,55.958333333333336,Sedang,3,4,28.1,79.2,6.0,35.3,11.5,3.535,lubang buaya
2022-03-04,41.60807163496806,Baik,3,4,28.000000000000004,80.1,3.9,21.9,9.7,0.13,us embassy 1
2022-03-04,49.43089118889237,Baik,3,4,27.9,80.3,6.4,35.3,9.7,3.603,us embassy 2
2022-03-05,50.583333333333336,Sedang,3,5,27.3,81.9,6.3,66.6,17.4,12.151,bundaran hi
2022-03-05,58.208333333333336,Sedang,3,5,27.0,83.0,6.3,37.8,17.4,14.647,jagakarsa
2022-03-05,63.166666666666664,Sedang,3,5,27.0,83.4,6.7,66.6,17.4,15.167,kebun jeruk
2022-03-05,54.458333333333336,Sedang,3,5,27.3,82.0,6.2,36.0,18.0,14.696,kelapa gading
2022-03-05,63.5,Sedang,3,5,27.1,82.8,5.9,36.0,18.0,14.338,lubang buaya
2022-03-05,50.82006927619906,Sedang,3,5,27.33333333333333,81.9,3.9,41.4,17.4,0.474,us embassy 1
2022-03-05,52.87333959964291,Sedang,3,5,27.2,82.6,6.3,66.6,17.4,13.678,us embassy 2
2022-03-06,39.625,Baik,3,6,27.4,81.5,6.4,51.8,17.7,0.63,bundaran hi
2022-03-06,43.666666666666664,Baik,3,6,27.2,81.8,6.5,51.8,17.7,3.253,jagakarsa
2022-03-06,48.791666666666664,Baik,3,6,27.1,83.8,6.9,51.8,17.7,1.822,kebun jeruk
2022-03-06,49.541666666666664,Baik,3,6,27.4,81.2,6.4,51.8,17.6,0.541,kelapa gading
2022-03-06,71.54166666666667,Sedang,3,6,27.4,80.8,6.1,51.8,17.6,1.512,lubang buaya
2022-03-06,50.306688499037925,Sedang,3,6,27.444444444444446,81.6,4.0,32.2,17.7,0.024,us embassy 1
2022-03-06,53.636374956887266,Sedang,3,6,27.3,82.0,6.5,51.8,17.7,1.32,us embassy 2
2022-03-07,3.9583333333333335,Baik,3,0,28.6,74.2,6.9,23.8,15.9,0.002,bundaran hi
2022-03-07,40.708333333333336,Baik,3,0,28.2,74.5,7.1,23.8,15.9,0.104,jagakarsa
2022-03-07,34.333333333333336,Baik,3,0,28.2,77.1,7.6,23.8,15.9,0.036,kebun jeruk
2022-03-07,32.583333333333336,Baik,3,0,28.6,73.7,6.9,23.0,15.9,0.013,kelapa gading
2022-03-07,46.083333333333336,Baik,3,0,28.5,72.7,6.6,23.0,15.9,0.064,lubang buaya
2022-03-07,29.42329915272266,Baik,3,0,28.55555555555556,74.4,4.3,14.8,15.9,0.0,us embassy 1
2022-03-07,31.92894246189948,Baik,3,0,28.4,74.7,7.1,23.8,15.9,0.023,us embassy 2
2022-03-08,32.708333333333336,Baik,3,1,27.8,82.1,6.4,37.1,18.6,0.585,bundaran hi
2022-03-08,62.416666666666664,Sedang,3,1,27.5,82.6,6.6,37.1,18.6,1.93,jagakarsa
2022-03-08,47.5,Baik,3,1,27.7,82.8,7.3,37.1,18.6,1.063,kebun jeruk
2022-03-08,56.125,Sedang,3,1,27.8,82.2,6.5,37.1,17.9,2.995,kelapa gading
2022-03-08,89.79166666666667,Sedang,3,1,27.7,82.4,5.9,37.1,17.9,1.708,lubang buaya
2022-03-08,41.54981236186813,Baik,3,1,27.77777777777778,82.1,4.0,23.0,18.6,0.02,us embassy 1
2022-03-08,44.39338117865583,Baik,3,1,27.7,82.3,6.6,37.1,18.6,1.048,us embassy 2
2022-03-09,62.208333333333336,Sedang,3,2,27.6,83.9,6.3,25.2,19.7,0.0,bundaran hi
2022-03-09,63.833333333333336,Sedang,3,2,27.2,85.2,6.2,25.2,19.7,0.372,jagakarsa
2022-03-09,65.29166666666667,Sedang,3,2,27.4,84.7,6.8,25.2,19.7,0.0,kebun jeruk
2022-03-09,66.75,Sedang,3,2,27.6,84.1,6.3,24.8,20.4,0.0,kelapa gading
2022-03-09,81.54166666666667,Sedang,3,2,27.3,85.3,5.8,24.8,20.4,0.0,lubang buaya
2022-03-09,59.13023079324569,Sedang,3,2,27.61111111111111,83.9,3.9,15.7,19.7,0.0,us embassy 1
2022-03-09,59.947825259900874,Sedang,3,2,27.5,84.5,6.4,25.2,19.7,0.0,us embassy 2
2022-03-10,76.375,Sedang,3,3,28.0,81.5,6.2,26.3,21.9,0.082,bundaran hi
2022-03-10,78.20833333333333,Sedang,3,3,27.7,82.5,6.0,26.3,21.9,7.261,jagakarsa
2022-03-10,82.70833333333333,Sedang,3,3,27.9,82.3,6.5,26.3,21.9,2.499,kebun jeruk
2022-03-10,82.08333333333333,Sedang,3,3,28.0,81.4,6.2,28.8,22.8,0.565,kelapa gading
2022-03-10,104.125,Tidak Sehat,3,3,27.8,82.2,5.8,28.8,22.8,2.422,lubang buaya
2022-03-10,69.44229434905775,Sedang,3,3,28.05555555555556,81.5,3.9,16.3,21.9,0.0,us embassy 1
2022-03-10,75.82118336092701,Sedang,3,3,27.9,81.9,6.2,26.3,21.9,1.679,us embassy 2
2022-03-11,89.04166666666667,Sedang,3,4,28.0,83.3,5.5,28.1,16.5,8.067,bundaran hi
2022-03-11,81.625,Sedang,3,4,27.7,83.8,5.2,28.1,16.5,9.353,jagakarsa
2022-03-11,101.54166666666667,Tidak Sehat,3,4,27.9,83.5,6.0,28.1,16.5,7.548,kebun jeruk
2022-03-11,96.45833333333333,Sedang,3,4,28.0,83.0,5.5,28.4,16.1,10.601,kelapa gading
2022-03-11,109.66666666666667,Tidak Sehat,3,4,27.8,83.7,4.7,28.4,16.1,9.101,lubang buaya
2022-03-11,82.13454264409386,Sedang,3,4,28.000000000000004,83.2,3.4,17.4,16.5,0.315,us embassy 1
2022-03-11,91.97465014074508,Sedang,3,4,27.9,83.4,5.5,28.1,16.5,8.269,us embassy 2
2022-03-12,54.75,Sedang,3,5,27.2,87.4,6.1,36.7,14.4,34.203,bundaran hi
2022-03-12,65.5,Sedang,3,5,26.9,88.6,6.2,36.7,14.4,20.184,jagakarsa
2022-03-12,57.458333333333336,Sedang,3,5,27.2,87.5,6.6,36.7,14.4,21.938,kebun jeruk
2022-03-12,52.25,Sedang,3,5,27.2,87.6,6.1,38.9,15.6,18.173,kelapa gading
2022-03-12,69.625,Sedang,3,5,26.9,89.5,5.7,38.9,15.6,22.535,lubang buaya
2022-03-12,58.88892963988322,Sedang,3,5,27.22222222222222,87.4,3.8,22.8,14.4,1.373,us embassy 1
2022-03-12,64.82196132353606,Sedang,3,5,27.1,87.9,6.2,36.7,14.4,26.811,us embassy 2
2022-03-13,53.25,Sedang,3,6,27.9,84.8,6.6,30.2,19.9,2.997,bundaran hi
2022-03-13,58.375,Sedang,3,6,27.6,85.5,6.5,30.2,19.9,11.046,jagakarsa
2022-03-13,61.916666666666664,Sedang,3,6,27.9,84.5,7.0,30.2,19.9,4.179,kebun jeruk
2022-03-13,46.375,Baik,3,6,27.9,84.5,6.7,31.3,20.4,1.734,kelapa gading
2022-03-13,59.166666666666664,Sedang,3,6,27.6,85.8,6.1,31.3,20.4,4.154,lubang buaya
2022-03-13,49.237198887712964,Baik,3,6,27.88888888888889,84.8,4.1,18.8,19.9,0.118,us embassy 1
2022-03-13,55.30852788891085,Sedang,3,6,27.8,84.9,6.6,30.2,19.9,3.862,us embassy 2
2022-03-14,67.75,Sedang,3,0,28.7,82.1,5.9,46.4,20.3,3.309,bundaran hi
2022-03-14,70.95833333333333,Sedang,3,0,28.4,82.1,5.7,46.4,20.3,18.031,jagakarsa
2022-03-14,86.54166666666667,Sedang,3,0,28.5,83.0,6.1,46.4,20.3,9.912,kebun jeruk
2022-03-14,71.54166666666667,Sedang,3,0,28.7,81.5,5.9,46.4,20.3,7.793,kelapa gading
2022-03-14,100.58333333333333,Tidak Sehat,3,0,28.6,81.6,5.5,46.4,20.3,10.276,lubang buaya
2022-03-14,60.54292776096821,Sedang,3,0,28.61111111111111,82.1,3.7,28.9,20.3,0.12,us embassy 1
2022-03-14,72.49758184653616,Sedang,3,0,28.6,82.1,5.8,46.4,20.3,7.785,us embassy 2
2022-03-15,70.91666666666667,Sedang,3,1,26.7,89.1,5.4,18.4,11.8,5.906,bundaran hi
2022-03-15,9.625,Baik,3,1,26.4,90.0,5.2,18.4,11.8,6.513,jagakarsa
2022-03-15,81.58333333333333,Sedang,3,1,26.6,89.3,5.7,18.4,11.8,5.676,kebun jeruk
2022-03-15,72.04166666666667,Sedang,3,1,26.7,88.8,5.3,18.7,12.9,2.919,kelapa gading
2022-03-15,92.375,Sedang,3,1,26.4,90.4,4.7,18.7,12.9,5.201,lubang buaya
2022-03-15,70.21493080603057,Sedang,3,1,26.722222222222214,89.1,3.3,11.4,11.8,0.235,us embassy 1
2022-03-15,77.04355767782823,Sedang,3,1,26.6,89.4,5.3,18.4,11.8,5.669,us embassy 2
2022-03-16,63.333333333333336,Sedang,3,2,28.4,79.9,5.5,23.8,23.0,0.011,bundaran hi
2022-03-16,37.958333333333336,Baik,3,2,28.1,80.4,5.3,23.8,23.0,0.809,jagakarsa
2022-03-16,72.33333333333333,Sedang,3,2,28.2,81.3,5.8,23.8,23.0,0.343,kebun jeruk
2022-03-16,20.75,Baik,3,2,28.4,79.4,5.7,25.6,23.7,0.077,kelapa gading
2022-03-16,81.875,Sedang,3,2,28.3,79.4,5.0,25.6,23.7,0.327,lubang buaya
2022-03-16,60.68537212021388,Sedang,3,2,28.38888888888889,80.0,3.5,14.8,23.0,0.0,us embassy 1
2022-03-16,68.8479720008282,Sedang,3,2,28.3,80.2,5.5,23.8,23.0,0.23,us embassy 2
2022-03-17,93.75,Sedang,3,3,28.7,82.9,4.8,24.5,22.2,0.685,bundaran hi
2022-03-17,106.79166666666667,Tidak Sehat,3,3,28.3,84.2,4.4,24.5,22.2,7.192,jagakarsa
2022-03-17,100.58333333333333,Tidak Sehat,3,3,28.6,82.9,4.9,24.5,22.2,3.258,kebun jeruk
2022-03-17,83.83333333333333,Sedang,3,3,28.7,82.9,4.8,25.9,22.5,1.099,kelapa gading
2022-03-17,130.375,Tidak Sehat,3,3,28.4,84.4,4.2,25.9,22.5,3.073,lubang buaya
2022-03-17,81.83253746994912,Sedang,3,3,28.72222222222222,82.8,3.0,15.2,22.2,0.024,us embassy 1
2022-03-17,98.26967232424386,Sedang,3,3,28.6,83.3,4.7,24.5,22.2,2.406,us embassy 2
2022-03-18,85.54166666666667,Sedang,3,4,28.3,82.9,5.4,24.1,21.7,0.0,bundaran hi
2022-03-18,86.29166666666667,Sedang,3,4,27.9,84.2,5.2,24.1,21.7,2.295,jagakarsa
2022-03-18,104.625,Tidak Sehat,3,4,28.2,83.2,5.8,24.1,21.7,0.0,kebun jeruk
2022-03-18,79.41666666666667,Sedang,3,4,28.2,82.9,5.4,24.8,22.2,0.0,kelapa gading
2022-03-18,117.04166666666667,Tidak Sehat,3,4,27.9,84.3,4.8,24.8,22.2,0.0,lubang buaya
2022-03-18,82.92418973740511,Sedang,3,4,28.33333333333333,82.9,3.4,15.0,21.7,0.0,us embassy 1
2022-03-18,99.60598012088536,Sedang,3,4,28.2,83.4,5.4,24.1,21.7,0.0,us embassy 2
2022-03-19,36.166666666666664,Baik,3,5,29.1,75.9,6.9,33.1,21.6,0.0,bundaran hi
2022-03-19,37.75,Baik,3,5,28.8,77.0,7.1,33.1,21.6,0.0,jagakarsa
2022-03-19,38.291666666666664,Baik,3,5,28.9,77.1,7.6,33.1,21.6,0.0,kebun jeruk
2022-03-19,39.958333333333336,Baik,3,5,29.1,76.0,7.0,33.1,22.3,0.0,kelapa gading
2022-03-19,55.375,Sedang,3,5,28.9,76.6,6.6,33.1,22.3,0.0,lubang buaya
2022-03-19,59.047973776273984,Sedang,3,5,29.05555555555556,75.9,4.3,20.6,21.6,0.0,us embassy 1
2022-03-19,67.20168334125248,Sedang,3,5,29.0,76.4,7.0,33.1,21.6,0.0,us embassy 2
2022-03-20,37.166666666666664,Baik,3,6,29.4,70.9,7.1,46.4,21.0,0.0,bundaran hi
2022-03-20,54.583333333333336,Sedang,3,6,29.0,72.0,7.4,46.4,21.0,0.0,jagakarsa
2022-03-20,48.375,Baik,3,6,29.3,72.0,7.8,46.4,21.0,0.0,kebun jeruk
2022-03-20,37.666666666666664,Baik,3,6,29.4,70.4,7.4,46.4,20.8,0.0,kelapa gading
2022-03-20,55.0,Sedang,3,6,29.1,71.8,7.0,46.4,20.8,0.0,lubang buaya
2022-03-20,37.98711719101598,Baik,3,6,29.38888888888889,70.9,4.4,28.9,21.0,0.0,us embassy 1
2022-03-20,52.028082293185605,Sedang,3,6,29.3,71.4,7.3,46.4,21.0,0.0,us embassy 2
2022-03-21,19.541666666666668,Baik,3,0,29.0,73.1,7.2,40.7,22.2,0.0,bundaran hi
2022-03-21,41.125,Baik,3,0,28.6,73.9,7.5,40.7,22.2,0.053,jagakarsa
2022-03-21,34.125,Baik,3,0,28.9,73.6,7.9,40.7,22.2,0.0,kebun jeruk
2022-03-21,24.208333333333332,Baik,3,0,29.0,72.8,7.2,38.5,22.7,0.0,kelapa gading
2022-03-21,45.291666666666664,Baik,3,0,28.7,73.6,7.1,38.5,22.7,0.0,lubang buaya
2022-03-21,31.14455794244684,Baik,3,0,29.0,73.1,4.5,25.3,22.2,0.0,us embassy 1
2022-03-21,40.32737374901543,Baik,3,0,28.9,73.4,7.4,40.7,22.2,0.0,us embassy 2
2022-03-22,18.583333333333332,Baik,3,1,28.6,77.2,6.6,32.4,20.2,1.942,bundaran hi
2022-03-22,53.625,Sedang,3,1,28.4,77.6,6.8,32.4,20.2,1.207,jagakarsa
2022-03-22,29.875,Baik,3,1,28.6,76.9,7.1,32.4,20.2,1.068,kebun jeruk
2022-03-22,32.958333333333336,Baik,3,1,28.7,76.8,6.8,32.8,19.8,0.77,kelapa gading
2022-03-22,43.166666666666664,Baik,3,1,28.5,77.6,6.5,32.8,19.8,1.121,lubang buaya
2022-03-22,28.801918570182835,Baik,3,1,28.666666666666668,77.2,4.1,20.1,20.2,0.078,us embassy 1
2022-03-22,40.797310438675034,Baik,3,1,28.6,77.2,6.8,32.4,20.2,1.422,us embassy 2
2022-03-23,46.125,Baik,3,2,27.6,82.6,6.4,57.6,19.2,0.145,bundaran hi
2022-03-23,45.083333333333336,Baik,3,2,27.3,83.0,6.7,57.6,19.2,3.781,jagakarsa
2022-03-23,42.166666666666664,Baik,3,2,27.3,83.7,6.8,57.6,19.2,5.021,kebun jeruk
2022-03-23,51.375,Sedang,3,2,27.6,81.9,6.5,57.6,19.9,0.919,kelapa gading
2022-03-23,51.25,Sedang,3,2,27.5,82.5,6.4,57.6,19.9,2.375,lubang buaya
2022-03-23,53.4191486138124,Sedang,3,2,27.555555555555557,82.7,3.9,35.8,19.2,0.001,us embassy 1
2022-03-23,58.2203180758244,Sedang,3,2,27.5,82.8,6.5,57.6,19.2,2.246,us embassy 2
2022-03-24,40.333333333333336,Baik,3,3,28.6,77.0,6.1,24.5,22.3,4.857,bundaran hi
2022-03-24,0.0,Baik,3,3,28.4,77.4,6.2,24.5,22.3,2.177,jagakarsa
2022-03-24,0.0,Baik,3,3,28.4,78.2,6.7,24.5,22.3,2.684,kebun jeruk
2022-03-24,45.625,Baik,3,3,28.6,76.8,6.2,25.6,22.7,1.934,kelapa gading
2022-03-24,57.333333333333336,Sedang,3,3,28.6,76.8,5.8,25.6,22.7,2.856,lubang buaya
2022-03-24,43.57096537999374,Baik,3,3,28.61111111111111,77.1,3.8,15.2,22.3,0.196,us embassy 1
2022-03-24,50.97327440994041,Sedang,3,3,28.5,77.3,6.2,24.5,22.3,3.568,us embassy 2
2022-03-25,79.79166666666667,Sedang,3,4,29.1,79.9,5.3,22.7,22.6,0.009,bundaran hi
2022-03-25,55.375,Sedang,3,4,28.8,80.2,5.0,22.7,22.6,1.059,jagakarsa
2022-03-25,4.791666666666667,Baik,3,4,28.9,80.5,5.5,22.7,22.6,0.158,kebun jeruk
2022-03-25,97.625,Sedang,3,4,29.1,79.5,5.3,24.1,22.7,0.105,kelapa gading
2022-03-25,14.041666666666666,Baik,3,4,29.0,79.9,4.7,24.1,22.7,0.634,lubang buaya
2022-03-25,79.28628129864461,Sedang,3,4,29.05555555555556,79.9,3.3,14.1,22.6,0.0,us embassy 1
2022-03-25,89.14058321857469,Sedang,3,4,29.0,80.0,5.2,22.7,22.6,0.159,us embassy 2
2022-03-26,75.91666666666667,Sedang,3,5,26.4,89.6,5.0,40.7,20.0,23.024,bundaran hi
2022-03-26,86.58333333333333,Sedang,3,5,26.1,90.7,4.7,40.7,20.0,15.908,jagakarsa
2022-03-26,97.83333333333333,Sedang,3,5,26.4,89.4,4.9,40.7,20.0,19.274,kebun jeruk
2022-03-26,84.45833333333333,Sedang,3,5,26.4,89.6,5.1,40.7,20.4,27.005,kelapa gading
2022-03-26,48.708333333333336,Baik,3,5,26.2,91.7,4.5,40.7,20.4,22.019,lubang buaya
2022-03-26,81.96815592000341,Sedang,3,5,26.444444444444443,89.5,3.1,25.3,20.0,0.906,us embassy 1
2022-03-26,88.5528486230461,Sedang,3,5,26.4,90.0,4.9,40.7,20.0,21.497,us embassy 2
2022-03-27,74.0,Sedang,3,6,27.4,85.4,5.3,48.2,18.5,9.182,bundaran hi
2022-03-27,73.0,Sedang,3,6,27.1,86.0,5.1,48.2,18.5,21.542,jagakarsa
2022-03-27,69.0,Sedang,3,6,27.5,85.0,5.7,48.2,18.5,13.611,kebun jeruk
2022-03-27,76.0,Sedang,3,6,27.4,85.4,5.3,48.2,19.7,11.149,kelapa gading
2022-03-27,87.0,Sedang,3,6,27.1,86.8,4.7,48.2,19.7,14.348,lubang buaya
2022-03-27,70.2790465113706,Sedang,3,6,27.38888888888889,85.4,3.3,30.0,18.5,0.355,us embassy 1
2022-03-27,77.19206467212922,Sedang,3,6,27.3,85.6,5.3,48.2,18.5,12.454,us embassy 2
2022-03-28,59.166666666666664,Sedang,3,0,28.0,82.5,5.9,24.8,21.7,5.425,bundaran hi
2022-03-28,56.958333333333336,Sedang,3,0,27.7,82.4,5.8,24.8,21.7,25.765,jagakarsa
2022-03-28,65.54166666666667,Sedang,3,0,27.8,83.3,6.4,24.8,21.7,14.482,kebun jeruk
2022-03-28,64.5,Sedang,3,0,27.9,82.2,5.8,27.7,22.4,11.259,kelapa gading
2022-03-28,14.5,Baik,3,0,27.9,81.7,5.4,27.7,22.4,14.835,lubang buaya
2022-03-28,61.35577112958857,Sedang,3,0,27.944444444444443,82.5,3.7,15.4,21.7,0.199,us embassy 1
2022-03-28,67.34544239487714,Sedang,3,0,27.9,82.6,5.9,24.8,21.7,11.559,us embassy 2
2022-03-29,61.25,Sedang,3,1,29.0,77.5,5.7,24.8,22.3,0.0,bundaran hi
2022-03-29,73.70833333333333,Sedang,3,1,28.7,78.1,5.5,24.8,22.3,0.0,jagakarsa
2022-03-29,83.79166666666667,Sedang,3,1,28.9,78.4,6.1,24.8,22.3,0.0,kebun jeruk
2022-03-29,63.708333333333336,Sedang,3,1,29.0,77.4,5.7,25.9,22.5,0.0,kelapa gading
2022-03-29,94.5,Sedang,3,1,28.9,77.9,5.1,25.9,22.5,0.0,lubang buaya
2022-03-29,56.99843161212342,Sedang,3,1,29.05555555555556,77.5,3.5,15.4,22.3,0.0,us embassy 1
2022-03-29,67.79067323363198,Sedang,3,1,28.9,77.8,5.7,24.8,22.3,0.0,us embassy 2
2022-03-30,65.08333333333333,Sedang,3,2,29.0,75.9,5.1,19.8,23.0,0.0,bundaran hi
2022-03-30,79.70833333333333,Sedang,3,2,28.7,76.2,4.9,19.8,23.0,0.0,jagakarsa
2022-03-30,93.125,Sedang,3,2,28.8,76.9,5.3,19.8,23.0,0.0,kebun jeruk
2022-03-30,80.25,Sedang,3,2,29.0,75.7,5.1,20.9,23.4,0.0,kelapa gading
2022-03-30,105.08333333333333,Tidak Sehat,3,2,29.0,75.3,4.7,20.9,23.4,0.0,lubang buaya
2022-03-30,65.34732370546871,Sedang,3,2,28.944444444444443,75.9,3.3,12.3,23.0,0.0,us embassy 1
2022-03-30,90.54846279663197,Sedang,3,2,28.9,76.1,5.1,19.8,23.0,0.0,us embassy 2
2022-03-31,92.58333333333333,Sedang,3,3,28.3,79.9,5.7,24.1,22.4,0.007,bundaran hi
2022-03-31,35.416666666666664,Baik,3,3,28.0,80.8,5.4,24.1,22.4,1.629,jagakarsa
2022-03-31,56.208333333333336,Sedang,3,3,28.4,79.9,5.8,24.1,22.4,0.109,kebun jeruk
2022-03-31,103.08333333333333,Tidak Sehat,3,3,28.3,79.8,5.5,23.8,23.2,0.065,kelapa gading
2022-03-31,138.33333333333334,Tidak Sehat,3,3,27.9,81.2,5.1,23.8,23.2,0.386,lubang buaya
2022-03-31,53.196711627846526,Sedang,3,3,28.33333333333333,79.8,3.5,15.0,22.4,0.0,us embassy 1
2022-03-31,112.50314929195828,Tidak Sehat,3,3,28.3,80.2,5.6,24.1,22.4,0.104,us embassy 2
2022-04-01,85.08333333333333,Sedang,4,4,28.3,79.7,5.9,19.8,16.9,3.893,bundaran hi
2022-04-01,78.29166666666667,Sedang,4,4,28.1,79.9,6.1,19.8,16.9,1.702,jagakarsa
2022-04-01,94.58333333333333,Sedang,4,4,28.2,80.8,6.3,19.8,16.9,2.196,kebun jeruk
2022-04-01,97.91666666666667,Sedang,4,4,28.3,79.5,6.1,19.8,18.5,1.811,kelapa gading
2022-04-01,120.20833333333333,Tidak Sehat,4,4,28.2,79.4,5.8,19.8,18.5,2.296,lubang buaya
2022-04-01,85.73078474612282,Sedang,4,4,28.277777777777786,79.8,3.7,12.3,16.9,0.157,us embassy 1
2022-04-01,95.02313695513872,Sedang,4,4,28.3,79.9,6.0,19.8,16.9,2.883,us embassy 2
2022-04-02,70.79166666666667,Sedang,4,5,27.9,83.0,6.1,25.9,21.7,17.489,bundaran hi
2022-04-02,69.58333333333333,Sedang,4,5,27.8,83.0,6.3,25.9,21.7,7.056,jagakarsa
2022-04-02,72.75,Sedang,4,5,28.0,82.4,6.8,25.9,21.7,9.868,kebun jeruk
2022-04-02,78.16666666666667,Sedang,4,5,28.1,82.0,6.3,26.3,22.6,6.976,kelapa gading
2022-04-02,98.70833333333333,Sedang,4,5,27.9,83.3,5.8,26.3,22.6,10.205,lubang buaya
2022-04-02,71.08912925379663,Sedang,4,5,27.88888888888889,83.0,3.8,16.1,21.7,0.706,us embassy 1
2022-04-02,75.14776564314876,Sedang,4,5,27.9,82.8,6.3,25.9,21.7,12.908,us embassy 2
2022-04-03,54.333333333333336,Sedang,4,6,27.1,84.3,6.6,32.8,16.9,26.72,bundaran hi
2022-04-03,60.083333333333336,Sedang,4,6,26.8,85.1,6.7,32.8,16.9,15.759,jagakarsa
2022-04-03,60.291666666666664,Sedang,4,6,27.0,84.8,7.0,32.8,16.9,19.675,kebun jeruk
2022-04-03,52.208333333333336,Sedang,4,6,27.1,83.9,6.7,32.4,16.8,13.539,kelapa gading
2022-04-03,77.58333333333333,Sedang,4,6,26.9,85.5,6.4,32.4,16.8,18.449,lubang buaya
2022-04-03,50.35957948283136,Sedang,4,6,27.05555555555556,84.2,4.1,20.4,16.9,1.071,us embassy 1
2022-04-03,63.19883710244878,Sedang,4,6,27.0,84.6,6.7,32.8,16.9,21.944,us embassy 2
2022-04-04,47.458333333333336,Baik,4,0,28.4,76.7,6.9,40.7,20.0,0.0,bundaran hi
2022-04-04,51.625,Sedang,4,0,28.1,77.7,7.1,40.7,20.0,0.062,jagakarsa
2022-04-04,64.91666666666667,Sedang,4,0,28.4,76.6,7.7,40.7,20.0,0.001,kebun jeruk
2022-04-04,53.916666666666664,Sedang,4,0,28.4,76.9,7.2,40.7,19.9,0.001,kelapa gading
2022-04-04,70.16666666666667,Sedang,4,0,28.2,78.5,6.6,40.7,19.9,0.005,lubang buaya
2022-04-04,39.51898395762115,Baik,4,0,28.38888888888889,76.7,4.3,25.3,20.0,0.0,us embassy 1
2022-04-04,55.16990514763392,Sedang,4,0,28.3,77.0,7.1,40.7,20.0,0.001,us embassy 2
2022-04-05,67.04166666666667,Sedang,4,1,27.6,82.3,6.0,44.6,20.8,53.595,bundaran hi
2022-04-05,55.208333333333336,Sedang,4,1,27.3,83.2,5.9,23.0,20.8,33.288,jagakarsa
2022-04-05,73.08333333333333,Sedang,4,1,27.5,82.6,6.5,44.6,20.8,40.51,kebun jeruk
2022-04-05,82.33333333333333,Sedang,4,1,27.6,82.5,5.9,23.8,20.9,38.747,kelapa gading
2022-04-05,86.25,Sedang,4,1,27.4,83.7,5.4,23.8,20.9,39.825,lubang buaya
2022-04-05,63.00668999180501,Sedang,4,1,27.61111111111111,82.2,3.7,27.7,20.8,2.137,us embassy 1
2022-04-05,64.9092468899748,Sedang,4,1,27.5,82.7,6.0,44.6,20.8,45.43,us embassy 2
2022-04-06,60.791666666666664,Sedang,4,2,28.6,76.0,7.4,25.9,19.4,0.082,bundaran hi
2022-04-06,52.416666666666664,Sedang,4,2,28.4,76.1,7.8,25.9,19.4,1.374,jagakarsa
2022-04-06,69.29166666666667,Sedang,4,2,28.6,75.9,7.7,25.9,19.4,0.73,kebun jeruk
2022-04-06,65.83333333333333,Sedang,4,2,28.6,76.2,7.7,25.6,19.9,2.162,kelapa gading
2022-04-06,89.83333333333333,Sedang,4,2,28.5,76.1,7.7,25.6,19.9,1.304,lubang buaya
2022-04-06,63.99598519272243,Sedang,4,2,28.666666666666668,76.0,4.6,16.1,19.4,0.001,us embassy 1
2022-04-06,67.98139461785239,Sedang,4,2,28.6,76.0,7.6,25.9,19.4,0.625,us embassy 2
2022-04-07,60.583333333333336,Sedang,4,3,28.7,77.5,7.4,23.8,23.0,0.007,bundaran hi
2022-04-07,54.333333333333336,Sedang,4,3,28.5,77.9,7.8,23.8,23.0,0.303,jagakarsa
2022-04-07,72.79166666666667,Sedang,4,3,28.7,77.6,7.7,23.8,23.0,0.207,kebun jeruk
2022-04-07,68.95833333333333,Sedang,4,3,28.7,77.9,7.6,23.8,23.4,0.05,kelapa gading
2022-04-07,93.91666666666667,Sedang,4,3,28.6,77.8,7.7,23.8,23.4,0.185,lubang buaya
2022-04-07,63.95473336794711,Sedang,4,3,28.72222222222222,77.5,4.6,14.8,23.0,0.0,us embassy 1
2022-04-07,64.00118555656594,Sedang,4,3,28.7,77.6,7.6,23.8,23.0,0.106,us embassy 2
2022-04-08,58.041666666666664,Sedang,4,4,28.1,77.6,7.1,25.9,19.8,44.763,bundaran hi
2022-04-08,64.625,Sedang,4,4,27.9,77.5,7.5,25.9,19.8,26.845,jagakarsa
2022-04-08,68.875,Sedang,4,4,28.0,77.3,7.4,25.9,19.8,32.087,kebun jeruk
2022-04-08,63.416666666666664,Sedang,4,4,28.1,77.2,7.2,22.3,19.7,47.999,kelapa gading
2022-04-08,81.66666666666667,Sedang,4,4,28.0,77.4,7.3,22.3,19.7,37.389,lubang buaya
2022-04-08,57.98357520338903,Sedang,4,4,28.05555555555556,77.6,4.4,16.1,19.8,1.77,us embassy 1
2022-04-08,66.89528742363963,Sedang,4,4,28.0,77.4,7.3,25.9,19.8,38.793,us embassy 2
2022-04-09,60.5,Sedang,4,5,28.5,76.6,7.1,20.5,22.5,0.04,bundaran hi
2022-04-09,73.29166666666667,Sedang,4,5,28.2,77.5,7.5,20.5,22.5,2.712,jagakarsa
2022-04-09,70.29166666666667,Sedang,4,5,28.4,77.2,7.4,20.5,22.5,1.053,kebun jeruk
2022-04-09,62.166666666666664,Sedang,4,5,28.5,77.0,7.4,21.2,21.8,0.348,kelapa gading
2022-04-09,79.33333333333333,Sedang,4,5,28.3,77.2,7.4,21.2,21.8,1.64,lubang buaya
2022-04-09,51.460506229828475,Sedang,4,5,28.5,76.5,4.4,12.8,22.5,0.0,us embassy 1
2022-04-09,61.72366236937791,Sedang,4,5,28.4,76.9,7.3,20.5,22.5,0.651,us embassy 2
2022-04-10,79.125,Sedang,4,6,28.5,78.9,6.4,18.7,19.3,0.006,bundaran hi
2022-04-10,93.20833333333333,Sedang,4,6,28.0,80.3,6.4,18.7,19.3,0.514,jagakarsa
2022-04-10,101.91666666666667,Tidak Sehat,4,6,28.2,79.8,6.4,18.7,19.3,0.158,kebun jeruk
2022-04-10,92.91666666666667,Sedang,4,6,28.4,79.1,6.7,17.6,19.3,0.05,kelapa gading
2022-04-10,150.20833333333334,Tidak Sehat,4,6,28.2,79.7,6.5,17.6,19.3,0.242,lubang buaya
2022-04-10,75.88867021942195,Sedang,4,6,28.5,78.9,4.0,11.6,19.3,0.0,us embassy 1
2022-04-10,90.31129721059358,Sedang,4,6,28.3,79.4,6.4,18.7,19.3,0.117,us embassy 2
2022-04-11,70.95833333333333,Sedang,4,0,28.5,78.7,6.4,19.8,20.4,29.159,bundaran hi
2022-04-11,90.04166666666667,Sedang,4,0,28.2,79.6,6.4,19.8,20.4,15.591,jagakarsa
2022-04-11,85.16666666666667,Sedang,4,0,28.4,79.1,6.5,19.8,20.4,16.907,kebun jeruk
2022-04-11,86.25,Sedang,4,0,28.6,78.6,6.5,19.8,21.1,11.857,kelapa gading
2022-04-11,104.70833333333333,Tidak Sehat,4,0,28.4,79.1,6.5,19.8,21.1,18.045,lubang buaya
2022-04-11,69.39614179551876,Sedang,4,0,28.5,78.7,4.0,12.3,20.4,1.175,us embassy 1
2022-04-11,79.47272905666443,Sedang,4,0,28.4,79.0,6.4,19.8,20.4,21.89,us embassy 2
2022-04-12,81.45833333333333,Sedang,4,1,28.1,83.1,5.2,19.4,20.3,2.125,bundaran hi
2022-04-12,94.20833333333333,Sedang,4,1,27.8,83.4,5.0,19.4,20.3,10.975,jagakarsa
2022-04-12,99.20833333333333,Sedang,4,1,28.0,83.0,5.0,19.4,20.3,5.439,kebun jeruk
2022-04-12,93.125,Sedang,4,1,28.2,82.4,5.4,19.8,21.1,2.934,kelapa gading
2022-04-12,102.91666666666667,Tidak Sehat,4,1,28.0,83.0,5.1,19.8,21.1,5.417,lubang buaya
2022-04-12,69.52275695816833,Sedang,4,1,28.111111111111107,83.1,3.2,12.1,20.3,0.08,us embassy 1
2022-04-12,86.26924444408348,Sedang,4,1,28.0,83.0,5.1,19.4,20.3,4.451,us embassy 2
2022-04-13,96.08333333333333,Sedang,4,2,28.8,79.4,5.3,20.9,21.9,0.01,bundaran hi
2022-04-13,103.33333333333333,Tidak Sehat,4,2,28.5,79.8,5.1,20.9,21.9,0.996,jagakarsa
2022-04-13,108.04166666666667,Tidak Sehat,4,2,28.7,79.4,5.2,20.9,21.9,0.204,kebun jeruk
2022-04-13,102.20833333333333,Tidak Sehat,4,2,28.9,78.8,5.6,20.5,22.7,0.098,kelapa gading
2022-04-13,114.875,Tidak Sehat,4,2,28.7,79.4,5.3,20.5,22.7,0.552,lubang buaya
2022-04-13,84.5936088638163,Sedang,4,2,28.77777777777778,79.4,3.3,13.0,21.9,0.0,us embassy 1
2022-04-13,102.22405889881331,Tidak Sehat,4,2,28.7,79.4,5.3,20.9,21.9,0.176,us embassy 2
2022-04-14,81.54166666666667,Sedang,4,3,29.0,76.2,6.8,26.3,22.3,0.395,bundaran hi
2022-04-14,87.70833333333333,Sedang,4,3,28.8,76.3,6.9,26.3,22.3,0.824,jagakarsa
2022-04-14,89.54166666666667,Sedang,4,3,28.9,76.0,6.9,26.3,22.3,0.31,kebun jeruk
2022-04-14,88.41666666666667,Sedang,4,3,29.0,75.8,7.0,23.8,23.1,0.219,kelapa gading
2022-04-14,108.83333333333333,Tidak Sehat,4,3,28.9,76.2,6.9,23.8,23.1,0.614,lubang buaya
2022-04-14,81.78811877043348,Sedang,4,3,29.0,76.2,4.2,16.3,22.3,0.016,us embassy 1
2022-04-14,95.76485111002775,Sedang,4,3,29.0,76.1,6.9,26.3,22.3,0.381,us embassy 2
2022-04-15,71.58333333333333,Sedang,4,4,29.5,76.6,5.8,21.2,21.5,0.07,bundaran hi
2022-04-15,81.25,Sedang,4,4,29.1,77.4,5.7,21.2,21.5,7.067,jagakarsa
2022-04-15,87.58333333333333,Sedang,4,4,29.3,77.0,5.8,21.2,21.5,1.437,kebun jeruk
2022-04-15,77.83333333333333,Sedang,4,4,29.5,76.3,6.0,22.0,22.1,0.695,kelapa gading
2022-04-15,97.25,Sedang,4,4,29.3,76.9,5.8,22.0,22.1,3.924,lubang buaya
2022-04-15,62.488750826813764,Sedang,4,4,29.5,76.6,3.6,13.2,21.5,0.0,us embassy 1
2022-04-15,71.79200102517079,Sedang,4,4,29.4,76.8,5.8,21.2,21.5,1.243,us embassy 2
2022-04-16,77.0,Sedang,4,5,29.2,75.7,6.3,18.7,22.2,0.647,bundaran hi
2022-04-16,96.875,Sedang,4,5,28.9,76.3,6.4,18.7,22.2,1.807,jagakarsa
2022-04-16,98.75,Sedang,4,5,29.1,75.9,6.5,18.7,22.2,2.577,kebun jeruk
2022-04-16,78.58333333333333,Sedang,4,5,29.2,75.4,6.7,18.7,22.7,0.633,kelapa gading
2022-04-16,118.58333333333333,Tidak Sehat,4,5,29.1,75.9,6.5,18.7,22.7,1.314,lubang buaya
2022-04-16,72.89033965148218,Sedang,4,5,29.22222222222222,75.7,3.9,11.6,22.2,0.024,us embassy 1
2022-04-16,84.99475835918791,Sedang,4,5,29.2,75.8,6.4,18.7,22.2,1.421,us embassy 2
2022-04-17,96.5,Sedang,4,6,29.4,78.6,6.1,35.3,21.8,0.04,bundaran hi
2022-04-17,108.25,Tidak Sehat,4,6,29.0,79.3,6.1,35.3,21.8,2.908,jagakarsa
2022-04-17,109.0,Tidak Sehat,4,6,29.2,79.0,6.1,35.3,21.8,1.235,kebun jeruk
2022-04-17,95.95833333333333,Sedang,4,6,29.4,78.3,6.3,35.3,22.3,0.279,kelapa gading
2022-04-17,142.45833333333334,Tidak Sehat,4,6,29.2,78.8,6.2,35.3,22.3,1.129,lubang buaya
2022-04-17,84.95664984358346,Sedang,4,6,29.444444444444443,78.6,3.8,21.9,21.8,0.0,us embassy 1
2022-04-17,100.18289963426888,Tidak Sehat,4,6,29.3,78.8,6.1,35.3,21.8,0.82,us embassy 2
2022-04-18,74.33333333333333,Sedang,4,0,29.5,79.7,7.5,21.6,22.1,15.877,bundaran hi
2022-04-18,98.25,Sedang,4,0,29.1,80.3,7.6,21.6,22.1,18.068,jagakarsa
2022-04-18,85.58333333333333,Sedang,4,0,29.3,79.7,7.7,21.6,22.1,12.362,kebun jeruk
2022-04-18,75.29166666666667,Sedang,4,0,29.4,79.5,7.7,22.3,22.8,14.218,kelapa gading
2022-04-18,137.66666666666666,Tidak Sehat,4,0,29.3,79.9,7.6,22.3,22.8,17.015,lubang buaya
2022-04-18,72.05532584880773,Sedang,4,0,29.5,79.7,4.7,13.4,22.1,0.628,us embassy 1
2022-04-18,89.10473977057656,Sedang,4,0,29.4,79.8,7.6,21.6,22.1,14.615,us embassy 2
2022-04-19,55.291666666666664,Sedang,4,1,28.5,80.8,5.8,35.3,17.1,0.498,bundaran hi
2022-04-19,60.25,Sedang,4,1,28.1,81.8,5.6,35.3,17.1,7.563,jagakarsa
2022-04-19,70.70833333333333,Sedang,4,1,28.3,81.3,5.7,35.3,17.1,3.058,kebun jeruk
2022-04-19,56.75,Sedang,4,1,28.5,80.6,5.8,35.3,17.8,1.085,kelapa gading
2022-04-19,78.79166666666667,Sedang,4,1,28.3,81.2,5.7,35.3,17.8,4.592,lubang buaya
2022-04-19,69.54086093501735,Sedang,4,1,28.5,80.8,3.6,21.9,17.1,0.016,us embassy 1
2022-04-19,71.9227525067126,Sedang,4,1,28.4,81.1,5.7,35.3,17.1,2.059,us embassy 2
2022-04-20,63.125,Sedang,4,2,28.5,80.2,6.4,30.2,15.9,3.888,bundaran hi
2022-04-20,74.41666666666667,Sedang,4,2,28.2,81.2,6.6,30.2,15.9,2.236,jagakarsa
2022-04-20,76.58333333333333,Sedang,4,2,28.4,80.8,6.5,30.2,15.9,2.214,kebun jeruk
2022-04-20,67.375,Sedang,4,2,28.5,80.0,6.7,29.5,16.4,1.597,kelapa gading
2022-04-20,92.20833333333333,Sedang,4,2,28.3,80.6,6.6,29.5,16.4,2.546,lubang buaya
2022-04-20,42.39033030668567,Baik,4,2,28.5,80.2,3.9,18.8,15.9,0.157,us embassy 1
2022-04-20,83.4698864531637,Sedang,4,2,28.4,80.5,6.5,30.2,15.9,2.912,us embassy 2
2022-04-21,52.791666666666664,Sedang,4,3,26.8,87.6,6.3,26.6,6.9,11.897,bundaran hi
2022-04-21,12.5,Baik,4,3,26.5,88.5,6.4,26.6,6.9,9.283,jagakarsa
2022-04-21,60.458333333333336,Sedang,4,3,26.7,88.2,6.5,26.6,6.9,10.732,kebun jeruk
2022-04-21,58.25,Sedang,4,3,26.9,87.3,6.6,28.8,7.6,9.599,kelapa gading
2022-04-21,31.041666666666668,Baik,4,3,26.7,87.9,6.4,28.8,7.6,10.083,lubang buaya
2022-04-21,53.34578803041311,Sedang,4,3,26.83333333333333,87.6,3.9,16.6,6.9,0.471,us embassy 1
2022-04-21,56.98687711800549,Sedang,4,3,26.7,87.9,6.4,26.6,6.9,11.006,us embassy 2
2022-04-22,80.66666666666667,Sedang,4,4,26.3,89.3,5.0,33.5,15.6,6.315,bundaran hi
2022-04-22,76.75,Sedang,4,4,26.0,90.0,4.8,33.5,15.6,10.056,jagakarsa
2022-04-22,94.75,Sedang,4,4,26.2,89.9,4.8,33.5,15.6,10.588,kebun jeruk
2022-04-22,93.0,Sedang,4,4,26.3,89.7,5.0,33.5,16.8,13.151,kelapa gading
2022-04-22,108.25,Tidak Sehat,4,4,26.2,89.8,4.9,33.5,16.8,10.115,lubang buaya
2022-04-22,71.4764283982049,Sedang,4,4,26.333333333333336,89.3,3.1,20.8,15.6,0.239,us embassy 1
2022-04-22,78.82974323084115,Sedang,4,4,26.2,89.7,4.9,33.5,15.6,8.799,us embassy 2
2022-04-23,69.75,Sedang,4,5,28.3,82.3,6.3,19.4,19.2,0.011,bundaran hi
2022-04-23,74.58333333333333,Sedang,4,5,28.0,82.9,6.3,19.4,19.2,1.254,jagakarsa
2022-04-23,86.20833333333333,Sedang,4,5,28.2,82.6,6.3,19.4,19.2,0.188,kebun jeruk
2022-04-23,80.75,Sedang,4,5,28.3,82.5,6.5,19.8,20.6,0.125,kelapa gading
2022-04-23,114.70833333333333,Tidak Sehat,4,5,28.2,82.6,6.4,19.8,20.6,0.751,lubang buaya
2022-04-23,73.30216263781656,Sedang,4,5,28.33333333333333,82.3,3.9,12.1,19.2,0.0,us embassy 1
2022-04-23,84.15928172604951,Sedang,4,5,28.2,82.5,6.3,19.4,19.2,0.188,us embassy 2
2022-04-24,76.08333333333333,Sedang,4,6,28.7,80.4,7.0,24.5,19.8,5.748,bundaran hi
2022-04-24,89.25,Sedang,4,6,28.4,80.9,7.1,24.5,19.8,4.562,jagakarsa
2022-04-24,99.41666666666667,Sedang,4,6,28.5,80.7,7.1,24.5,19.8,6.148,kebun jeruk
2022-04-24,72.54166666666667,Sedang,4,6,28.7,80.2,7.2,25.2,20.6,3.814,kelapa gading
2022-04-24,112.25,Tidak Sehat,4,6,28.5,80.6,7.1,25.2,20.6,4.804,lubang buaya
2022-04-24,67.56954850328489,Sedang,4,6,28.666666666666668,80.4,4.3,15.2,19.8,0.228,us embassy 1
2022-04-24,87.0211514330319,Sedang,4,6,28.6,80.5,7.1,24.5,19.8,5.568,us embassy 2
2022-04-25,70.45833333333333,Sedang,4,0,28.5,80.6,5.8,20.9,22.7,23.131,bundaran hi
2022-04-25,80.04166666666667,Sedang,4,0,28.2,81.6,5.9,20.9,22.7,18.25,jagakarsa
2022-04-25,81.83333333333333,Sedang,4,0,28.4,81.3,5.9,20.9,22.7,21.912,kebun jeruk
2022-04-25,72.04166666666667,Sedang,4,0,28.5,80.9,6.2,20.5,22.4,13.175,kelapa gading
2022-04-25,109.625,Tidak Sehat,4,0,28.4,81.2,6.0,20.5,22.4,18.654,lubang buaya
2022-04-25,61.19847497043195,Sedang,4,0,28.5,80.6,3.6,13.0,22.7,0.922,us embassy 1
2022-04-25,72.46849244371056,Sedang,4,0,28.5,81.0,5.9,20.9,22.7,21.141,us embassy 2
2022-04-26,66.0,Sedang,4,1,28.6,80.5,7.0,25.6,19.9,2.952,bundaran hi
2022-04-26,56.333333333333336,Sedang,4,1,28.2,81.1,7.2,25.6,19.9,2.007,jagakarsa
2022-04-26,70.41666666666667,Sedang,4,1,28.4,80.9,7.1,25.6,19.9,2.452,kebun jeruk
2022-04-26,65.04166666666667,Sedang,4,1,28.5,80.7,7.1,26.3,19.2,1.838,kelapa gading
2022-04-26,78.5,Sedang,4,1,28.4,80.8,7.1,26.3,19.2,2.252,lubang buaya
2022-04-26,62.52246687409712,Sedang,4,1,28.55555555555556,80.4,4.3,15.9,19.9,0.118,us embassy 1
2022-04-26,72.3118406081344,Sedang,4,1,28.5,80.7,7.1,25.6,19.9,2.571,us embassy 2
2022-04-27,55.75,Sedang,4,2,28.3,81.2,6.6,57.6,15.4,5.175,bundaran hi
2022-04-27,66.79166666666667,Sedang,4,2,27.8,82.4,6.7,57.6,15.4,11.982,jagakarsa
2022-04-27,66.45833333333333,Sedang,4,2,28.1,82.0,6.7,57.6,15.4,8.132,kebun jeruk
2022-04-27,55.958333333333336,Sedang,4,2,28.3,81.4,6.8,57.6,15.7,8.1,kelapa gading
2022-04-27,82.54166666666667,Sedang,4,2,28.1,81.8,6.7,57.6,15.7,9.361,lubang buaya
2022-04-27,50.883892723831764,Sedang,4,2,28.277777777777786,81.2,4.1,35.8,15.4,0.198,us embassy 1
2022-04-27,58.5701751255777,Sedang,4,2,28.2,81.7,6.7,57.6,15.4,7.136,us embassy 2
2022-04-28,49.875,Baik,4,3,27.6,83.4,7.4,28.8,7.6,3.024,bundaran hi
2022-04-28,60.791666666666664,Sedang,4,3,27.1,85.2,7.8,28.8,7.6,4.089,jagakarsa
2022-04-28,58.75,Sedang,4,3,27.3,84.8,7.7,28.8,7.6,3.769,kebun jeruk
2022-04-28,44.083333333333336,Baik,4,3,27.3,84.7,7.5,30.6,9.1,3.165,kelapa gading
2022-04-28,76.91666666666667,Sedang,4,3,27.2,84.6,7.6,30.6,9.1,3.568,lubang buaya
2022-04-28,36.55356389437419,Baik,4,3,27.61111111111111,83.4,4.6,17.9,7.6,0.118,us embassy 1
2022-04-28,56.91452701343911,Sedang,4,3,27.4,84.2,7.6,28.8,7.6,3.405,us embassy 2
2022-04-29,27.375,Baik,4,4,28.8,79.7,8.0,40.7,17.5,0.0,bundaran hi
2022-04-29,50.125,Sedang,4,4,28.4,81.0,8.6,40.7,17.5,0.0,jagakarsa
2022-04-29,42.791666666666664,Baik,4,4,28.6,80.6,8.5,40.7,17.5,0.0,kebun jeruk
2022-04-29,16.166666666666668,Baik,4,4,28.7,80.7,8.3,40.7,17.6,0.0,kelapa gading
2022-04-29,57.208333333333336,Sedang,4,4,28.6,80.6,8.4,40.7,17.6,0.0,lubang buaya
2022-04-29,21.33548393464707,Baik,4,4,28.77777777777778,79.7,5.0,25.3,17.5,0.0,us embassy 1
2022-04-29,32.56507912841886,Baik,4,4,28.7,80.3,8.3,40.7,17.5,0.0,us embassy 2
2022-04-30,43.5,Baik,4,5,28.0,85.5,6.6,17.6,14.0,0.013,bundaran hi
2022-04-30,67.375,Sedang,4,5,27.6,86.8,6.7,17.6,14.0,0.724,jagakarsa
2022-04-30,54.708333333333336,Sedang,4,5,27.8,86.4,6.7,17.6,14.0,0.167,kebun jeruk
2022-04-30,52.25,Sedang,4,5,28.0,86.1,6.8,20.5,14.6,0.232,kelapa gading
2022-04-30,16.375,Baik,4,5,27.8,86.3,6.7,20.5,14.6,0.457,lubang buaya
2022-04-30,26.551722183013023,Baik,4,5,28.000000000000004,85.5,4.1,11.0,14.0,0.0,us embassy 1
2022-04-30,46.99020055498932,Baik,4,5,27.9,86.0,6.7,17.6,14.0,0.149,us embassy 2
2022-05-01,68.58333333333333,Sedang,5,6,27.8,86.5,6.1,19.8,12.7,0.084,bundaran hi
2022-05-01,90.0,Sedang,5,6,27.4,87.6,5.8,19.8,12.7,5.517,jagakarsa
2022-05-01,94.75,Sedang,5,6,27.6,87.2,5.9,19.8,12.7,2.252,kebun jeruk
2022-05-01,68.75,Sedang,5,6,27.8,87.0,6.2,20.5,14.0,0.796,kelapa gading
2022-05-01,107.83333333333333,Tidak Sehat,5,6,27.6,87.2,6.0,20.5,14.0,2.324,lubang buaya
2022-05-01,57.60885761927486,Sedang,5,6,27.83333333333333,86.5,3.8,12.3,12.7,0.0,us embassy 1
2022-05-01,79.08053528679575,Sedang,5,6,27.7,86.9,6.0,19.8,12.7,1.534,us embassy 2
2022-05-02,70.79166666666667,Sedang,5,0,27.7,85.8,6.2,24.1,17.3,19.372,bundaran hi
2022-05-02,87.125,Sedang,5,0,27.3,86.8,6.3,24.1,17.3,53.156,jagakarsa
2022-05-02,91.33333333333333,Sedang,5,0,27.5,86.4,6.3,24.1,17.3,30.227,kebun jeruk
2022-05-02,34.375,Baik,5,0,27.7,86.1,6.5,24.1,18.1,21.214,kelapa gading
2022-05-02,96.79166666666667,Sedang,5,0,27.5,86.4,6.3,24.1,18.1,31.263,lubang buaya
2022-05-02,65.12471981367042,Sedang,5,0,27.666666666666668,85.8,3.8,15.0,17.3,0.75,us embassy 1
2022-05-02,86.21661960418487,Sedang,5,0,27.6,86.2,6.3,24.1,17.3,27.443,us embassy 2
2022-05-03,49.291666666666664,Baik,5,1,28.1,84.4,6.9,30.2,21.1,0.318,bundaran hi
2022-05-03,53.833333333333336,Sedang,5,1,27.8,85.2,7.1,30.2,21.1,7.733,jagakarsa
2022-05-03,63.541666666666664,Sedang,5,1,27.9,85.2,7.1,30.2,21.1,11.079,kebun jeruk
2022-05-03,53.875,Sedang,5,1,28.1,84.9,7.1,30.2,21.9,1.98,kelapa gading
2022-05-03,64.58333333333333,Sedang,5,1,27.9,85.0,7.1,30.2,21.9,4.877,lubang buaya
2022-05-03,50.03734824538635,Sedang,5,1,28.111111111111107,84.4,4.3,18.8,21.1,0.002,us embassy 1
2022-05-03,62.35813570466445,Sedang,5,1,28.0,84.8,7.0,30.2,21.1,4.898,us embassy 2
2022-05-04,51.958333333333336,Sedang,5,2,28.5,82.4,7.0,23.4,18.5,0.009,bundaran hi
2022-05-04,69.58333333333333,Sedang,5,2,28.1,83.7,7.1,23.4,18.5,0.811,jagakarsa
2022-05-04,65.16666666666667,Sedang,5,2,28.3,83.3,7.2,23.4,18.5,0.23,kebun jeruk
2022-05-04,54.166666666666664,Sedang,5,2,28.4,83.2,7.2,24.8,19.6,0.078,kelapa gading
2022-05-04,76.58333333333333,Sedang,5,2,28.3,83.2,7.1,24.8,19.6,0.398,lubang buaya
2022-05-04,44.023009095178026,Baik,5,2,28.444444444444443,82.3,4.3,14.5,18.5,0.0,us embassy 1
2022-05-04,57.92685399560175,Sedang,5,2,28.4,83.0,7.1,23.4,18.5,0.174,us embassy 2
2022-05-05,54.791666666666664,Sedang,5,3,28.9,81.6,6.9,38.9,20.3,0.0,bundaran hi
2022-05-05,72.91666666666667,Sedang,5,3,28.4,83.0,7.0,38.9,20.3,0.018,jagakarsa
2022-05-05,69.33333333333333,Sedang,5,3,28.6,82.7,7.0,38.9,20.3,0.003,kebun jeruk
2022-05-05,58.375,Sedang,5,3,28.8,82.2,7.1,38.9,21.0,0.002,kelapa gading
2022-05-05,96.95833333333333,Sedang,5,3,28.6,82.5,7.0,38.9,21.0,0.011,lubang buaya
2022-05-05,51.14672493817785,Sedang,5,3,28.88888888888889,81.6,4.2,24.2,20.3,0.0,us embassy 1
2022-05-05,66.1452115127932,Sedang,5,3,28.7,82.2,6.9,38.9,20.3,0.003,us embassy 2
2022-05-06,41.0,Baik,5,4,29.5,79.5,7.1,24.5,19.8,0.0,bundaran hi
2022-05-06,60.208333333333336,Sedang,5,4,29.1,81.2,7.3,24.5,19.8,0.0,jagakarsa
2022-05-06,59.833333333333336,Sedang,5,4,29.3,80.9,7.3,24.5,19.8,0.0,kebun jeruk
2022-05-06,49.625,Baik,5,4,29.4,80.5,7.4,25.2,20.3,0.0,kelapa gading
2022-05-06,79.41666666666667,Sedang,5,4,29.3,80.6,7.3,25.2,20.3,0.0,lubang buaya
2022-05-06,38.303443352627724,Baik,5,4,29.55555555555556,79.4,4.4,15.2,19.8,0.0,us embassy 1
2022-05-06,55.1439509535632,Sedang,5,4,29.4,80.3,7.2,24.5,19.8,0.0,us embassy 2
2022-05-07,52.125,Sedang,5,5,29.3,78.5,7.4,20.5,21.5,0.004,bundaran hi
2022-05-07,81.04166666666667,Sedang,5,5,28.9,79.7,7.6,20.5,21.5,0.348,jagakarsa
2022-05-07,76.66666666666667,Sedang,5,5,29.1,79.2,7.7,20.5,21.5,0.079,kebun jeruk
2022-05-07,56.333333333333336,Sedang,5,5,29.3,79.0,7.8,21.6,22.3,0.035,kelapa gading
2022-05-07,91.16666666666667,Sedang,5,5,29.1,79.2,7.6,21.6,22.3,0.187,lubang buaya
2022-05-07,37.6333344150575,Baik,5,5,29.33333333333333,78.5,4.6,12.8,21.5,0.0,us embassy 1
2022-05-07,60.50629176925329,Sedang,5,5,29.2,78.9,7.6,20.5,21.5,0.065,us embassy 2
2022-05-08,54.833333333333336,Sedang,5,6,29.9,76.5,7.7,24.1,20.1,0.0,bundaran hi
2022-05-08,95.5,Sedang,5,6,29.5,77.5,8.2,24.1,20.1,0.0,jagakarsa
2022-05-08,69.79166666666667,Sedang,5,6,29.7,77.2,8.1,24.1,20.1,0.0,kebun jeruk
2022-05-08,54.791666666666664,Sedang,5,6,29.9,77.4,8.0,26.3,20.6,0.0,kelapa gading
2022-05-08,99.5,Sedang,5,6,29.7,77.3,8.0,26.3,20.6,0.0,lubang buaya
2022-05-08,52.93754038298559,Sedang,5,6,29.88888888888889,76.5,4.8,15.0,20.1,0.0,us embassy 1
2022-05-08,70.72067300645881,Sedang,5,6,29.8,77.0,8.0,24.1,20.1,0.0,us embassy 2
2022-05-09,56.125,Sedang,5,0,28.7,81.3,7.1,23.4,16.9,0.006,bundaran hi
2022-05-09,67.41666666666667,Sedang,5,0,28.4,82.9,7.3,23.4,16.9,0.591,jagakarsa
2022-05-09,63.375,Sedang,5,0,28.6,82.5,7.3,23.4,16.9,0.105,kebun jeruk
2022-05-09,65.83333333333333,Sedang,5,0,28.7,81.8,7.3,23.4,16.6,0.059,kelapa gading
2022-05-09,75.79166666666667,Sedang,5,0,28.6,82.2,7.2,23.4,16.6,0.341,lubang buaya
2022-05-09,48.95907634986758,Baik,5,0,28.72222222222222,81.3,4.4,14.5,16.9,0.0,us embassy 1
2022-05-09,56.54986155322516,Sedang,5,0,28.6,82.0,7.2,23.4,16.9,0.096,us embassy 2
2022-05-10,58.791666666666664,Sedang,5,1,29.7,78.1,7.1,20.5,17.9,0.0,bundaran hi
2022-05-10,69.70833333333333,Sedang,5,1,29.4,79.2,7.3,20.5,17.9,0.036,jagakarsa
2022-05-10,72.75,Sedang,5,1,29.6,78.9,7.3,20.5,17.9,0.006,kebun jeruk
2022-05-10,66.29166666666667,Sedang,5,1,29.8,79.0,7.5,20.5,17.7,0.004,kelapa gading
2022-05-10,89.04166666666667,Sedang,5,1,29.6,78.9,7.3,20.5,17.7,0.022,lubang buaya
2022-05-10,54.5076066662686,Sedang,5,1,29.77777777777778,78.1,4.4,12.8,17.9,0.0,us embassy 1
2022-05-10,66.95736517622909,Sedang,5,1,29.7,78.6,7.3,20.5,17.9,0.006,us embassy 2
2022-05-11,51.375,Sedang,5,2,28.1,85.9,5.9,22.0,18.2,18.211,bundaran hi
2022-05-11,61.75,Sedang,5,2,27.8,87.0,5.9,22.0,18.2,22.799,jagakarsa
2022-05-11,64.875,Sedang,5,2,27.9,86.8,5.9,22.0,18.2,26.801,kebun jeruk
2022-05-11,59.375,Sedang,5,2,28.2,86.2,6.1,22.7,18.2,11.702,kelapa gading
2022-05-11,71.5,Sedang,5,2,28.0,86.6,6.0,22.7,18.2,18.84,lubang buaya
2022-05-11,57.43486258128951,Sedang,5,2,28.111111111111107,85.9,3.7,13.6,18.2,0.716,us embassy 1
2022-05-11,65.95098624032265,Sedang,5,2,28.0,86.4,5.9,22.0,18.2,21.045,us embassy 2
2022-05-12,63.166666666666664,Sedang,5,3,28.6,84.1,6.5,28.4,17.1,15.548,bundaran hi
2022-05-12,74.875,Sedang,5,3,28.3,84.8,6.6,28.4,17.1,6.615,jagakarsa
2022-05-12,74.25,Sedang,5,3,28.5,84.7,6.6,28.4,17.1,9.137,kebun jeruk
2022-05-12,59.125,Sedang,5,3,28.7,83.8,6.7,27.7,17.0,6.233,kelapa gading
2022-05-12,14.0,Baik,5,3,28.5,84.4,6.6,27.7,17.0,8.808,lubang buaya
2022-05-12,62.39158933050036,Sedang,5,3,28.55555555555556,84.1,4.0,17.7,17.1,0.627,us embassy 1
2022-05-12,81.9543100262858,Sedang,5,3,28.5,84.4,6.6,28.4,17.1,11.535,us embassy 2
2022-05-13,55.208333333333336,Sedang,5,4,29.0,81.8,7.3,26.3,20.5,12.622,bundaran hi
2022-05-13,52.916666666666664,Sedang,5,4,28.8,81.8,7.7,26.3,20.5,5.22,jagakarsa
2022-05-13,53.333333333333336,Sedang,5,4,28.9,81.8,7.6,26.3,20.5,6.982,kebun jeruk
2022-05-13,51.0,Sedang,5,4,29.0,81.3,7.6,26.3,20.7,4.984,kelapa gading
2022-05-13,42.75,Baik,5,4,28.9,81.7,7.6,26.3,20.7,7.035,lubang buaya
2022-05-13,42.8996918399605,Baik,5,4,29.0,81.8,4.5,16.3,20.5,0.51,us embassy 1
2022-05-13,51.186415219553936,Sedang,5,4,29.0,81.8,7.5,26.3,20.5,9.23,us embassy 2
2022-05-14,66.5,Sedang,5,5,29.1,80.0,6.8,19.4,18.5,0.002,bundaran hi
2022-05-14,77.41666666666667,Sedang,5,5,28.8,80.1,6.8,19.4,18.5,0.265,jagakarsa
2022-05-14,70.41666666666667,Sedang,5,5,29.0,80.0,6.8,19.4,18.5,0.04,kebun jeruk
2022-05-14,69.54166666666667,Sedang,5,5,29.2,79.7,6.9,21.2,17.8,0.026,kelapa gading
2022-05-14,86.5,Sedang,5,5,29.0,80.0,6.8,21.2,17.8,0.159,lubang buaya
2022-05-14,50.249316748092035,Sedang,5,5,29.11111111111111,80.0,4.2,12.1,18.5,0.0,us embassy 1
2022-05-14,60.620237285069784,Sedang,5,5,29.1,80.0,6.8,19.4,18.5,0.04,us embassy 2
2022-05-15,88.91666666666667,Sedang,5,6,28.7,85.4,5.3,18.0,17.2,7.081,bundaran hi
2022-05-15,103.41666666666667,Tidak Sehat,5,6,28.4,85.8,5.2,18.0,17.2,7.04,jagakarsa
2022-05-15,105.20833333333333,Tidak Sehat,5,6,28.6,85.7,5.2,18.0,17.2,6.558,kebun jeruk
2022-05-15,95.79166666666667,Sedang,5,6,28.7,85.3,5.4,18.7,17.2,10.113,kelapa gading
2022-05-15,125.375,Tidak Sehat,5,6,28.5,85.6,5.3,18.7,17.2,8.137,lubang buaya
2022-05-15,75.92233845532513,Sedang,5,6,28.72222222222222,85.4,3.3,11.2,17.2,0.276,us embassy 1
2022-05-15,98.82151715348714,Sedang,5,6,28.6,85.5,5.2,18.0,17.2,7.135,us embassy 2
2022-05-16,73.66666666666667,Sedang,5,0,28.3,83.5,6.0,19.4,19.6,0.033,bundaran hi
2022-05-16,87.08333333333333,Sedang,5,0,27.9,84.6,6.0,19.4,19.6,2.385,jagakarsa
2022-05-16,92.25,Sedang,5,0,28.1,84.3,6.0,19.4,19.6,1.006,kebun jeruk
2022-05-16,74.08333333333333,Sedang,5,0,28.3,83.6,6.3,21.2,20.2,0.23,kelapa gading
2022-05-16,104.625,Tidak Sehat,5,0,28.1,84.0,6.1,21.2,20.2,0.939,lubang buaya
2022-05-16,66.18787046644907,Sedang,5,0,28.33333333333333,83.4,3.7,12.1,19.6,0.0,us embassy 1
2022-05-16,92.92500850517048,Sedang,5,0,28.2,83.9,6.0,19.4,19.6,0.668,us embassy 2
2022-05-17,67.58333333333333,Sedang,5,1,29.0,82.7,6.4,21.2,15.3,0.016,bundaran hi
2022-05-17,85.91666666666667,Sedang,5,1,28.6,83.8,6.5,21.2,15.3,1.274,jagakarsa
2022-05-17,84.95833333333333,Sedang,5,1,28.8,83.5,6.6,21.2,15.3,0.352,kebun jeruk
2022-05-17,72.04166666666667,Sedang,5,1,29.0,82.8,6.8,21.2,15.7,0.147,kelapa gading
2022-05-17,117.875,Tidak Sehat,5,1,28.8,83.3,6.6,21.2,15.7,0.767,lubang buaya
2022-05-17,58.90876643246958,Sedang,5,1,29.0,82.7,4.0,13.2,15.3,0.0,us embassy 1
2022-05-17,79.21552759773677,Sedang,5,1,28.9,83.1,6.5,21.2,15.3,0.251,us embassy 2
2022-05-18,71.41666666666667,Sedang,5,2,28.5,83.2,6.4,19.4,17.8,35.13,bundaran hi
2022-05-18,72.83333333333333,Sedang,5,2,28.1,84.6,6.4,19.4,17.8,27.802,jagakarsa
2022-05-18,83.08333333333333,Sedang,5,2,28.3,84.2,6.5,19.4,17.8,24.879,kebun jeruk
2022-05-18,76.45833333333333,Sedang,5,2,28.6,83.4,6.6,16.9,19.0,15.06,kelapa gading
2022-05-18,103.5,Tidak Sehat,5,2,28.3,83.9,6.5,16.9,19.0,24.471,lubang buaya
2022-05-18,61.23106056161577,Sedang,5,2,28.55555555555556,83.2,4.0,12.1,17.8,1.411,us embassy 1
2022-05-18,75.80240570751675,Sedang,5,2,28.4,83.7,6.5,19.4,17.8,29.202,us embassy 2
2022-05-19,82.91666666666667,Sedang,5,3,27.6,87.7,5.0,22.0,18.3,9.022,bundaran hi
2022-05-19,84.70833333333333,Sedang,5,3,27.3,88.2,4.7,22.0,18.3,12.984,jagakarsa
2022-05-19,95.5,Sedang,5,3,27.4,88.1,4.8,22.0,18.3,13.063,kebun jeruk
2022-05-19,88.0,Sedang,5,3,27.6,87.5,5.0,23.0,18.2,6.239,kelapa gading
2022-05-19,116.625,Tidak Sehat,5,3,27.4,87.9,4.8,23.0,18.2,10.797,lubang buaya
2022-05-19,69.87186891288947,Sedang,5,3,27.555555555555557,87.7,3.1,13.6,18.3,0.354,us embassy 1
2022-05-19,88.37084087310531,Sedang,5,3,27.5,87.9,4.9,22.0,18.3,10.472,us embassy 2
2022-05-20,76.33333333333333,Sedang,5,4,27.3,87.5,6.6,20.2,15.5,19.55,bundaran hi
2022-05-20,90.20833333333333,Sedang,5,4,27.1,87.8,6.6,20.2,15.5,16.872,jagakarsa
2022-05-20,84.83333333333333,Sedang,5,4,27.2,87.6,6.7,20.2,15.5,14.644,kebun jeruk
2022-05-20,87.0,Sedang,5,4,27.4,86.7,6.9,20.5,15.9,8.698,kelapa gading
2022-05-20,83.875,Sedang,5,4,27.2,87.4,6.7,20.5,15.9,15.127,lubang buaya
2022-05-20,75.58171217226861,Sedang,5,4,27.33333333333333,87.5,4.1,12.5,15.5,0.784,us embassy 1
2022-05-20,90.83712172445051,Sedang,5,4,27.3,87.5,6.7,20.2,15.5,16.581,us embassy 2
2022-05-21,63.5,Sedang,5,5,27.4,85.8,6.2,18.7,10.1,0.452,bundaran hi
2022-05-21,76.20833333333333,Sedang,5,5,27.1,86.7,6.2,18.7,10.1,0.917,jagakarsa
2022-05-21,79.41666666666667,Sedang,5,5,27.3,86.4,6.2,18.7,10.1,0.797,kebun jeruk
2022-05-21,65.5,Sedang,5,5,27.4,85.6,6.5,18.4,9.4,1.841,kelapa gading
2022-05-21,91.16666666666667,Sedang,5,5,27.3,86.2,6.3,18.4,9.4,1.086,lubang buaya
2022-05-21,58.653823164649246,Sedang,5,5,27.444444444444446,85.8,3.9,11.6,10.1,0.016,us embassy 1
2022-05-21,73.29668724151917,Sedang,5,5,27.3,86.1,6.2,18.7,10.1,0.742,us embassy 2
2022-05-22,67.33333333333333,Sedang,5,6,27.5,85.5,6.6,24.5,14.0,0.0,bundaran hi
2022-05-22,75.83333333333333,Sedang,5,6,27.2,86.3,6.7,24.5,14.0,0.0,jagakarsa
2022-05-22,74.625,Sedang,5,6,27.4,86.1,6.8,24.5,14.0,0.0,kebun jeruk
2022-05-22,63.916666666666664,Sedang,5,6,27.5,85.7,6.9,28.1,13.4,0.0,kelapa gading
2022-05-22,78.70833333333333,Sedang,5,6,27.4,86.0,6.8,28.1,13.4,0.0,lubang buaya
2022-05-22,56.655725283272,Sedang,5,6,27.5,85.4,4.1,15.2,14.0,0.0,us embassy 1
2022-05-22,64.61618163816105,Sedang,5,6,27.4,85.8,6.7,24.5,14.0,0.0,us embassy 2
2022-05-23,70.25,Sedang,5,0,28.6,81.8,6.8,28.4,18.8,0.0,bundaran hi
2022-05-23,90.33333333333333,Sedang,5,0,28.4,82.2,7.0,28.4,18.8,0.0,jagakarsa
2022-05-23,65.83333333333333,Sedang,5,0,28.5,82.1,7.0,28.4,18.8,0.0,kebun jeruk
2022-05-23,75.70833333333333,Sedang,5,0,28.7,81.6,7.2,29.5,18.8,0.0,kelapa gading
2022-05-23,71.70833333333333,Sedang,5,0,28.5,81.9,7.0,29.5,18.8,0.0,lubang buaya
2022-05-23,65.94846333286038,Sedang,5,0,28.61111111111111,81.7,4.2,17.7,18.8,0.0,us embassy 1
2022-05-23,78.36995227280457,Sedang,5,0,28.5,81.9,7.0,28.4,18.8,0.0,us embassy 2
2022-05-24,64.875,Sedang,5,1,29.6,77.3,7.4,32.4,17.3,0.0,bundaran hi
2022-05-24,77.70833333333333,Sedang,5,1,29.3,77.8,7.7,32.4,17.3,0.0,jagakarsa
2022-05-24,54.541666666666664,Sedang,5,1,29.5,77.7,7.7,32.4,17.3,0.0,kebun jeruk
2022-05-24,68.0,Sedang,5,1,29.6,77.6,7.6,32.0,16.8,0.0,kelapa gading
2022-05-24,103.0,Tidak Sehat,5,1,29.5,77.6,7.6,32.0,16.8,0.0,lubang buaya
2022-05-24,63.50646695670915,Sedang,5,1,29.61111111111111,77.2,4.6,20.1,17.3,0.0,us embassy 1
2022-05-24,72.85533157355387,Sedang,5,1,29.5,77.5,7.6,32.4,17.3,0.0,us embassy 2
2022-05-25,77.41666666666667,Sedang,5,2,27.9,85.3,6.3,29.9,14.4,0.533,bundaran hi
2022-05-25,90.16666666666667,Sedang,5,2,27.4,86.8,6.1,29.9,14.4,8.321,jagakarsa
2022-05-25,45.958333333333336,Baik,5,2,27.6,86.3,6.2,29.9,14.4,3.896,kebun jeruk
2022-05-25,86.16666666666667,Sedang,5,2,27.8,85.5,6.4,30.6,15.3,1.811,kelapa gading
2022-05-25,120.625,Tidak Sehat,5,2,27.6,86.0,6.2,30.6,15.3,4.014,lubang buaya
2022-05-25,69.2737852884631,Sedang,5,2,27.83333333333333,85.3,3.9,18.6,14.4,0.016,us embassy 1
2022-05-25,75.5074596634651,Sedang,5,2,27.7,85.9,6.2,29.9,14.4,2.696,us embassy 2
2022-05-26,68.20833333333333,Sedang,5,3,27.2,85.1,6.6,22.7,11.3,0.793,bundaran hi
2022-05-26,86.33333333333333,Sedang,5,3,26.9,85.7,6.7,22.7,11.3,0.497,jagakarsa
2022-05-26,73.45833333333333,Sedang,5,3,27.0,85.6,6.7,22.7,11.3,0.618,kebun jeruk
2022-05-26,71.375,Sedang,5,3,27.1,85.2,6.8,24.1,11.0,0.707,kelapa gading
2022-05-26,99.16666666666667,Sedang,5,3,27.0,85.4,6.7,24.1,11.0,0.637,lubang buaya
2022-05-26,65.0559381285121,Sedang,5,3,27.16666666666667,85.0,4.1,14.1,11.3,0.031,us embassy 1
2022-05-26,74.73297542632544,Sedang,5,3,27.1,85.3,6.6,22.7,11.3,0.693,us embassy 2
2022-05-27,94.16666666666667,Sedang,5,4,28.4,78.5,5.8,17.6,19.2,1.011,bundaran hi
2022-05-27,127.83333333333333,Tidak Sehat,5,4,28.1,78.8,5.9,17.6,19.2,0.898,jagakarsa
2022-05-27,73.20833333333333,Sedang,5,4,28.3,78.7,5.9,17.6,19.2,0.851,kebun jeruk
2022-05-27,88.625,Sedang,5,4,28.4,78.6,6.1,19.1,19.7,1.5,kelapa gading
2022-05-27,137.625,Tidak Sehat,5,4,28.2,78.6,5.9,19.1,19.7,1.116,lubang buaya
2022-05-27,71.87236932225208,Sedang,5,4,28.38888888888889,78.5,3.6,11.0,19.2,0.039,us embassy 1
2022-05-27,100.6533604527868,Tidak Sehat,5,4,28.3,78.6,5.9,17.6,19.2,0.985,us embassy 2
2022-05-28,79.66666666666667,Sedang,5,5,26.0,88.2,5.7,64.8,17.9,20.294,bundaran hi
2022-05-28,102.66666666666667,Tidak Sehat,5,5,25.7,88.8,5.6,64.8,17.9,23.044,jagakarsa
2022-05-28,92.75,Sedang,5,5,25.8,88.7,5.6,64.8,17.9,28.902,kebun jeruk
2022-05-28,77.83333333333333,Sedang,5,5,26.0,88.2,5.7,64.8,18.3,16.576,kelapa gading
2022-05-28,0.0,Baik,5,5,25.8,88.5,5.6,64.8,18.3,21.44,lubang buaya
2022-05-28,70.1488314467446,Sedang,5,5,26.0,88.1,3.5,40.3,17.9,0.796,us embassy 1
2022-05-28,98.61538276048613,Sedang,5,5,25.9,88.5,5.6,64.8,17.9,23.113,us embassy 2
2022-05-29,84.95833333333333,Sedang,5,6,26.9,84.8,7.1,27.4,19.3,25.112,bundaran hi
2022-05-29,94.29166666666667,Sedang,5,6,26.7,84.9,7.3,27.4,19.3,21.406,jagakarsa
2022-05-29,88.25,Sedang,5,6,26.8,84.8,7.3,27.4,19.3,22.996,kebun jeruk
2022-05-29,76.75,Sedang,5,6,27.0,84.5,7.2,28.4,19.5,20.896,kelapa gading
2022-05-29,42.166666666666664,Baik,5,6,26.8,84.7,7.2,28.4,19.5,22.014,lubang buaya
2022-05-29,67.09232834863464,Sedang,5,6,26.944444444444443,84.8,4.4,17.0,19.3,0.995,us embassy 1
2022-05-29,84.4609365819979,Sedang,5,6,26.9,84.8,7.2,27.4,19.3,23.554,us embassy 2
2022-05-30,60.708333333333336,Sedang,5,0,26.6,90.0,6.8,22.3,17.9,0.004,bundaran hi
2022-05-30,74.91666666666667,Sedang,5,0,26.4,90.5,6.9,22.3,17.9,0.351,jagakarsa
2022-05-30,67.66666666666667,Sedang,5,0,26.5,90.4,6.9,22.3,17.9,0.123,kebun jeruk
2022-05-30,59.916666666666664,Sedang,5,0,26.6,89.9,6.9,22.3,18.3,0.033,kelapa gading
2022-05-30,83.79166666666667,Sedang,5,0,26.5,90.2,6.9,22.3,18.3,0.153,lubang buaya
2022-05-30,48.917068508147814,Baik,5,0,26.611111111111114,90.0,4.2,13.9,17.9,0.0,us embassy 1
2022-05-30,57.17804451228664,Sedang,5,0,26.6,90.2,6.9,22.3,17.9,0.087,us embassy 2
2022-05-31,72.08333333333333,Sedang,5,1,27.1,86.1,6.7,38.9,15.6,0.15,bundaran hi
2022-05-31,79.125,Sedang,5,1,26.9,87.0,6.8,38.9,15.6,10.931,jagakarsa
2022-05-31,94.16666666666667,Sedang,5,1,27.0,86.7,6.9,38.9,15.6,4.568,kebun jeruk
2022-05-31,73.16666666666667,Sedang,5,1,27.1,86.2,7.0,38.9,16.5,1.026,kelapa gading
2022-05-31,100.83333333333333,Tidak Sehat,5,1,27.0,86.5,6.8,38.9,16.5,4.184,lubang buaya
2022-05-31,62.0023809596131,Sedang,5,1,27.16666666666667,86.1,4.1,24.2,15.6,0.001,us embassy 1
2022-05-31,78.05375902086836,Sedang,5,1,27.1,86.4,6.8,38.9,15.6,3.063,us embassy 2
2022-06-01,57.375,Sedang,6,2,28.2,79.9,7.7,24.8,19.7,0.057,bundaran hi
2022-06-01,61.791666666666664,Sedang,6,2,27.9,81.3,8.1,24.8,19.7,6.347,jagakarsa
2022-06-01,80.25,Sedang,6,2,28.1,80.8,8.0,24.8,19.7,0.949,kebun jeruk
2022-06-01,57.041666666666664,Sedang,6,2,28.2,80.3,8.0,23.4,19.8,0.632,kelapa gading
2022-06-01,73.625,Sedang,6,2,28.0,80.6,8.0,23.4,19.8,3.8,lubang buaya
2022-06-01,52.7499733543117,Sedang,6,2,28.277777777777786,79.8,4.8,15.4,19.7,0.0,us embassy 1
2022-06-01,62.71801857388067,Sedang,6,2,28.1,80.4,7.9,24.8,19.7,0.951,us embassy 2
2022-06-02,59.833333333333336,Sedang,6,3,27.7,84.9,6.8,20.9,17.6,33.153,bundaran hi
2022-06-02,64.29166666666667,Sedang,6,3,27.4,86.1,6.9,20.9,17.6,18.611,jagakarsa
2022-06-02,69.75,Sedang,6,3,27.6,85.7,6.9,20.9,17.6,22.546,kebun jeruk
2022-06-02,64.08333333333333,Sedang,6,3,27.7,85.3,6.9,20.9,18.0,14.485,kelapa gading
2022-06-02,95.79166666666667,Sedang,6,3,27.5,85.6,6.9,20.9,18.0,21.459,lubang buaya
2022-06-02,48.361739020598456,Baik,6,3,27.722222222222225,84.9,4.2,13.0,17.6,1.333,us embassy 1
2022-06-02,74.59295914509765,Sedang,6,3,27.6,85.4,6.8,20.9,17.6,26.199,us embassy 2
2022-06-03,61.541666666666664,Sedang,6,4,28.0,81.7,6.6,17.6,18.4,0.117,bundaran hi
2022-06-03,60.208333333333336,Sedang,6,4,27.7,82.7,6.6,17.6,18.4,3.518,jagakarsa
2022-06-03,71.66666666666667,Sedang,6,4,27.9,82.3,6.6,17.6,18.4,1.781,kebun jeruk
2022-06-03,64.0,Sedang,6,4,28.0,81.9,6.9,18.0,19.2,2.467,kelapa gading
2022-06-03,55.958333333333336,Sedang,6,4,27.9,82.2,6.7,18.0,19.2,2.045,lubang buaya
2022-06-03,51.87155612538519,Sedang,6,4,28.05555555555556,81.6,4.1,11.0,18.4,0.001,us embassy 1
2022-06-03,45.52067446127044,Baik,6,4,28.0,82.0,6.6,17.6,18.4,1.309,us embassy 2
2022-06-04,101.16666666666667,Tidak Sehat,6,5,28.7,79.4,7.1,21.2,18.5,0.007,bundaran hi
2022-06-04,77.91666666666667,Sedang,6,5,28.3,80.5,7.3,21.2,18.5,0.739,jagakarsa
2022-06-04,98.41666666666667,Sedang,6,5,28.5,80.1,7.3,21.2,18.5,0.143,kebun jeruk
2022-06-04,97.95833333333333,Sedang,6,5,28.7,80.0,7.4,19.4,19.1,0.073,kelapa gading
2022-06-04,127.20833333333333,Tidak Sehat,6,5,28.5,80.1,7.3,19.4,19.1,0.416,lubang buaya
2022-06-04,67.55451127596388,Sedang,6,5,28.666666666666668,79.3,4.4,13.2,18.5,0.0,us embassy 1
2022-06-04,85.42415278932795,Sedang,6,5,28.6,79.8,7.3,21.2,18.5,0.127,us embassy 2
2022-06-05,80.75,Sedang,6,6,28.1,79.5,6.7,22.0,19.1,0.035,bundaran hi
2022-06-05,78.29166666666667,Sedang,6,6,27.7,80.9,6.7,22.0,19.1,2.8,jagakarsa
2022-06-05,80.75,Sedang,6,6,27.9,80.4,6.8,22.0,19.1,0.962,kebun jeruk
2022-06-05,85.29166666666667,Sedang,6,6,28.1,80.0,7.0,21.6,19.1,0.268,kelapa gading
2022-06-05,111.95833333333333,Tidak Sehat,6,6,27.9,80.3,6.8,21.6,19.1,1.24,lubang buaya
2022-06-05,64.65328240307039,Sedang,6,6,28.111111111111107,79.5,4.2,13.6,19.1,0.0,us embassy 1
2022-06-05,76.6164486499366,Sedang,6,6,28.0,80.0,6.8,22.0,19.1,0.683,us embassy 2
2022-06-06,83.91666666666667,Sedang,6,0,27.1,84.3,6.0,16.9,9.6,0.612,bundaran hi
2022-06-06,84.625,Sedang,6,0,26.7,85.9,6.0,16.9,9.6,10.481,jagakarsa
2022-06-06,89.16666666666667,Sedang,6,0,26.9,85.5,6.1,16.9,9.6,3.303,kebun jeruk
2022-06-06,86.20833333333333,Sedang,6,0,27.1,84.9,6.3,18.0,9.5,1.328,kelapa gading
2022-06-06,112.375,Tidak Sehat,6,0,26.9,85.2,6.1,18.0,9.5,6.057,lubang buaya
2022-06-06,67.01394855845822,Sedang,6,0,27.11111111111111,84.3,3.7,10.5,9.6,0.02,us embassy 1
2022-06-06,86.47175555462013,Sedang,6,0,27.0,85.0,6.1,16.9,9.6,2.511,us embassy 2
2022-06-07,67.75,Sedang,6,1,27.7,84.6,6.9,25.6,17.8,3.882,bundaran hi
2022-06-07,67.91666666666667,Sedang,6,1,27.4,85.5,7.1,25.6,17.8,1.529,jagakarsa
2022-06-07,78.58333333333333,Sedang,6,1,27.6,85.5,7.1,25.6,17.8,2.109,kebun jeruk
2022-06-07,75.125,Sedang,6,1,27.8,84.5,7.2,27.4,18.1,1.527,kelapa gading
2022-06-07,85.45833333333333,Sedang,6,1,27.6,85.0,7.1,27.4,18.1,2.124,lubang buaya
2022-06-07,61.34530419137828,Sedang,6,1,27.722222222222225,84.6,4.3,15.9,17.8,0.157,us embassy 1
2022-06-07,74.04734702567364,Sedang,6,1,27.6,85.1,7.0,25.6,17.8,2.806,us embassy 2
2022-06-08,65.79166666666667,Sedang,6,2,27.4,87.2,6.7,26.6,16.2,10.546,bundaran hi
2022-06-08,88.33333333333333,Sedang,6,2,27.2,87.4,6.8,26.6,16.2,9.838,jagakarsa
2022-06-08,72.375,Sedang,6,2,27.3,87.4,6.8,26.6,16.2,10.848,kebun jeruk
2022-06-08,74.20833333333333,Sedang,6,2,27.4,86.9,6.9,27.0,16.5,11.865,kelapa gading
2022-06-08,73.16666666666667,Sedang,6,2,27.3,87.2,6.8,27.0,16.5,10.925,lubang buaya
2022-06-08,58.96706497043559,Sedang,6,2,27.38888888888889,87.2,4.1,16.6,16.2,0.414,us embassy 1
2022-06-08,69.6924897964566,Sedang,6,2,27.3,87.3,6.8,26.6,16.2,10.648,us embassy 2
2022-06-09,71.91666666666667,Sedang,6,3,26.4,89.9,5.3,23.4,11.3,5.16,bundaran hi
2022-06-09,77.375,Sedang,6,3,26.1,91.1,5.1,23.4,11.3,9.337,jagakarsa
2022-06-09,82.20833333333333,Sedang,6,3,26.2,90.9,5.1,23.4,11.3,10.138,kebun jeruk
2022-06-09,74.33333333333333,Sedang,6,3,26.4,90.0,5.4,23.4,11.3,6.255,kelapa gading
2022-06-09,99.58333333333333,Sedang,6,3,26.2,90.5,5.2,23.4,11.3,7.866,lubang buaya
2022-06-09,57.815023625854046,Sedang,6,3,26.444444444444443,89.9,3.3,14.5,11.3,0.198,us embassy 1
2022-06-09,74.66001732128115,Sedang,6,3,26.3,90.4,5.2,23.4,11.3,7.358,us embassy 2
2022-06-10,65.5,Sedang,6,4,27.9,81.0,6.8,18.7,18.7,0.009,bundaran hi
2022-06-10,67.125,Sedang,6,4,27.6,82.0,6.9,18.7,18.7,0.997,jagakarsa
2022-06-10,74.66666666666667,Sedang,6,4,27.7,81.7,7.0,18.7,18.7,0.149,kebun jeruk
2022-06-10,68.33333333333333,Sedang,6,4,27.9,81.3,7.2,20.9,19.4,0.1,kelapa gading
2022-06-10,82.58333333333333,Sedang,6,4,27.7,81.6,7.0,20.9,19.4,0.597,lubang buaya
2022-06-10,55.18032272546964,Sedang,6,4,27.88888888888889,81.0,4.2,11.6,18.7,0.0,us embassy 1
2022-06-10,73.61079719298262,Sedang,6,4,27.8,81.4,6.9,18.7,18.7,0.149,us embassy 2
2022-06-11,69.91666666666667,Sedang,6,5,28.2,85.1,6.3,24.5,17.5,3.003,bundaran hi
2022-06-11,69.41666666666667,Sedang,6,5,27.7,86.5,6.1,24.5,17.5,6.898,jagakarsa
2022-06-11,74.91666666666667,Sedang,6,5,28.0,86.0,6.2,24.5,17.5,3.796,kebun jeruk
2022-06-11,75.91666666666667,Sedang,6,5,28.2,85.4,6.5,25.2,18.0,2.243,kelapa gading
2022-06-11,90.375,Sedang,6,5,28.0,85.8,6.3,25.2,18.0,4.285,lubang buaya
2022-06-11,55.06243986993014,Sedang,6,5,28.166666666666668,85.1,3.9,15.2,17.5,0.118,us embassy 1
2022-06-11,67.97687655007682,Sedang,6,5,28.0,85.6,6.2,24.5,17.5,3.653,us embassy 2
2022-06-12,82.25,Sedang,6,6,27.6,84.4,5.4,23.8,16.5,0.018,bundaran hi
2022-06-12,80.20833333333333,Sedang,6,6,27.3,85.7,5.3,23.8,16.5,2.154,jagakarsa
2022-06-12,93.45833333333333,Sedang,6,6,27.4,85.3,5.3,23.8,16.5,0.322,kebun jeruk
2022-06-12,28.0,Baik,6,6,27.6,84.7,5.7,21.6,17.0,0.214,kelapa gading
2022-06-12,111.0,Tidak Sehat,6,6,27.4,85.1,5.5,21.6,17.0,1.29,lubang buaya
2022-06-12,62.191154199286615,Sedang,6,6,27.555555555555557,84.3,3.4,14.8,16.5,0.0,us embassy 1
2022-06-12,78.87968955316954,Sedang,6,6,27.5,84.9,5.4,23.8,16.5,0.323,us embassy 2
2022-06-13,77.0,Sedang,6,0,27.5,82.6,6.2,19.4,16.2,0.007,bundaran hi
2022-06-13,76.33333333333333,Sedang,6,0,27.1,84.2,6.3,19.4,16.2,0.528,jagakarsa
2022-06-13,89.54166666666667,Sedang,6,0,27.3,83.8,6.3,19.4,16.2,0.187,kebun jeruk
2022-06-13,39.166666666666664,Baik,6,0,27.5,83.3,6.4,20.2,16.3,0.05,kelapa gading
2022-06-13,69.66666666666667,Sedang,6,0,27.3,83.6,6.3,20.2,16.3,0.229,lubang buaya
2022-06-13,63.61109781951186,Sedang,6,0,27.5,82.5,3.8,12.1,16.2,0.0,us embassy 1
2022-06-13,80.99899244641371,Sedang,6,0,27.4,83.3,6.2,19.4,16.2,0.132,us embassy 2
2022-06-14,82.5,Sedang,6,1,27.7,81.4,6.0,21.6,14.8,0.002,bundaran hi
2022-06-14,80.875,Sedang,6,1,27.2,83.4,5.9,21.6,14.8,0.162,jagakarsa
2022-06-14,97.20833333333333,Sedang,6,1,27.5,82.9,5.9,21.6,14.8,0.068,kebun jeruk
2022-06-14,93.95833333333333,Sedang,6,1,27.6,82.0,6.2,24.5,14.6,0.015,kelapa gading
2022-06-14,109.45833333333333,Tidak Sehat,6,1,27.5,82.5,6.0,24.5,14.6,0.062,lubang buaya
2022-06-14,40.97809404431051,Baik,6,1,27.722222222222225,81.3,3.7,13.4,14.8,0.0,us embassy 1
2022-06-14,82.99226534479408,Sedang,6,1,27.6,82.2,6.0,21.6,14.8,0.045,us embassy 2
2022-06-15,74.0,Sedang,6,2,26.8,88.4,4.8,32.8,14.6,4.126,bundaran hi
2022-06-15,73.0,Sedang,6,2,26.4,89.8,4.5,32.8,14.6,8.143,jagakarsa
2022-06-15,69.0,Sedang,6,2,26.6,89.5,4.6,32.8,14.6,5.476,kebun jeruk
2022-06-15,76.0,Sedang,6,2,26.7,89.2,4.9,33.5,14.5,6.97,kelapa gading
2022-06-15,87.0,Sedang,6,2,26.5,89.3,4.7,33.5,14.5,6.375,lubang buaya
2022-06-15,54.14796365209807,Sedang,6,2,26.77777777777778,88.4,3.0,20.4,14.6,0.158,us embassy 1
2022-06-15,94.93429355027615,Sedang,6,2,26.6,89.0,4.7,32.8,14.6,5.332,us embassy 2
2022-06-16,74.0,Sedang,6,3,26.7,88.4,5.4,24.1,14.5,0.0,bundaran hi
2022-06-16,73.0,Sedang,6,3,26.4,88.9,5.2,24.1,14.5,0.0,jagakarsa
2022-06-16,69.0,Sedang,6,3,26.6,88.8,5.3,24.1,14.5,0.0,kebun jeruk
2022-06-16,76.0,Sedang,6,3,26.7,88.6,5.5,26.3,15.2,0.0,kelapa gading
2022-06-16,87.0,Sedang,6,3,26.6,88.7,5.3,26.3,15.2,0.0,lubang buaya
2022-06-16,92.22007029684926,Sedang,6,3,26.722222222222214,88.4,3.3,15.0,14.5,0.0,us embassy 1
2022-06-16,108.48086891464125,Tidak Sehat,6,3,26.6,88.6,5.3,24.1,14.5,0.0,us embassy 2
2022-06-17,86.33333333333333,Sedang,6,4,26.6,89.1,5.3,15.8,8.9,0.006,bundaran hi
2022-06-17,105.5,Tidak Sehat,6,4,26.2,90.0,5.0,15.8,8.9,0.307,jagakarsa
2022-06-17,93.29166666666667,Sedang,6,4,26.4,89.8,5.1,15.8,8.9,0.07,kebun jeruk
2022-06-17,81.125,Sedang,6,4,26.6,89.6,5.4,16.6,9.1,0.138,kelapa gading
2022-06-17,112.08333333333333,Tidak Sehat,6,4,26.4,89.7,5.2,16.6,9.1,0.212,lubang buaya
2022-06-17,76.63144141064508,Sedang,6,4,26.611111111111114,89.1,3.3,9.8,8.9,0.0,us embassy 1
2022-06-17,100.19593820452876,Tidak Sehat,6,4,26.5,89.5,5.2,15.8,8.9,0.066,us embassy 2
2022-06-18,75.91666666666667,Sedang,6,5,26.8,84.8,5.5,19.4,17.9,0.001,bundaran hi
2022-06-18,77.16666666666667,Sedang,6,5,26.5,85.3,5.4,19.4,17.9,0.088,jagakarsa
2022-06-18,72.41666666666667,Sedang,6,5,26.6,85.2,5.4,19.4,17.9,0.013,kebun jeruk
2022-06-18,77.08333333333333,Sedang,6,5,26.8,85.2,5.7,19.1,18.2,0.009,kelapa gading
2022-06-18,90.33333333333333,Sedang,6,5,26.6,85.2,5.5,19.1,18.2,0.053,lubang buaya
2022-06-18,86.24461014822829,Sedang,6,5,26.77777777777778,84.7,3.4,12.1,17.9,0.0,us embassy 1
2022-06-18,108.79827428740805,Tidak Sehat,6,5,26.7,85.0,5.5,19.4,17.9,0.013,us embassy 2
2022-06-19,74.0,Sedang,6,6,28.0,81.4,6.1,22.0,19.3,0.0,bundaran hi
2022-06-19,73.0,Sedang,6,6,27.7,82.0,6.1,22.0,19.3,0.044,jagakarsa
2022-06-19,69.0,Sedang,6,6,27.8,81.9,6.1,22.0,19.3,0.007,kebun jeruk
2022-06-19,76.0,Sedang,6,6,28.0,81.4,6.4,21.6,19.5,0.004,kelapa gading
2022-06-19,87.0,Sedang,6,6,27.8,81.7,6.2,21.6,19.5,0.026,lubang buaya
2022-06-19,81.0816983515953,Sedang,6,6,28.000000000000004,81.4,3.8,13.6,19.3,0.0,us embassy 1
2022-06-19,98.73433351358729,Sedang,6,6,27.9,81.6,6.1,22.0,19.3,0.007,us embassy 2
2022-06-20,100.54166666666667,Tidak Sehat,6,0,28.1,80.9,4.9,19.1,16.8,0.136,bundaran hi
2022-06-20,70.20833333333333,Sedang,6,0,27.7,82.2,4.7,19.1,16.8,10.037,jagakarsa
2022-06-20,99.70833333333333,Sedang,6,0,27.9,81.6,4.7,19.1,16.8,4.054,kebun jeruk
2022-06-20,90.16666666666667,Sedang,6,0,28.1,81.3,5.0,20.9,17.2,0.946,kelapa gading
2022-06-20,122.04166666666667,Tidak Sehat,6,0,27.9,81.6,4.8,20.9,17.2,3.954,lubang buaya
2022-06-20,81.35326524572974,Sedang,6,0,28.111111111111107,80.8,3.0,11.9,16.8,0.0,us embassy 1
2022-06-20,101.43721320457097,Tidak Sehat,6,0,28.0,81.3,4.8,19.1,16.8,2.743,us embassy 2
2022-06-21,91.79166666666667,Sedang,6,1,28.3,79.0,5.8,24.1,19.3,0.0,bundaran hi
2022-06-21,0.0,Baik,6,1,27.9,80.6,5.8,24.1,19.3,0.0,jagakarsa
2022-06-21,96.54166666666667,Sedang,6,1,28.1,80.1,5.8,24.1,19.3,0.0,kebun jeruk
2022-06-21,103.0,Tidak Sehat,6,1,28.3,79.5,6.2,25.6,19.3,0.0,kelapa gading
2022-06-21,120.20833333333333,Tidak Sehat,6,1,28.1,79.9,5.9,25.6,19.3,0.0,lubang buaya
2022-06-21,83.22201554470207,Sedang,6,1,28.33333333333333,78.9,3.6,15.0,19.3,0.0,us embassy 1
2022-06-21,98.00418887206546,Sedang,6,1,28.2,79.6,5.8,24.1,19.3,0.0,us embassy 2
2022-06-22,85.5,Sedang,6,2,28.0,84.9,5.3,44.6,18.0,15.275,bundaran hi
2022-06-22,96.54166666666667,Sedang,6,2,27.7,85.8,5.1,44.6,18.0,13.484,jagakarsa
2022-06-22,92.125,Sedang,6,2,27.8,85.7,5.2,44.6,18.0,17.928,kebun jeruk
2022-06-22,93.04166666666667,Sedang,6,2,28.1,84.8,5.5,44.6,18.7,9.246,kelapa gading
2022-06-22,117.54166666666667,Tidak Sehat,6,2,27.8,85.3,5.3,44.6,18.7,13.345,lubang buaya
2022-06-22,74.45469207001106,Sedang,6,2,28.000000000000004,84.9,3.3,27.7,18.0,0.605,us embassy 1
2022-06-22,88.62723347874301,Sedang,6,2,27.9,85.3,5.2,44.6,18.0,15.381,us embassy 2
2022-06-23,94.0,Sedang,6,3,28.4,77.8,6.4,35.3,19.7,0.001,bundaran hi
2022-06-23,101.91666666666667,Tidak Sehat,6,3,28.0,78.9,6.5,35.3,19.7,0.062,jagakarsa
2022-06-23,105.41666666666667,Tidak Sehat,6,3,28.2,78.8,6.5,35.3,19.7,0.009,kebun jeruk
2022-06-23,106.41666666666667,Tidak Sehat,6,3,28.4,78.4,6.7,35.3,20.0,0.006,kelapa gading
2022-06-23,89.58333333333333,Sedang,6,3,28.2,78.5,6.6,35.3,20.0,0.037,lubang buaya
2022-06-23,84.88152544650231,Sedang,6,3,28.444444444444443,77.8,4.0,21.9,19.7,0.0,us embassy 1
2022-06-23,100.41666232745986,Tidak Sehat,6,3,28.3,78.3,6.5,35.3,19.7,0.009,us embassy 2
2022-06-24,100.75,Tidak Sehat,6,4,27.7,83.0,4.9,22.7,16.6,0.002,bundaran hi
2022-06-24,107.5,Tidak Sehat,6,4,27.3,84.0,4.9,22.7,16.6,0.283,jagakarsa
2022-06-24,117.16666666666667,Tidak Sehat,6,4,27.5,83.8,4.9,22.7,16.6,0.043,kebun jeruk
2022-06-24,112.5,Tidak Sehat,6,4,27.6,83.4,5.3,23.0,17.1,0.028,kelapa gading
2022-06-24,122.83333333333333,Tidak Sehat,6,4,27.4,83.6,5.0,23.0,17.1,0.17,lubang buaya
2022-06-24,85.69434380427708,Sedang,6,4,27.722222222222225,83.0,3.1,14.1,16.6,0.0,us embassy 1
2022-06-24,105.54602218884922,Tidak Sehat,6,4,27.6,83.5,4.9,22.7,16.6,0.043,us embassy 2
2022-06-25,104.875,Tidak Sehat,6,5,27.6,82.2,5.7,20.2,16.4,0.244,bundaran hi
2022-06-25,106.0,Tidak Sehat,6,5,27.1,83.4,5.5,20.2,16.4,17.573,jagakarsa
2022-06-25,117.20833333333333,Tidak Sehat,6,5,27.4,83.0,5.6,20.2,16.4,7.393,kebun jeruk
2022-06-25,108.66666666666667,Tidak Sehat,6,5,27.6,82.4,5.9,20.9,16.9,1.678,kelapa gading
2022-06-25,126.875,Tidak Sehat,6,5,27.4,82.9,5.7,20.9,16.9,6.854,lubang buaya
2022-06-25,96.29653422088614,Sedang,6,5,27.666666666666668,82.2,3.5,12.5,16.4,0.001,us embassy 1
2022-06-25,116.24886337011075,Tidak Sehat,6,5,27.5,82.7,5.6,20.2,16.4,4.925,us embassy 2
2022-06-26,92.5,Sedang,6,6,27.4,84.9,6.0,19.4,12.2,0.029,bundaran hi
2022-06-26,98.25,Sedang,6,6,26.9,86.7,5.8,19.4,12.2,2.626,jagakarsa
2022-06-26,106.625,Tidak Sehat,6,6,27.1,86.1,5.9,19.4,12.2,0.719,kebun jeruk
2022-06-26,89.33333333333333,Sedang,6,6,27.3,85.8,6.1,20.2,12.3,0.254,kelapa gading
2022-06-26,111.125,Tidak Sehat,6,6,27.1,86.0,5.9,20.2,12.3,1.31,lubang buaya
2022-06-26,82.04382312615634,Sedang,6,6,27.38888888888889,84.9,3.7,12.1,12.2,0.0,us embassy 1
2022-06-26,103.13486507302396,Tidak Sehat,6,6,27.2,85.6,5.9,19.4,12.2,0.552,us embassy 2
2022-06-27,79.20833333333333,Sedang,6,0,28.1,82.0,5.6,19.8,14.9,21.483,bundaran hi
2022-06-27,82.83333333333333,Sedang,6,0,27.8,83.2,5.6,19.8,14.9,11.21,jagakarsa
2022-06-27,80.41666666666667,Sedang,6,0,28.0,82.7,5.6,19.8,14.9,12.758,kebun jeruk
2022-06-27,84.33333333333333,Sedang,6,0,28.1,82.8,5.8,20.5,15.3,11.875,kelapa gading
2022-06-27,93.45833333333333,Sedang,6,0,27.9,82.8,5.6,20.5,15.3,14.183,lubang buaya
2022-06-27,75.15539642966168,Sedang,6,0,28.111111111111107,82.0,3.5,12.3,14.9,0.862,us embassy 1
2022-06-27,94.37921118717382,Sedang,6,0,28.0,82.5,5.6,19.8,14.9,16.472,us embassy 2
2022-06-28,74.41666666666667,Sedang,6,1,28.1,81.6,5.9,20.2,17.9,0.493,bundaran hi
2022-06-28,76.91666666666667,Sedang,6,1,27.9,82.5,6.1,20.2,17.9,0.437,jagakarsa
2022-06-28,79.04166666666667,Sedang,6,1,28.0,82.2,6.1,20.2,17.9,0.503,kebun jeruk
2022-06-28,76.0,Sedang,6,1,28.2,81.6,6.2,20.2,18.9,0.24,kelapa gading
2022-06-28,84.66666666666667,Sedang,6,1,28.0,82.0,6.1,20.2,18.9,0.418,lubang buaya
2022-06-28,70.34795025722492,Sedang,6,1,28.111111111111107,81.6,3.7,12.5,17.9,0.02,us embassy 1
2022-06-28,81.8294469135058,Sedang,6,1,28.1,81.9,6.0,20.2,17.9,0.464,us embassy 2
2022-06-29,70.25,Sedang,6,2,28.1,78.4,7.1,17.3,20.0,0.0,bundaran hi
2022-06-29,67.79166666666667,Sedang,6,2,27.7,79.6,7.3,17.3,20.0,0.0,jagakarsa
2022-06-29,66.79166666666667,Sedang,6,2,27.9,79.4,7.3,17.3,20.0,0.0,kebun jeruk
2022-06-29,72.33333333333333,Sedang,6,2,28.1,78.9,7.5,17.6,19.4,0.0,kelapa gading
2022-06-29,68.875,Sedang,6,2,27.9,79.2,7.4,17.6,19.4,0.0,lubang buaya
2022-06-29,69.54086093501735,Sedang,6,2,28.111111111111107,78.3,4.4,10.7,20.0,0.0,us embassy 1
2022-06-29,73.20848665026834,Sedang,6,2,28.0,79.0,7.2,17.3,20.0,0.0,us embassy 2
2022-06-30,20.25,Baik,6,3,28.0,72.7,7.2,18.0,19.9,0.0,bundaran hi
2022-06-30,20.166666666666668,Baik,6,3,27.6,73.2,7.4,18.0,19.9,0.0,jagakarsa
2022-06-30,20.291666666666668,Baik,6,3,27.8,73.0,7.4,18.0,19.9,0.0,kebun jeruk
2022-06-30,22.791666666666668,Baik,6,3,28.0,72.9,7.6,17.3,20.3,0.0,kelapa gading
2022-06-30,29.083333333333332,Baik,6,3,27.8,73.0,7.4,17.3,20.3,0.0,lubang buaya
2022-06-30,69.54086093501735,Sedang,6,3,27.944444444444443,72.7,4.5,11.2,19.9,0.0,us embassy 1
2022-06-30,71.19135013721609,Sedang,6,3,27.9,72.9,7.4,18.0,19.9,0.0,us embassy 2
2022-07-01,83.79166666666667,Sedang,7,4,28.5,73.7,7.0,18.7,21.3,0.0,bundaran hi
2022-07-01,87.58333333333333,Sedang,7,4,28.1,74.5,7.1,18.7,21.3,0.0,jagakarsa
2022-07-01,85.25,Sedang,7,4,28.3,74.4,7.1,18.7,21.3,0.0,kebun jeruk
2022-07-01,89.875,Sedang,7,4,28.5,74.1,7.1,20.2,21.5,0.0,kelapa gading
2022-07-01,108.41666666666667,Tidak Sehat,7,4,28.3,74.2,7.1,20.2,21.5,0.0,lubang buaya
2022-07-01,62.073051705236956,Sedang,7,4,28.55555555555556,73.7,4.3,11.6,21.3,0.0,us embassy 1
2022-07-01,82.35538951284857,Sedang,7,4,28.4,74.1,7.0,18.7,21.3,0.0,us embassy 2
2022-07-02,104.375,Tidak Sehat,7,5,28.8,76.1,5.2,23.0,17.6,0.009,bundaran hi
2022-07-02,113.16666666666667,Tidak Sehat,7,5,28.5,77.0,5.1,23.0,17.6,0.423,jagakarsa
2022-07-02,111.33333333333333,Tidak Sehat,7,5,28.7,76.6,5.1,23.0,17.6,0.266,kebun jeruk
2022-07-02,107.33333333333333,Tidak Sehat,7,5,28.8,76.4,5.5,23.4,18.1,0.067,kelapa gading
2022-07-02,132.79166666666666,Tidak Sehat,7,5,28.6,76.6,5.2,23.4,18.1,0.258,lubang buaya
2022-07-02,10.212855238932672,Baik,7,5,28.83333333333333,76.1,3.2,14.3,17.6,0.0,us embassy 1
2022-07-02,104.43017774286058,Tidak Sehat,7,5,28.7,76.4,5.2,23.0,17.6,0.14,us embassy 2
2022-07-03,109.41666666666667,Tidak Sehat,7,6,28.6,84.2,6.1,29.5,18.4,17.415,bundaran hi
2022-07-03,107.08333333333333,Tidak Sehat,7,6,28.3,85.5,5.9,29.5,18.4,14.581,jagakarsa
2022-07-03,111.0,Tidak Sehat,7,6,28.4,85.3,6.0,29.5,18.4,17.312,kebun jeruk
2022-07-03,98.91666666666667,Sedang,7,6,28.6,84.7,6.2,29.9,18.6,24.796,kelapa gading
2022-07-03,125.20833333333333,Tidak Sehat,7,6,28.4,85.0,6.1,29.9,18.6,18.371,lubang buaya
2022-07-03,9.787700161935446,Baik,7,6,28.666666666666668,84.1,3.7,18.3,18.4,0.679,us embassy 1
2022-07-03,116.96091987427796,Tidak Sehat,7,6,28.5,84.8,6.0,29.5,18.4,17.74,us embassy 2
2022-07-04,72.25,Sedang,7,0,29.4,79.3,7.4,33.8,17.5,0.047,bundaran hi
2022-07-04,70.125,Sedang,7,0,29.1,80.3,7.7,33.8,17.5,3.439,jagakarsa
2022-07-04,74.625,Sedang,7,0,29.2,80.2,7.7,33.8,17.5,1.438,kebun jeruk
2022-07-04,69.5,Sedang,7,0,29.3,79.9,7.7,32.8,17.4,0.323,kelapa gading
2022-07-04,76.0,Sedang,7,0,29.2,80.0,7.7,32.8,17.4,1.315,lubang buaya
2022-07-04,9.08711652011912,Baik,7,0,29.38888888888889,79.3,4.6,21.0,17.5,0.0,us embassy 1
2022-07-04,87.49792025140584,Sedang,7,0,29.3,79.8,7.6,33.8,17.5,0.964,us embassy 2
2022-07-05,69.20833333333333,Sedang,7,1,29.5,79.5,7.0,22.3,17.9,0.005,bundaran hi
2022-07-05,44.666666666666664,Baik,7,1,29.1,80.0,7.1,22.3,17.9,0.381,jagakarsa
2022-07-05,72.91666666666667,Sedang,7,1,29.3,79.9,7.1,22.3,17.9,0.138,kebun jeruk
2022-07-05,74.33333333333333,Sedang,7,1,29.5,79.7,7.3,22.3,18.7,0.047,kelapa gading
2022-07-05,61.416666666666664,Sedang,7,1,29.3,79.9,7.1,22.3,18.7,0.231,lubang buaya
2022-07-05,7.973916853575254,Baik,7,1,29.5,79.5,4.3,13.9,17.9,0.0,us embassy 1
2022-07-05,68.267660722843,Sedang,7,1,29.4,79.7,7.0,22.3,17.9,0.088,us embassy 2
2022-07-06,75.33333333333333,Sedang,7,2,26.8,89.6,5.8,20.2,16.7,29.061,bundaran hi
2022-07-06,99.41666666666667,Sedang,7,2,26.6,90.3,5.6,20.2,16.7,21.422,jagakarsa
2022-07-06,86.95833333333333,Sedang,7,2,26.7,90.1,5.7,20.2,16.7,24.255,kebun jeruk
2022-07-06,67.16666666666667,Sedang,7,2,26.8,89.9,5.9,19.4,17.0,35.284,kelapa gading
2022-07-06,133.375,Tidak Sehat,7,2,26.7,90.1,5.7,19.4,17.0,27.569,lubang buaya
2022-07-06,25.979565640888197,Baik,7,2,26.83333333333333,89.6,3.6,12.5,16.7,1.143,us embassy 1
2022-07-06,91.61990314813998,Sedang,7,2,26.8,89.9,5.7,20.2,16.7,27.125,us embassy 2
2022-07-07,74.75,Sedang,7,3,28.4,83.7,5.7,15.5,18.0,0.006,bundaran hi
2022-07-07,133.54166666666666,Tidak Sehat,7,3,28.2,84.2,5.5,15.5,18.0,0.618,jagakarsa
2022-07-07,92.25,Sedang,7,3,28.3,84.1,5.6,15.5,18.0,0.092,kebun jeruk
2022-07-07,69.79166666666667,Sedang,7,3,28.5,83.6,5.8,16.2,18.5,0.061,kelapa gading
2022-07-07,97.625,Sedang,7,3,28.3,83.9,5.6,16.2,18.5,0.37,lubang buaya
2022-07-07,41.22605185783214,Baik,7,3,28.444444444444443,83.7,3.5,9.6,18.0,0.0,us embassy 1
2022-07-07,94.37367171242481,Sedang,7,3,28.4,83.9,5.6,15.5,18.0,0.093,us embassy 2
2022-07-08,74.0,Sedang,7,4,28.9,76.9,6.0,16.2,20.0,0.0,bundaran hi
2022-07-08,73.0,Sedang,7,4,28.6,77.2,6.1,16.2,20.0,0.0,jagakarsa
2022-07-08,69.0,Sedang,7,4,28.8,77.0,6.1,16.2,20.0,0.0,kebun jeruk
2022-07-08,76.0,Sedang,7,4,29.0,76.7,6.4,18.0,20.0,0.0,kelapa gading
2022-07-08,87.0,Sedang,7,4,28.8,77.0,6.2,18.0,20.0,0.0,lubang buaya
2022-07-08,45.26992102001935,Baik,7,4,28.944444444444443,76.9,3.7,10.1,20.0,0.0,us embassy 1
2022-07-08,91.96379711710846,Sedang,7,4,28.9,76.9,6.1,16.2,20.0,0.0,us embassy 2
2022-07-09,72.08333333333333,Sedang,7,5,28.3,72.1,7.8,18.4,18.7,0.0,bundaran hi
2022-07-09,62.041666666666664,Sedang,7,5,27.9,72.6,8.2,18.4,18.7,0.0,jagakarsa
2022-07-09,47.541666666666664,Baik,7,5,28.1,72.4,8.1,18.4,18.7,0.0,kebun jeruk
2022-07-09,76.58333333333333,Sedang,7,5,28.3,72.6,8.2,18.0,18.6,0.0,kelapa gading
2022-07-09,90.875,Sedang,7,5,28.1,72.5,8.1,18.0,18.6,0.0,lubang buaya
2022-07-09,55.717008011492915,Sedang,7,5,28.277777777777786,72.1,4.8,11.4,18.7,0.0,us embassy 1
2022-07-09,65.44181403316657,Sedang,7,5,28.2,72.3,8.0,18.4,18.7,0.0,us embassy 2
2022-07-10,30.0,Baik,7,6,28.2,70.5,7.3,35.3,19.6,0.0,bundaran hi
2022-07-10,65.45833333333333,Sedang,7,6,27.8,71.1,7.7,35.3,19.6,0.0,jagakarsa
2022-07-10,68.04166666666667,Sedang,7,6,28.0,70.7,7.6,35.3,19.6,0.0,kebun jeruk
2022-07-10,84.08333333333333,Sedang,7,6,28.2,70.8,7.8,35.3,20.0,0.0,kelapa gading
2022-07-10,95.5,Sedang,7,6,28.0,70.9,7.6,35.3,20.0,0.0,lubang buaya
2022-07-10,58.7941269372073,Sedang,7,6,28.22222222222222,70.5,4.5,21.9,19.6,0.0,us embassy 1
2022-07-10,66.61260631516251,Sedang,7,6,28.1,70.6,7.5,35.3,19.6,0.0,us embassy 2
2022-07-11,46.791666666666664,Baik,7,0,28.4,74.4,6.8,16.2,17.0,0.0,bundaran hi
2022-07-11,82.125,Sedang,7,0,28.1,75.3,6.8,16.2,17.0,0.0,jagakarsa
2022-07-11,80.875,Sedang,7,0,28.3,75.0,6.8,16.2,17.0,0.0,kebun jeruk
2022-07-11,90.5,Sedang,7,0,28.4,74.9,7.0,18.7,17.1,0.0,kelapa gading
2022-07-11,108.70833333333333,Tidak Sehat,7,0,28.2,75.0,6.9,18.7,17.1,0.0,lubang buaya
2022-07-11,62.96441731592583,Sedang,7,0,28.444444444444443,74.3,4.2,10.1,17.0,0.0,us embassy 1
2022-07-11,79.0247909088499,Sedang,7,0,28.3,74.7,6.8,16.2,17.0,0.0,us embassy 2
2022-07-12,92.95833333333333,Sedang,7,1,29.0,79.4,6.3,24.5,17.4,0.02,bundaran hi
2022-07-12,103.58333333333333,Tidak Sehat,7,1,28.5,80.9,6.2,24.5,17.4,1.78,jagakarsa
2022-07-12,99.29166666666667,Sedang,7,1,28.7,80.4,6.4,24.5,17.4,0.483,kebun jeruk
2022-07-12,97.29166666666667,Sedang,7,1,28.9,80.0,6.6,25.9,18.0,0.173,kelapa gading
2022-07-12,117.29166666666667,Tidak Sehat,7,1,28.7,80.3,6.4,25.9,18.0,0.891,lubang buaya
2022-07-12,71.25825824514509,Sedang,7,1,29.0,79.3,3.9,15.2,17.4,0.0,us embassy 1
2022-07-12,94.21711072996352,Sedang,7,1,28.8,80.0,6.3,24.5,17.4,0.372,us embassy 2
2022-07-13,85.75,Sedang,7,2,27.1,86.9,5.3,24.8,11.3,0.279,bundaran hi
2022-07-13,99.79166666666667,Sedang,7,2,26.5,89.0,5.0,24.8,11.3,12.673,jagakarsa
2022-07-13,96.5,Sedang,7,2,26.7,88.4,5.2,24.8,11.3,8.896,kebun jeruk
2022-07-13,88.79166666666667,Sedang,7,2,27.0,87.9,5.3,25.6,11.5,1.999,kelapa gading
2022-07-13,116.5,Tidak Sehat,7,2,26.7,88.2,5.2,25.6,11.5,6.224,lubang buaya
2022-07-13,69.6415338019434,Sedang,7,2,27.11111111111111,86.9,3.3,15.4,11.3,0.002,us embassy 1
2022-07-13,39.07994401794409,Baik,7,2,26.9,87.8,5.2,24.8,11.3,4.762,us embassy 2
2022-07-14,82.5,Sedang,7,3,28.2,81.7,6.6,30.6,14.1,0.001,bundaran hi
2022-07-14,83.58333333333333,Sedang,7,3,27.8,83.1,6.7,30.6,14.1,0.15,jagakarsa
2022-07-14,82.41666666666667,Sedang,7,3,28.0,82.7,6.7,30.6,14.1,0.023,kebun jeruk
2022-07-14,76.0,Sedang,7,3,28.1,82.3,6.8,34.6,14.5,0.015,kelapa gading
2022-07-14,126.41666666666667,Tidak Sehat,7,3,28.0,82.6,6.7,34.6,14.5,0.09,lubang buaya
2022-07-14,68.0531756791626,Sedang,7,3,28.22222222222222,81.7,4.1,19.0,14.1,0.0,us embassy 1
2022-07-14,84.50916459489419,Sedang,7,3,28.1,82.3,6.7,30.6,14.1,0.023,us embassy 2
2022-07-15,69.58333333333333,Sedang,7,4,28.2,81.9,6.7,23.8,14.4,7.368,bundaran hi
2022-07-15,76.41666666666667,Sedang,7,4,27.7,83.1,6.6,23.8,14.4,21.471,jagakarsa
2022-07-15,63.583333333333336,Sedang,7,4,28.0,82.7,6.7,23.8,14.4,15.779,kebun jeruk
2022-07-15,65.54166666666667,Sedang,7,4,28.1,82.3,6.8,25.2,14.7,12.039,kelapa gading
2022-07-15,91.04166666666667,Sedang,7,4,27.9,82.6,6.7,25.2,14.7,14.79,lubang buaya
2022-07-15,57.85107607599818,Sedang,7,4,28.166666666666668,81.9,4.1,14.8,14.4,0.278,us embassy 1
2022-07-15,77.63526826935755,Sedang,7,4,28.0,82.4,6.7,23.8,14.4,12.243,us embassy 2
2022-07-16,58.208333333333336,Sedang,7,5,25.6,86.3,6.7,25.9,6.7,40.948,bundaran hi
2022-07-16,56.875,Sedang,7,5,25.3,87.2,7.0,25.9,6.7,30.521,jagakarsa
2022-07-16,57.416666666666664,Sedang,7,5,25.5,87.0,6.9,25.9,6.7,35.164,kebun jeruk
2022-07-16,58.375,Sedang,7,5,25.6,86.6,6.9,24.5,7.2,44.386,kelapa gading
2022-07-16,45.125,Baik,7,5,25.5,86.8,6.9,24.5,7.2,37.492,lubang buaya
2022-07-16,49.656358152797196,Baik,7,5,25.611111111111107,86.3,4.2,16.1,6.7,1.614,us embassy 1
2022-07-16,76.63627269929205,Sedang,7,5,25.5,86.7,6.8,25.9,6.7,38.114,us embassy 2
2022-07-17,67.16666666666667,Sedang,7,6,27.4,84.5,6.6,30.6,12.7,0.0,bundaran hi
2022-07-17,70.625,Sedang,7,6,27.1,85.5,6.8,30.6,12.7,0.0,jagakarsa
2022-07-17,79.08333333333333,Sedang,7,6,27.3,85.3,6.8,30.6,12.7,0.0,kebun jeruk
2022-07-17,67.16666666666667,Sedang,7,6,27.5,85.1,6.8,31.0,12.6,0.0,kelapa gading
2022-07-17,0.0,Baik,7,6,27.3,85.2,6.8,31.0,12.6,0.0,lubang buaya
2022-07-17,51.69012699975613,Sedang,7,6,27.444444444444446,84.5,4.1,19.0,12.7,0.0,us embassy 1
2022-07-17,76.63627269929205,Sedang,7,6,27.4,85.0,6.7,30.6,12.7,0.0,us embassy 2
2022-07-18,88.33333333333333,Sedang,7,0,28.2,82.1,5.6,17.6,19.3,0.001,bundaran hi
2022-07-18,107.875,Tidak Sehat,7,0,27.9,83.0,5.5,17.6,19.3,0.016,jagakarsa
2022-07-18,100.5,Tidak Sehat,7,0,28.0,82.8,5.5,17.6,19.3,0.023,kebun jeruk
2022-07-18,88.25,Sedang,7,0,28.2,82.6,5.8,18.4,19.7,0.004,kelapa gading
2022-07-18,72.08333333333333,Sedang,7,0,28.0,82.7,5.6,18.4,19.7,0.01,lubang buaya
2022-07-18,64.27271796890686,Sedang,7,0,28.166666666666668,82.1,3.5,11.0,19.3,0.0,us embassy 1
2022-07-18,76.63627269929205,Sedang,7,0,28.1,82.5,5.6,17.6,19.3,0.01,us embassy 2
2022-07-19,96.79166666666667,Sedang,7,1,28.9,80.5,6.3,17.6,20.1,0.0,bundaran hi
2022-07-19,99.875,Sedang,7,1,28.5,81.4,6.2,17.6,20.1,0.0,jagakarsa
2022-07-19,95.75,Sedang,7,1,28.7,81.3,6.3,17.6,20.1,0.0,kebun jeruk
2022-07-19,94.875,Sedang,7,1,28.8,81.1,6.5,18.0,20.4,0.0,kelapa gading
2022-07-19,119.20833333333333,Tidak Sehat,7,1,28.6,81.2,6.3,18.0,20.4,0.0,lubang buaya
2022-07-19,75.15820429361247,Sedang,7,1,28.88888888888889,80.5,3.9,11.0,20.1,0.0,us embassy 1
2022-07-19,76.63627269929205,Sedang,7,1,28.7,81.0,6.3,17.6,20.1,0.0,us embassy 2
2022-07-20,92.45833333333333,Sedang,7,2,29.1,80.1,5.9,22.0,18.9,0.0,bundaran hi
2022-07-20,106.29166666666667,Tidak Sehat,7,2,28.6,81.8,5.8,22.0,18.9,0.0,jagakarsa
2022-07-20,96.875,Sedang,7,2,28.8,81.4,5.9,22.0,18.9,0.0,kebun jeruk
2022-07-20,99.75,Sedang,7,2,29.0,81.1,6.2,22.3,19.3,0.0,kelapa gading
2022-07-20,122.25,Tidak Sehat,7,2,28.8,81.2,6.0,22.3,19.3,0.0,lubang buaya
2022-07-20,73.95045275177459,Sedang,7,2,29.11111111111111,80.0,3.7,13.6,18.9,0.0,us embassy 1
2022-07-20,96.689763037916,Sedang,7,2,28.9,80.8,5.9,22.0,18.9,0.0,us embassy 2
2022-07-21,91.375,Sedang,7,3,28.5,78.5,6.0,20.5,20.6,0.0,bundaran hi
2022-07-21,98.04166666666667,Sedang,7,3,28.2,79.6,5.9,20.5,20.6,0.0,jagakarsa
2022-07-21,96.33333333333333,Sedang,7,3,28.3,79.4,5.9,20.5,20.6,0.0,kebun jeruk
2022-07-21,99.16666666666667,Sedang,7,3,28.5,79.1,6.4,19.4,21.0,0.0,kelapa gading
2022-07-21,114.41666666666667,Tidak Sehat,7,3,28.3,79.2,6.1,19.4,21.0,0.0,lubang buaya
2022-07-21,82.01386706261117,Sedang,7,3,28.55555555555556,78.4,3.7,12.8,20.6,0.0,us embassy 1
2022-07-21,101.05688384437146,Tidak Sehat,7,3,28.4,79.0,6.0,20.5,20.6,0.0,us embassy 2
2022-07-22,93.33333333333333,Sedang,7,4,28.5,80.2,5.3,31.7,17.4,0.009,bundaran hi
2022-07-22,97.04166666666667,Sedang,7,4,28.0,82.0,5.2,31.7,17.4,0.476,jagakarsa
2022-07-22,104.16666666666667,Tidak Sehat,7,4,28.2,81.6,5.2,31.7,17.4,0.26,kebun jeruk
2022-07-22,97.66666666666667,Sedang,7,4,28.4,81.0,5.5,32.8,17.8,0.055,kelapa gading
2022-07-22,99.33333333333333,Sedang,7,4,28.2,81.3,5.3,32.8,17.8,0.2,lubang buaya
2022-07-22,89.16203707477284,Sedang,7,4,28.5,80.1,3.3,19.7,17.4,0.0,us embassy 1
2022-07-22,98.92890176776372,Sedang,7,4,28.3,81.0,5.3,31.7,17.4,0.155,us embassy 2
2022-07-23,72.16666666666667,Sedang,7,5,28.7,79.3,7.1,23.0,19.0,0.004,bundaran hi
2022-07-23,76.625,Sedang,7,5,28.3,80.3,7.1,23.0,19.0,0.485,jagakarsa
2022-07-23,77.5,Sedang,7,5,28.5,79.9,7.2,23.0,19.0,0.073,kebun jeruk
2022-07-23,71.08333333333333,Sedang,7,5,28.6,79.8,7.3,24.1,19.5,0.048,kelapa gading
2022-07-23,45.166666666666664,Baik,7,5,28.5,79.9,7.2,24.1,19.5,0.29,lubang buaya
2022-07-23,80.45725863783932,Sedang,7,5,28.666666666666668,79.3,4.4,14.3,19.0,0.0,us embassy 1
2022-07-23,81.29012379267901,Sedang,7,5,28.6,79.7,7.1,23.0,19.0,0.073,us embassy 2
2022-07-24,63.458333333333336,Sedang,7,6,28.7,77.5,7.3,21.2,17.6,0.026,bundaran hi
2022-07-24,66.0,Sedang,7,6,28.2,78.9,7.4,21.2,17.6,2.549,jagakarsa
2022-07-24,65.875,Sedang,7,6,28.4,78.4,7.5,21.2,17.6,0.544,kebun jeruk
2022-07-24,51.75,Sedang,7,6,28.6,78.2,7.6,19.4,19.0,0.251,kelapa gading
2022-07-24,90.58333333333333,Sedang,7,6,28.4,78.4,7.4,19.4,19.0,1.396,lubang buaya
2022-07-24,63.250164014951,Sedang,7,6,28.666666666666668,77.5,4.5,13.2,17.6,0.0,us embassy 1
2022-07-24,70.88491255467144,Sedang,7,6,28.5,78.0,7.4,21.2,17.6,0.46,us embassy 2
2022-07-25,68.91666666666667,Sedang,7,0,28.2,79.0,6.1,20.5,17.6,0.114,bundaran hi
2022-07-25,62.5,Sedang,7,0,27.9,80.6,6.1,20.5,17.6,4.506,jagakarsa
2022-07-25,73.5,Sedang,7,0,28.1,80.0,6.2,20.5,17.6,3.244,kebun jeruk
2022-07-25,45.583333333333336,Baik,7,0,28.2,79.8,6.3,20.2,18.9,1.162,kelapa gading
2022-07-25,85.70833333333333,Sedang,7,0,28.1,80.0,6.2,20.2,18.9,2.212,lubang buaya
2022-07-25,64.76393545350071,Sedang,7,0,28.277777777777786,78.9,3.8,12.8,17.6,0.0,us embassy 1
2022-07-25,71.46434413981247,Sedang,7,0,28.2,79.6,6.1,20.5,17.6,1.79,us embassy 2
2022-07-26,78.58333333333333,Sedang,7,1,28.5,73.9,7.0,23.4,19.4,0.0,bundaran hi
2022-07-26,82.25,Sedang,7,1,28.1,75.5,7.1,23.4,19.4,0.0,jagakarsa
2022-07-26,80.33333333333333,Sedang,7,1,28.3,74.9,7.1,23.4,19.4,0.0,kebun jeruk
2022-07-26,75.29166666666667,Sedang,7,1,28.4,74.7,7.2,24.1,19.8,0.0,kelapa gading
2022-07-26,102.58333333333333,Tidak Sehat,7,1,28.3,74.9,7.1,24.1,19.8,0.0,lubang buaya
2022-07-26,67.09724260741176,Sedang,7,1,28.5,73.8,4.3,14.5,19.4,0.0,us embassy 1
2022-07-26,80.71110103367987,Sedang,7,1,28.4,74.5,7.0,23.4,19.4,0.0,us embassy 2
2022-07-27,87.25,Sedang,7,2,28.5,72.8,6.3,23.0,20.7,0.0,bundaran hi
2022-07-27,94.25,Sedang,7,2,28.1,74.4,6.1,23.0,20.7,0.0,jagakarsa
2022-07-27,85.29166666666667,Sedang,7,2,28.3,73.9,6.2,23.0,20.7,0.0,kebun jeruk
2022-07-27,88.375,Sedang,7,2,28.5,73.4,6.4,24.1,21.5,0.0,kelapa gading
2022-07-27,114.375,Tidak Sehat,7,2,28.3,73.8,6.2,24.1,21.5,0.0,lubang buaya
2022-07-27,77.78526900281175,Sedang,7,2,28.55555555555556,72.8,3.9,14.3,20.7,0.0,us embassy 1
2022-07-27,84.35403155074228,Sedang,7,2,28.4,73.4,6.2,23.0,20.7,0.0,us embassy 2
2022-07-28,99.95833333333333,Sedang,7,3,29.1,75.0,7.3,30.6,19.7,0.0,bundaran hi
2022-07-28,112.33333333333333,Tidak Sehat,7,3,28.7,75.8,7.6,30.6,19.7,0.0,jagakarsa
2022-07-28,91.79166666666667,Sedang,7,3,28.9,75.6,7.6,30.6,19.7,0.0,kebun jeruk
2022-07-28,101.33333333333333,Tidak Sehat,7,3,29.0,75.8,7.6,32.0,19.8,0.0,kelapa gading
2022-07-28,132.75,Tidak Sehat,7,3,28.9,75.6,7.5,32.0,19.8,0.0,lubang buaya
2022-07-28,88.83299510179984,Sedang,7,3,29.05555555555556,75.0,4.5,19.0,19.7,0.0,us embassy 1
2022-07-28,102.78405092435084,Tidak Sehat,7,3,29.0,75.4,7.5,30.6,19.7,0.0,us embassy 2
2022-07-29,78.625,Sedang,7,4,29.2,76.8,8.0,24.1,20.7,0.107,bundaran hi
2022-07-29,86.29166666666667,Sedang,7,4,28.8,78.3,8.2,24.1,20.7,4.608,jagakarsa
2022-07-29,19.75,Baik,7,4,29.1,77.8,8.3,24.1,20.7,1.949,kebun jeruk
2022-07-29,79.875,Sedang,7,4,29.2,77.4,8.3,26.3,21.1,0.433,kelapa gading
2022-07-29,121.70833333333333,Tidak Sehat,7,4,29.0,77.7,8.2,26.3,21.1,1.784,lubang buaya
2022-07-29,76.37647656608235,Sedang,7,4,29.27777777777778,76.8,5.0,15.0,20.7,0.001,us embassy 1
2022-07-29,86.81805688929332,Sedang,7,4,29.1,77.4,8.2,24.1,20.7,1.34,us embassy 2
2022-07-30,75.625,Sedang,7,5,28.5,80.4,6.6,18.7,19.8,0.0,bundaran hi
2022-07-30,86.33333333333333,Sedang,7,5,28.2,81.5,6.5,18.7,19.8,0.0,jagakarsa
2022-07-30,81.08333333333333,Sedang,7,5,28.3,81.2,6.6,18.7,19.8,0.0,kebun jeruk
2022-07-30,75.83333333333333,Sedang,7,5,28.5,80.7,6.9,20.2,20.4,0.0,kelapa gading
2022-07-30,80.29166666666667,Sedang,7,5,28.3,81.1,6.6,20.2,20.4,0.0,lubang buaya
2022-07-30,67.43682683765054,Sedang,7,5,28.55555555555556,80.4,4.1,11.6,19.8,0.0,us embassy 1
2022-07-30,78.78332797309054,Sedang,7,5,28.4,80.9,6.6,18.7,19.8,0.0,us embassy 2
2022-07-31,92.20833333333333,Sedang,7,6,28.8,78.7,6.6,26.6,19.9,0.0,bundaran hi
2022-07-31,101.08333333333333,Tidak Sehat,7,6,28.5,79.7,6.7,26.6,19.9,0.0,jagakarsa
2022-07-31,86.375,Sedang,7,6,28.6,79.6,6.8,26.6,19.9,0.0,kebun jeruk
2022-07-31,91.125,Sedang,7,6,28.8,79.3,7.0,27.4,20.6,0.0,kelapa gading
2022-07-31,65.33333333333333,Sedang,7,6,28.6,79.4,6.8,27.4,20.6,0.0,lubang buaya
2022-07-31,78.44579261417586,Sedang,7,6,28.83333333333333,78.7,4.1,16.6,19.9,0.0,us embassy 1
2022-07-31,94.95077023328544,Sedang,7,6,28.7,79.2,6.7,26.6,19.9,0.0,us embassy 2
2022-08-01,84.91666666666667,Sedang,8,0,29.0,77.6,7.3,27.0,21.1,0.0,bundaran hi
2022-08-01,0.0,Baik,8,0,28.5,78.8,7.5,27.0,21.1,0.0,jagakarsa
2022-08-01,80.33333333333333,Sedang,8,0,28.7,78.6,7.5,27.0,21.1,0.0,kebun jeruk
2022-08-01,82.5,Sedang,8,0,28.9,78.4,7.7,28.1,21.6,0.0,kelapa gading
2022-08-01,114.79166666666667,Tidak Sehat,8,0,28.7,78.4,7.5,28.1,21.6,0.0,lubang buaya
2022-08-01,81.40949014458221,Sedang,8,0,28.944444444444443,77.5,4.5,16.8,21.1,0.0,us embassy 1
2022-08-01,91.82254670257579,Sedang,8,0,28.8,78.2,7.4,27.0,21.1,0.0,us embassy 2
2022-08-02,76.875,Sedang,8,1,29.0,76.8,6.0,19.4,20.5,0.0,bundaran hi
2022-08-02,79.29166666666667,Sedang,8,1,28.6,77.8,6.0,19.4,20.5,0.0,jagakarsa
2022-08-02,76.0,Sedang,8,1,28.8,77.5,6.0,19.4,20.5,0.0,kebun jeruk
2022-08-02,81.83333333333333,Sedang,8,1,29.0,77.1,6.4,20.2,20.8,0.0,kelapa gading
2022-08-02,111.83333333333333,Tidak Sehat,8,1,28.8,77.4,6.1,20.2,20.8,0.0,lubang buaya
2022-08-02,70.70808542332558,Sedang,8,1,29.05555555555556,76.8,3.7,12.1,20.5,0.0,us embassy 1
2022-08-02,77.36301320978284,Sedang,8,1,28.9,77.2,6.0,19.4,20.5,0.0,us embassy 2
2022-08-03,99.29166666666667,Sedang,8,2,29.0,79.1,5.4,25.2,17.0,0.174,bundaran hi
2022-08-03,111.58333333333333,Tidak Sehat,8,2,28.4,81.4,5.3,25.2,17.0,12.433,jagakarsa
2022-08-03,105.83333333333333,Tidak Sehat,8,2,28.7,80.8,5.4,25.2,17.0,5.295,kebun jeruk
2022-08-03,101.83333333333333,Tidak Sehat,8,2,28.9,80.0,5.7,26.6,17.2,1.183,kelapa gading
2022-08-03,134.20833333333334,Tidak Sehat,8,2,28.7,80.5,5.4,26.6,17.2,4.78,lubang buaya
2022-08-03,89.36954161521417,Sedang,8,2,29.0,79.0,3.4,15.7,17.0,0.001,us embassy 1
2022-08-03,105.06972972724638,Tidak Sehat,8,2,28.8,80.1,5.4,25.2,17.0,3.518,us embassy 2
2022-08-04,83.66666666666667,Sedang,8,3,27.7,85.4,5.9,31.7,15.4,8.637,bundaran hi
2022-08-04,97.5,Sedang,8,3,27.3,86.4,5.7,31.7,15.4,15.336,jagakarsa
2022-08-04,89.5,Sedang,8,3,27.5,86.1,5.8,31.7,15.4,16.983,kebun jeruk
2022-08-04,77.33333333333333,Sedang,8,3,27.7,85.8,6.1,31.7,15.5,22.657,kelapa gading
2022-08-04,108.625,Tidak Sehat,8,3,27.5,86.0,5.9,31.7,15.5,16.015,lubang buaya
2022-08-04,83.23450087216835,Sedang,8,3,27.722222222222225,85.4,3.7,19.7,15.4,0.319,us embassy 1
2022-08-04,103.72943536960308,Tidak Sehat,8,3,27.6,85.8,5.9,31.7,15.4,13.48,us embassy 2
2022-08-05,59.458333333333336,Sedang,8,4,27.5,85.9,6.2,22.3,17.7,14.978,bundaran hi
2022-08-05,80.20833333333333,Sedang,8,4,27.2,86.6,6.2,22.3,17.7,7.999,jagakarsa
2022-08-05,66.875,Sedang,8,4,27.4,86.4,6.3,22.3,17.7,10.105,kebun jeruk
2022-08-05,58.916666666666664,Sedang,8,4,27.5,86.1,6.5,21.2,18.4,11.935,kelapa gading
2022-08-05,84.41666666666667,Sedang,8,4,27.3,86.3,6.3,21.2,18.4,10.907,lubang buaya
2022-08-05,59.71432354210663,Sedang,8,4,27.5,85.9,3.8,13.9,17.7,0.596,us embassy 1
2022-08-05,73.25774007703592,Sedang,8,4,27.4,86.2,6.3,22.3,17.7,12.28,us embassy 2
2022-08-06,64.16666666666667,Sedang,8,5,28.0,79.1,6.2,15.5,20.6,3.029,bundaran hi
2022-08-06,90.16666666666667,Sedang,8,5,27.6,80.1,6.3,15.5,20.6,6.66,jagakarsa
2022-08-06,80.95833333333333,Sedang,8,5,27.8,79.9,6.3,15.5,20.6,5.34,kebun jeruk
2022-08-06,70.83333333333333,Sedang,8,5,28.0,79.5,6.6,16.6,21.4,1.95,kelapa gading
2022-08-06,94.125,Sedang,8,5,27.8,79.7,6.4,16.6,21.4,4.38,lubang buaya
2022-08-06,55.950708168672264,Sedang,8,5,27.944444444444443,79.0,3.9,9.6,20.6,0.118,us embassy 1
2022-08-06,74.65959317414983,Sedang,8,5,27.8,79.5,6.3,15.5,20.6,4.113,us embassy 2
2022-08-07,95.20833333333333,Sedang,8,6,27.9,80.0,6.3,38.9,20.9,0.107,bundaran hi
2022-08-07,86.91666666666667,Sedang,8,6,27.5,81.3,6.3,38.9,20.9,7.871,jagakarsa
2022-08-07,92.25,Sedang,8,6,27.7,80.8,6.4,38.9,20.9,3.242,kebun jeruk
2022-08-07,103.29166666666667,Tidak Sehat,8,6,27.9,80.4,6.6,38.9,21.3,0.74,kelapa gading
2022-08-07,119.25,Tidak Sehat,8,6,27.7,80.7,6.4,38.9,21.3,3.051,lubang buaya
2022-08-07,83.32713885657152,Sedang,8,6,27.88888888888889,80.0,3.9,24.2,20.9,0.0,us embassy 1
2022-08-07,98.58253601465007,Sedang,8,6,27.8,80.5,6.4,38.9,20.9,2.182,us embassy 2
2022-08-08,69.0,Sedang,8,0,28.3,76.0,6.7,18.0,22.1,0.0,bundaran hi
2022-08-08,66.20833333333333,Sedang,8,0,27.9,77.4,6.8,18.0,22.1,0.0,jagakarsa
2022-08-08,72.45833333333333,Sedang,8,0,28.1,77.0,6.8,18.0,22.1,0.0,kebun jeruk
2022-08-08,74.91666666666667,Sedang,8,0,28.3,76.5,6.8,17.6,22.5,0.0,kelapa gading
2022-08-08,85.70833333333333,Sedang,8,0,28.1,76.8,6.8,17.6,22.5,0.0,lubang buaya
2022-08-08,71.3390357881742,Sedang,8,0,28.33333333333333,76.0,4.2,11.2,22.1,0.0,us embassy 1
2022-08-08,74.67734473203346,Sedang,8,0,28.2,76.5,6.8,18.0,22.1,0.0,us embassy 2
2022-08-09,8.375,Baik,8,1,28.7,74.0,6.8,17.3,20.6,0.208,bundaran hi
2022-08-09,71.5,Sedang,8,1,28.3,76.1,6.8,17.3,20.6,2.009,jagakarsa
2022-08-09,73.04166666666667,Sedang,8,1,28.5,75.8,7.0,17.3,20.6,1.941,kebun jeruk
2022-08-09,69.91666666666667,Sedang,8,1,28.7,75.2,7.0,17.3,21.4,5.582,kelapa gading
2022-08-09,84.16666666666667,Sedang,8,1,28.5,75.0,6.7,17.3,21.4,2.593,lubang buaya
2022-08-09,61.22645496169548,Sedang,8,1,28.72222222222222,73.9,4.2,10.7,20.6,0.001,us embassy 1
2022-08-09,74.06890568170485,Sedang,8,1,28.6,74.9,6.8,17.3,20.6,1.486,us embassy 2
2022-08-10,79.25,Sedang,8,2,28.9,74.1,6.2,21.2,21.2,0.0,bundaran hi
2022-08-10,92.83333333333333,Sedang,8,2,28.4,75.2,6.0,21.2,21.2,0.053,jagakarsa
2022-08-10,95.83333333333333,Sedang,8,2,28.6,75.8,6.4,21.2,21.2,0.008,kebun jeruk
2022-08-10,87.41666666666667,Sedang,8,2,28.8,74.7,6.3,24.1,21.8,0.005,kelapa gading
2022-08-10,73.08333333333333,Sedang,8,2,28.7,73.9,5.8,24.1,21.8,0.032,lubang buaya
2022-08-10,69.46620345971895,Sedang,8,2,28.88888888888889,74.2,3.8,13.2,21.2,0.0,us embassy 1
2022-08-10,85.30697189692098,Sedang,8,2,28.7,74.6,6.2,21.2,21.2,0.008,us embassy 2
2022-08-11,84.54166666666667,Sedang,8,3,29.3,74.1,6.5,21.2,21.4,0.004,bundaran hi
2022-08-11,83.0,Sedang,8,3,28.9,75.3,6.4,21.2,21.4,0.434,jagakarsa
2022-08-11,92.25,Sedang,8,3,29.1,75.4,6.9,21.2,21.4,0.087,kebun jeruk
2022-08-11,89.66666666666667,Sedang,8,3,29.2,75.1,6.7,23.8,22.0,0.043,kelapa gading
2022-08-11,108.66666666666667,Tidak Sehat,8,3,29.1,74.7,6.3,23.8,22.0,0.242,lubang buaya
2022-08-11,80.40219398859,Sedang,8,3,29.27777777777778,74.1,4.0,13.2,21.4,0.004,us embassy 1
2022-08-11,90.46079705448011,Sedang,8,3,29.2,74.7,6.6,21.2,21.4,0.076,us embassy 2
2022-08-12,76.95833333333333,Sedang,8,4,28.9,74.1,6.5,21.2,20.3,0.041,bundaran hi
2022-08-12,73.33333333333333,Sedang,8,4,28.6,74.9,6.4,21.2,20.3,5.355,jagakarsa
2022-08-12,83.75,Sedang,8,4,28.8,75.0,6.8,21.2,20.3,0.85,kebun jeruk
2022-08-12,78.83333333333333,Sedang,8,4,28.9,74.1,6.6,22.3,20.5,0.414,kelapa gading
2022-08-12,97.20833333333333,Sedang,8,4,28.8,73.4,6.2,22.3,20.5,2.357,lubang buaya
2022-08-12,75.56116405822992,Sedang,8,4,28.944444444444443,74.1,4.1,13.2,20.3,0.0,us embassy 1
2022-08-12,84.31617551479819,Sedang,8,4,28.8,74.3,6.6,21.2,20.3,0.738,us embassy 2
2022-08-13,72.0,Sedang,8,5,28.4,75.7,6.9,22.0,20.4,0.004,bundaran hi
2022-08-13,69.58333333333333,Sedang,8,5,28.0,76.9,7.1,22.0,20.4,0.53,jagakarsa
2022-08-13,76.75,Sedang,8,5,28.2,76.4,7.1,22.0,20.4,0.08,kebun jeruk
2022-08-13,75.54166666666667,Sedang,8,5,28.4,76.3,7.2,23.0,20.9,0.052,kelapa gading
2022-08-13,80.125,Sedang,8,5,28.2,76.5,7.1,23.0,20.9,0.318,lubang buaya
2022-08-13,65.97984522216838,Sedang,8,5,28.444444444444443,75.7,4.3,13.6,20.4,0.0,us embassy 1
2022-08-13,75.18817927063375,Sedang,8,5,28.3,76.2,7.0,22.0,20.4,0.08,us embassy 2
2022-08-14,82.58333333333333,Sedang,8,6,28.7,74.2,7.0,40.7,20.2,0.042,bundaran hi
2022-08-14,78.83333333333333,Sedang,8,6,28.2,75.4,7.1,40.7,20.2,4.679,jagakarsa
2022-08-14,76.70833333333333,Sedang,8,6,28.5,74.8,7.1,40.7,20.2,0.7,kebun jeruk
2022-08-14,77.83333333333333,Sedang,8,6,28.7,74.8,7.2,40.7,20.5,0.465,kelapa gading
2022-08-14,87.875,Sedang,8,6,28.4,74.9,7.1,40.7,20.5,2.801,lubang buaya
2022-08-14,71.3591459874686,Sedang,8,6,28.72222222222222,74.2,4.3,25.3,20.2,0.0,us embassy 1
2022-08-14,80.30324398108571,Sedang,8,6,28.6,74.6,7.0,40.7,20.2,0.701,us embassy 2
2022-08-15,71.41666666666667,Sedang,8,0,28.6,73.8,6.2,19.1,16.9,0.046,bundaran hi
2022-08-15,67.95833333333333,Sedang,8,0,28.2,74.8,6.3,19.1,16.9,3.334,jagakarsa
2022-08-15,70.5,Sedang,8,0,28.4,74.8,6.5,19.1,16.9,1.367,kebun jeruk
2022-08-15,71.5,Sedang,8,0,28.6,74.3,6.5,21.2,17.3,0.321,kelapa gading
2022-08-15,86.33333333333333,Sedang,8,0,28.5,73.8,6.2,21.2,17.3,1.344,lubang buaya
2022-08-15,62.879941953375635,Sedang,8,0,28.61111111111111,73.8,3.8,11.9,16.9,0.0,us embassy 1
2022-08-15,73.25922206415896,Sedang,8,0,28.5,74.1,6.3,19.1,16.9,0.927,us embassy 2
2022-08-16,74.375,Sedang,8,1,28.1,77.2,5.7,22.3,19.3,0.039,bundaran hi
2022-08-16,71.04166666666667,Sedang,8,1,27.8,78.2,5.6,22.3,19.3,1.388,jagakarsa
2022-08-16,74.125,Sedang,8,1,27.9,77.8,5.9,22.3,19.3,1.357,kebun jeruk
2022-08-16,52.625,Sedang,8,1,28.2,77.5,5.9,20.2,20.3,0.242,kelapa gading
2022-08-16,72.25,Sedang,8,1,28.1,77.5,5.5,20.2,20.3,0.597,lubang buaya
2022-08-16,64.3333610501588,Sedang,8,1,28.111111111111107,77.2,3.6,13.9,19.3,0.0,us embassy 1
2022-08-16,74.3640932587612,Sedang,8,1,28.0,77.5,5.7,22.3,19.3,0.6,us embassy 2
2022-08-17,70.0,Sedang,8,2,28.4,76.9,6.6,26.6,18.4,5.852,bundaran hi
2022-08-17,64.375,Sedang,8,2,28.0,77.7,6.8,26.6,18.4,4.483,jagakarsa
2022-08-17,67.91666666666667,Sedang,8,2,28.2,77.2,6.8,26.6,18.4,3.9,kebun jeruk
2022-08-17,69.25,Sedang,8,2,28.4,77.1,7.1,28.8,19.4,2.558,kelapa gading
2022-08-17,78.29166666666667,Sedang,8,2,28.2,77.3,6.9,28.8,19.4,4.502,lubang buaya
2022-08-17,72.54559247707142,Sedang,8,2,28.38888888888889,76.9,4.1,16.6,18.4,0.235,us embassy 1
2022-08-17,91.52830327861456,Sedang,8,2,28.3,77.1,6.8,26.6,18.4,4.693,us embassy 2
2022-08-18,59.5,Sedang,8,3,29.0,68.2,7.3,24.5,21.7,0.0,bundaran hi
2022-08-18,65.25,Sedang,8,3,28.7,68.9,7.4,24.5,21.7,0.0,jagakarsa
2022-08-18,70.16666666666667,Sedang,8,3,28.8,68.8,7.6,24.5,21.7,0.0,kebun jeruk
2022-08-18,63.666666666666664,Sedang,8,3,29.1,68.4,7.4,28.4,22.0,0.0,kelapa gading
2022-08-18,78.29166666666667,Sedang,8,3,28.9,68.2,7.2,28.4,22.0,0.0,lubang buaya
2022-08-18,65.11242844847094,Sedang,8,3,29.05555555555556,68.2,4.5,15.2,21.7,0.0,us embassy 1
2022-08-18,79.01227201663104,Sedang,8,3,28.9,68.5,7.4,24.5,21.7,0.0,us embassy 2
2022-08-19,73.0,Sedang,8,4,29.5,65.5,7.4,26.6,23.4,0.0,bundaran hi
2022-08-19,77.58333333333333,Sedang,8,4,29.1,67.1,7.5,26.6,23.4,0.0,jagakarsa
2022-08-19,72.875,Sedang,8,4,29.3,67.0,7.9,26.6,23.4,0.0,kebun jeruk
2022-08-19,78.83333333333333,Sedang,8,4,29.5,66.9,7.5,28.8,23.8,0.0,kelapa gading
2022-08-19,100.875,Tidak Sehat,8,4,29.3,66.4,7.2,28.8,23.8,0.0,lubang buaya
2022-08-19,67.83016530865025,Sedang,8,4,29.5,65.5,4.6,16.6,23.4,0.0,us embassy 1
2022-08-19,73.32807046052089,Sedang,8,4,29.4,66.3,7.5,26.6,23.4,0.0,us embassy 2
2022-08-20,74.125,Sedang,8,5,29.2,70.4,7.1,27.7,21.5,0.0,bundaran hi
2022-08-20,75.25,Sedang,8,5,28.9,71.2,7.3,27.7,21.5,0.071,jagakarsa
2022-08-20,70.20833333333333,Sedang,8,5,29.1,70.8,7.3,27.7,21.5,0.011,kebun jeruk
2022-08-20,77.25,Sedang,8,5,29.2,70.7,7.3,28.4,22.1,0.007,kelapa gading
2022-08-20,94.41666666666667,Sedang,8,5,29.0,70.9,7.3,28.4,22.1,0.043,lubang buaya
2022-08-20,68.58711344454895,Sedang,8,5,29.22222222222222,70.4,4.4,17.2,21.5,0.0,us embassy 1
2022-08-20,75.73596039674754,Sedang,8,5,29.1,70.7,7.2,27.7,21.5,0.011,us embassy 2
2022-08-21,73.29166666666667,Sedang,8,6,28.6,72.2,7.2,22.7,18.5,0.226,bundaran hi
2022-08-21,69.91666666666667,Sedang,8,6,28.2,73.5,7.3,22.7,18.5,17.841,jagakarsa
2022-08-21,68.16666666666667,Sedang,8,6,28.4,72.8,7.4,22.7,18.5,6.416,kebun jeruk
2022-08-21,74.66666666666667,Sedang,8,6,28.6,72.8,7.5,23.4,19.8,1.697,kelapa gading
2022-08-21,96.91666666666667,Sedang,8,6,28.4,73.0,7.4,23.4,19.8,7.664,lubang buaya
2022-08-21,68.90729915229817,Sedang,8,6,28.61111111111111,72.2,4.5,14.1,18.5,0.001,us embassy 1
2022-08-21,77.58795422707199,Sedang,8,6,28.5,72.6,7.3,22.7,18.5,4.493,us embassy 2
2022-08-22,67.58333333333333,Sedang,8,0,27.3,80.5,5.6,23.4,18.1,0.0,bundaran hi
2022-08-22,65.875,Sedang,8,0,27.0,81.5,5.4,23.4,18.1,0.009,jagakarsa
2022-08-22,65.75,Sedang,8,0,27.0,81.5,5.5,23.4,18.1,0.0,kebun jeruk
2022-08-22,68.95833333333333,Sedang,8,0,27.4,80.7,5.7,25.2,18.6,0.0,kelapa gading
2022-08-22,81.20833333333333,Sedang,8,0,27.2,80.8,5.4,25.2,18.6,0.0,lubang buaya
2022-08-22,64.27410397119813,Sedang,8,0,27.33333333333333,80.5,3.5,14.5,18.1,0.0,us embassy 1
2022-08-22,71.09216986905854,Sedang,8,0,27.2,80.9,5.5,23.4,18.1,0.0,us embassy 2
2022-08-23,86.29166666666667,Sedang,8,1,29.2,71.8,5.1,21.2,22.3,0.0,bundaran hi
2022-08-23,90.125,Sedang,8,1,28.8,73.2,4.9,21.2,22.3,0.0,jagakarsa
2022-08-23,90.41666666666667,Sedang,8,1,28.9,73.4,5.2,21.2,22.3,0.0,kebun jeruk
2022-08-23,90.16666666666667,Sedang,8,1,29.2,72.8,5.3,23.0,23.1,0.0,kelapa gading
2022-08-23,90.0,Sedang,8,1,29.1,72.3,4.7,23.0,23.1,0.0,lubang buaya
2022-08-23,74.24365741374204,Sedang,8,1,29.22222222222222,71.8,3.2,13.2,22.3,0.0,us embassy 1
2022-08-23,75.88361423747705,Sedang,8,1,29.1,72.5,5.1,21.2,22.3,0.0,us embassy 2
2022-08-24,92.79166666666667,Sedang,8,2,29.1,72.2,6.5,19.1,22.6,0.017,bundaran hi
2022-08-24,91.83333333333333,Sedang,8,2,28.7,72.8,6.5,19.1,22.6,1.214,jagakarsa
2022-08-24,89.625,Sedang,8,2,28.9,72.8,6.8,19.1,22.6,0.507,kebun jeruk
2022-08-24,92.66666666666667,Sedang,8,2,29.1,72.4,6.7,19.4,22.9,0.114,kelapa gading
2022-08-24,117.16666666666667,Tidak Sehat,8,2,29.0,72.1,6.5,19.4,22.9,0.464,lubang buaya
2022-08-24,84.67712823464151,Sedang,8,2,29.05555555555556,72.2,4.0,11.9,22.6,0.0,us embassy 1
2022-08-24,76.63627269929205,Sedang,8,2,29.0,72.4,6.6,19.1,22.6,0.34,us embassy 2
2022-08-25,81.875,Sedang,8,3,29.1,66.2,7.0,26.3,22.5,0.002,bundaran hi
2022-08-25,79.16666666666667,Sedang,8,3,28.7,67.7,7.0,26.3,22.5,0.142,jagakarsa
2022-08-25,77.91666666666667,Sedang,8,3,28.9,67.6,7.4,26.3,22.5,0.059,kebun jeruk
2022-08-25,83.5,Sedang,8,3,29.1,67.4,7.1,27.4,23.3,0.013,kelapa gading
2022-08-25,103.91666666666667,Tidak Sehat,8,3,29.0,66.6,6.7,27.4,23.3,0.054,lubang buaya
2022-08-25,80.46921347362654,Sedang,8,3,29.11111111111111,66.2,4.3,16.3,22.5,0.0,us embassy 1
2022-08-25,76.63627269929205,Sedang,8,3,29.0,66.8,7.1,26.3,22.5,0.04,us embassy 2
2022-08-26,92.625,Sedang,8,4,28.8,68.4,5.6,24.5,20.7,0.0,bundaran hi
2022-08-26,97.0,Sedang,8,4,28.4,69.2,5.4,24.5,20.7,0.044,jagakarsa
2022-08-26,99.70833333333333,Sedang,8,4,28.5,69.2,5.5,24.5,20.7,0.007,kebun jeruk
2022-08-26,95.79166666666667,Sedang,8,4,28.8,68.6,5.8,27.0,21.0,0.004,kelapa gading
2022-08-26,114.625,Tidak Sehat,8,4,28.6,68.0,5.3,27.0,21.0,0.026,lubang buaya
2022-08-26,81.18236789897144,Sedang,8,4,28.77777777777778,68.4,3.5,15.2,20.7,0.0,us embassy 1
2022-08-26,76.63627269929205,Sedang,8,4,28.7,68.6,5.5,24.5,20.7,0.007,us embassy 2
2022-08-27,98.875,Sedang,8,5,28.1,77.2,5.6,24.1,18.5,0.057,bundaran hi
2022-08-27,94.375,Sedang,8,5,27.7,78.3,5.6,24.1,18.5,5.013,jagakarsa
2022-08-27,101.875,Tidak Sehat,8,5,27.9,77.8,5.6,24.1,18.5,1.455,kebun jeruk
2022-08-27,99.58333333333333,Sedang,8,5,28.1,77.6,5.9,26.3,19.5,0.484,kelapa gading
2022-08-27,104.5,Tidak Sehat,8,5,27.9,77.8,5.7,26.3,19.5,2.433,lubang buaya
2022-08-27,100.68297595202039,Tidak Sehat,8,5,28.111111111111107,77.2,3.5,15.0,18.5,0.0,us embassy 1
2022-08-27,76.63627269929205,Sedang,8,5,28.0,77.6,5.6,24.1,18.5,1.094,us embassy 2
2022-08-28,84.95833333333333,Sedang,8,6,27.4,81.5,5.5,27.4,18.5,0.074,bundaran hi
2022-08-28,52.791666666666664,Sedang,8,6,27.0,82.9,5.3,27.4,18.5,2.054,jagakarsa
2022-08-28,88.5,Sedang,8,6,27.2,82.4,5.4,27.4,18.5,2.535,kebun jeruk
2022-08-28,83.625,Sedang,8,6,27.4,82.3,5.7,28.8,19.2,0.476,kelapa gading
2022-08-28,48.583333333333336,Baik,8,6,27.2,82.4,5.5,28.8,19.2,1.285,lubang buaya
2022-08-28,78.08777595464626,Sedang,8,6,27.444444444444446,81.5,3.5,17.0,18.5,0.0,us embassy 1
2022-08-28,76.63627269929205,Sedang,8,6,27.3,82.1,5.5,27.4,18.5,1.147,us embassy 2
2022-08-29,76.33333333333333,Sedang,8,0,28.0,78.8,6.1,18.0,21.0,0.018,bundaran hi
2022-08-29,65.75,Sedang,8,0,27.7,80.0,6.0,18.0,21.0,1.83,jagakarsa
2022-08-29,77.04166666666667,Sedang,8,0,27.9,79.4,6.2,18.0,21.0,0.347,kebun jeruk
2022-08-29,75.20833333333333,Sedang,8,0,28.0,79.5,6.3,18.4,21.8,0.186,kelapa gading
2022-08-29,82.0,Sedang,8,0,27.9,79.5,5.9,18.4,21.8,1.07,lubang buaya
2022-08-29,67.84591745101511,Sedang,8,0,28.000000000000004,78.7,3.8,11.2,21.0,0.0,us embassy 1
2022-08-29,76.63627269929205,Sedang,8,0,27.9,79.2,6.1,18.0,21.0,0.305,us embassy 2
2022-08-30,70.95833333333333,Sedang,8,1,28.7,73.0,6.2,21.2,20.8,0.0,bundaran hi
2022-08-30,65.33333333333333,Sedang,8,1,28.5,73.2,6.0,21.2,20.8,0.0,jagakarsa
2022-08-30,73.25,Sedang,8,1,28.5,74.0,6.5,21.2,20.8,0.0,kebun jeruk
2022-08-30,73.70833333333333,Sedang,8,1,28.8,72.4,6.3,24.5,21.6,0.0,kelapa gading
2022-08-30,83.5,Sedang,8,1,28.7,72.0,5.9,24.5,21.6,0.0,lubang buaya
2022-08-30,66.88191862971543,Sedang,8,1,28.72222222222222,73.1,3.8,13.2,20.8,0.0,us embassy 1
2022-08-30,76.63627269929205,Sedang,8,1,28.7,73.1,6.2,21.2,20.8,0.0,us embassy 2
2022-08-31,74.0,Sedang,8,2,28.8,72.5,5.9,27.7,19.8,0.013,bundaran hi
2022-08-31,72.58333333333333,Sedang,8,2,28.4,73.7,5.7,27.7,19.8,0.316,jagakarsa
2022-08-31,69.5,Sedang,8,2,28.6,73.6,6.3,27.7,19.8,0.452,kebun jeruk
2022-08-31,75.83333333333333,Sedang,8,2,28.7,73.1,6.0,27.7,19.5,0.081,kelapa gading
2022-08-31,87.0,Sedang,8,2,28.6,72.9,5.4,27.7,19.5,0.199,lubang buaya
2022-08-31,80.15494099847687,Sedang,8,2,28.83333333333333,72.4,3.7,17.2,19.8,0.0,us embassy 1
2022-08-31,102.20650328869807,Tidak Sehat,8,2,28.7,73.0,5.9,27.7,19.8,0.2,us embassy 2
2022-09-01,74.0,Sedang,9,3,28.9,75.0,6.1,32.8,18.9,0.561,bundaran hi
2022-09-01,73.0,Sedang,9,3,28.6,76.0,6.0,32.8,18.9,5.67,jagakarsa
2022-09-01,69.0,Sedang,9,3,28.7,75.6,6.4,32.8,18.9,2.571,kebun jeruk
2022-09-01,76.0,Sedang,9,3,28.9,75.2,6.2,32.8,20.5,0.708,kelapa gading
2022-09-01,87.0,Sedang,9,3,28.8,75.0,5.9,32.8,20.5,2.447,lubang buaya
2022-09-01,87.01251450747559,Sedang,9,3,28.88888888888889,75.0,3.8,20.4,18.9,0.02,us embassy 1
2022-09-01,101.21775883306901,Tidak Sehat,9,3,28.8,75.3,6.1,32.8,18.9,1.9,us embassy 2
2022-09-02,82.125,Sedang,9,4,28.4,77.7,6.3,29.5,21.8,0.119,bundaran hi
2022-09-02,89.25,Sedang,9,4,27.9,79.2,6.1,29.5,21.8,2.8,jagakarsa
2022-09-02,90.0,Sedang,9,4,28.1,79.3,6.5,29.5,21.8,2.467,kebun jeruk
2022-09-02,78.95833333333333,Sedang,9,4,28.3,78.5,6.4,29.5,22.5,2.037,kelapa gading
2022-09-02,107.375,Tidak Sehat,9,4,28.1,78.2,5.9,29.5,22.5,1.854,lubang buaya
2022-09-02,72.81223518300607,Sedang,9,4,28.444444444444443,77.7,3.9,18.3,21.8,0.001,us embassy 1
2022-09-02,87.61184697399898,Sedang,9,4,28.2,78.4,6.3,29.5,21.8,1.383,us embassy 2
2022-09-03,80.08333333333333,Sedang,9,5,27.9,76.2,7.2,48.2,23.1,0.007,bundaran hi
2022-09-03,82.66666666666667,Sedang,9,5,27.5,77.4,7.4,48.2,23.1,0.706,jagakarsa
2022-09-03,81.625,Sedang,9,5,27.7,76.8,7.5,48.2,23.1,0.105,kebun jeruk
2022-09-03,73.08333333333333,Sedang,9,5,27.8,76.8,7.6,48.2,23.5,0.07,kelapa gading
2022-09-03,80.0,Sedang,9,5,27.6,76.9,7.4,48.2,23.5,0.423,lubang buaya
2022-09-03,69.0906632797603,Sedang,9,5,27.88888888888889,76.2,4.5,30.0,23.1,0.0,us embassy 1
2022-09-03,87.76456107415413,Sedang,9,5,27.8,76.6,7.4,48.2,23.1,0.106,us embassy 2
2022-09-04,57.291666666666664,Sedang,9,6,28.2,74.2,7.4,26.3,23.3,0.031,bundaran hi
2022-09-04,56.291666666666664,Sedang,9,6,27.9,75.8,7.9,26.3,23.3,1.201,jagakarsa
2022-09-04,51.916666666666664,Sedang,9,6,28.1,75.2,7.8,26.3,23.3,1.0,kebun jeruk
2022-09-04,57.125,Sedang,9,6,28.2,74.9,7.9,28.1,23.4,0.218,kelapa gading
2022-09-04,0.0,Baik,9,6,28.0,75.2,7.8,28.1,23.4,0.731,lubang buaya
2022-09-04,45.54332743376255,Baik,9,6,28.22222222222222,74.1,4.6,16.3,23.3,0.0,us embassy 1
2022-09-04,59.90610627688761,Sedang,9,6,28.1,74.8,7.7,26.3,23.3,0.491,us embassy 2
2022-09-05,75.79166666666667,Sedang,9,0,29.1,74.2,6.2,25.6,21.0,0.006,bundaran hi
2022-09-05,74.79166666666667,Sedang,9,0,28.8,74.7,6.2,25.6,21.0,0.537,jagakarsa
2022-09-05,73.91666666666667,Sedang,9,0,28.9,75.4,6.4,25.6,21.0,0.182,kebun jeruk
2022-09-05,75.5,Sedang,9,0,29.1,74.4,6.4,28.1,21.7,0.047,kelapa gading
2022-09-05,68.45833333333333,Sedang,9,0,29.1,73.6,6.1,28.1,21.7,0.208,lubang buaya
2022-09-05,58.892158743513335,Sedang,9,0,29.11111111111111,74.3,3.8,15.9,21.0,0.0,us embassy 1
2022-09-05,70.39977808914247,Sedang,9,0,29.0,74.4,6.2,25.6,21.0,0.127,us embassy 2
2022-09-06,77.54166666666667,Sedang,9,1,29.1,75.6,6.8,24.8,19.2,0.457,bundaran hi
2022-09-06,72.83333333333333,Sedang,9,1,28.6,77.1,6.6,24.8,19.2,19.315,jagakarsa
2022-09-06,77.0,Sedang,9,1,28.8,77.3,7.2,24.8,19.2,8.118,kebun jeruk
2022-09-06,78.79166666666667,Sedang,9,1,29.1,76.2,7.0,25.9,20.3,1.899,kelapa gading
2022-09-06,91.54166666666667,Sedang,9,1,29.0,75.7,6.5,25.9,20.3,7.92,lubang buaya
2022-09-06,70.24278698287897,Sedang,9,1,29.11111111111111,75.5,4.3,15.4,19.2,0.009,us embassy 1
2022-09-06,81.7444542270111,Sedang,9,1,29.0,76.3,6.9,24.8,19.2,5.534,us embassy 2
2022-09-07,67.20833333333333,Sedang,9,2,27.3,85.1,5.5,24.1,20.4,5.744,bundaran hi
2022-09-07,68.95833333333333,Sedang,9,2,26.9,86.1,5.3,24.1,20.4,12.751,jagakarsa
2022-09-07,71.83333333333333,Sedang,9,2,27.3,84.4,5.6,24.1,20.4,14.247,kebun jeruk
2022-09-07,62.458333333333336,Sedang,9,2,27.3,85.2,5.7,24.8,20.9,16.596,kelapa gading
2022-09-07,80.91666666666667,Sedang,9,2,27.0,86.6,5.2,24.8,20.9,12.652,lubang buaya
2022-09-07,57.43623835706676,Sedang,9,2,27.33333333333333,85.0,3.4,15.0,20.4,0.208,us embassy 1
2022-09-07,70.17536356821795,Sedang,9,2,27.2,85.2,5.5,24.1,20.4,10.342,us embassy 2
2022-09-08,72.20833333333333,Sedang,9,3,26.0,89.3,4.8,24.5,11.1,2.657,bundaran hi
2022-09-08,76.45833333333333,Sedang,9,3,25.7,90.7,4.6,24.5,11.1,15.234,jagakarsa
2022-09-08,68.95833333333333,Sedang,9,3,25.9,89.7,4.9,24.5,11.1,6.683,kebun jeruk
2022-09-08,71.54166666666667,Sedang,9,3,26.0,90.0,4.8,26.3,12.5,3.988,kelapa gading
2022-09-08,85.91666666666667,Sedang,9,3,25.8,90.7,4.5,26.3,12.5,7.4,lubang buaya
2022-09-08,65.9932790890023,Sedang,9,3,26.05555555555556,89.2,3.0,15.2,11.1,0.099,us embassy 1
2022-09-08,78.25836772307797,Sedang,9,3,25.9,89.8,4.7,24.5,11.1,5.492,us embassy 2
2022-09-09,81.5,Sedang,9,4,26.5,85.3,4.8,25.6,16.9,55.163,bundaran hi
2022-09-09,71.0,Sedang,9,4,26.1,86.3,4.5,25.6,16.9,33.609,jagakarsa
2022-09-09,86.08333333333333,Sedang,9,4,26.2,86.5,4.9,25.6,16.9,39.638,kebun jeruk
2022-09-09,84.95833333333333,Sedang,9,4,26.4,85.9,4.8,25.6,16.0,41.148,kelapa gading
2022-09-09,89.41666666666667,Sedang,9,4,26.3,85.6,4.4,25.6,16.0,41.103,lubang buaya
2022-09-09,76.8828570151213,Sedang,9,4,26.444444444444443,85.3,3.0,15.9,16.9,2.199,us embassy 1
2022-09-09,87.98219300901764,Sedang,9,4,26.4,85.8,4.7,25.6,16.9,46.235,us embassy 2
2022-09-10,74.91666666666667,Sedang,9,5,26.2,87.5,5.7,38.9,12.9,0.357,bundaran hi
2022-09-10,72.83333333333333,Sedang,9,5,25.9,88.3,5.4,38.9,12.9,13.989,jagakarsa
2022-09-10,70.75,Sedang,9,5,26.1,88.0,5.5,38.9,12.9,11.589,kebun jeruk
2022-09-10,76.75,Sedang,9,5,26.2,87.8,5.9,38.9,14.4,2.43,kelapa gading
2022-09-10,87.16666666666667,Sedang,9,5,26.0,88.0,5.6,38.9,14.4,7.332,lubang buaya
2022-09-10,65.76348144723113,Sedang,9,5,26.166666666666664,87.5,3.5,24.2,12.9,0.002,us embassy 1
2022-09-10,78.34092902618792,Sedang,9,5,26.1,87.8,5.6,38.9,12.9,5.857,us embassy 2
2022-09-11,74.0,Sedang,9,6,27.6,81.1,6.8,20.9,21.2,22.352,bundaran hi
2022-09-11,73.0,Sedang,9,6,27.3,81.9,6.8,20.9,21.2,10.345,jagakarsa
2022-09-11,69.0,Sedang,9,6,27.5,81.5,6.8,20.9,21.2,12.521,kebun jeruk
2022-09-11,76.0,Sedang,9,6,27.6,81.3,7.1,23.4,22.4,9.471,kelapa gading
2022-09-11,87.0,Sedang,9,6,27.4,81.5,6.9,23.4,22.4,13.279,lubang buaya
2022-09-11,65.07909979145856,Sedang,9,6,27.555555555555557,81.1,4.2,13.0,21.2,0.901,us embassy 1
2022-09-11,77.44179539595252,Sedang,9,6,27.5,81.3,6.8,20.9,21.2,16.487,us embassy 2
2022-09-12,74.0,Sedang,9,0,27.6,79.5,6.1,27.0,21.1,0.033,bundaran hi
2022-09-12,73.0,Sedang,9,0,27.1,81.4,5.9,27.0,21.1,2.946,jagakarsa
2022-09-12,69.0,Sedang,9,0,27.4,80.2,6.4,27.0,21.1,0.757,kebun jeruk
2022-09-12,76.0,Sedang,9,0,27.5,80.4,6.1,26.3,22.0,0.316,kelapa gading
2022-09-12,87.0,Sedang,9,0,27.1,82.0,5.6,26.3,22.0,1.696,lubang buaya
2022-09-12,57.47235961762902,Sedang,9,0,27.61111111111111,79.4,3.8,16.8,21.1,0.0,us embassy 1
2022-09-12,65.24951197029011,Sedang,9,0,27.4,80.3,6.1,27.0,21.1,0.574,us embassy 2
2022-09-13,79.16666666666667,Sedang,9,1,28.1,77.1,6.2,19.8,22.2,0.005,bundaran hi
2022-09-13,69.33333333333333,Sedang,9,1,27.7,78.4,6.1,19.8,22.2,0.442,jagakarsa
2022-09-13,75.875,Sedang,9,1,27.9,77.6,6.5,19.8,22.2,0.065,kebun jeruk
2022-09-13,78.58333333333333,Sedang,9,1,28.1,77.6,6.4,21.6,23.4,0.045,kelapa gading
2022-09-13,84.91666666666667,Sedang,9,1,27.9,78.1,5.8,21.6,23.4,0.265,lubang buaya
2022-09-13,63.67241229370538,Sedang,9,1,28.111111111111107,77.1,3.9,12.3,22.2,0.0,us embassy 1
2022-09-13,72.8305677566126,Sedang,9,1,28.0,77.5,6.3,19.8,22.2,0.065,us embassy 2
2022-09-14,84.625,Sedang,9,2,28.3,71.9,6.0,22.0,20.2,0.0,bundaran hi
2022-09-14,68.58333333333333,Sedang,9,2,27.9,73.0,5.8,22.0,20.2,0.009,jagakarsa
2022-09-14,80.83333333333333,Sedang,9,2,28.0,73.6,6.3,22.0,20.2,0.001,kebun jeruk
2022-09-14,88.16666666666667,Sedang,9,2,28.3,72.6,6.1,24.8,21.2,0.001,kelapa gading
2022-09-14,106.29166666666667,Tidak Sehat,9,2,28.2,71.9,5.7,24.8,21.2,0.005,lubang buaya
2022-09-14,77.4438043100203,Sedang,9,2,28.33333333333333,71.9,3.7,13.6,20.2,0.0,us embassy 1
2022-09-14,83.15580827052169,Sedang,9,2,28.2,72.5,6.0,22.0,20.2,0.001,us embassy 2
2022-09-15,91.58333333333333,Sedang,9,3,28.8,71.4,6.1,18.0,20.7,0.0,bundaran hi
2022-09-15,100.66666666666667,Tidak Sehat,9,3,28.4,72.3,6.0,18.0,20.7,0.0,jagakarsa
2022-09-15,106.25,Tidak Sehat,9,3,28.6,72.6,6.4,18.0,20.7,0.0,kebun jeruk
2022-09-15,91.75,Sedang,9,3,28.8,71.7,6.3,18.0,21.7,0.0,kelapa gading
2022-09-15,118.33333333333333,Tidak Sehat,9,3,28.7,70.8,5.9,18.0,21.7,0.0,lubang buaya
2022-09-15,79.38388021303041,Sedang,9,3,28.77777777777778,71.4,3.8,11.2,20.7,0.0,us embassy 1
2022-09-15,90.96764918487948,Sedang,9,3,28.7,71.7,6.2,18.0,20.7,0.0,us embassy 2
2022-09-16,75.5,Sedang,9,4,28.4,74.1,5.8,20.5,21.4,0.054,bundaran hi
2022-09-16,75.58333333333333,Sedang,9,4,27.9,76.1,5.6,20.5,21.4,4.936,jagakarsa
2022-09-16,72.33333333333333,Sedang,9,4,28.2,74.7,6.1,20.5,21.4,1.281,kebun jeruk
2022-09-16,77.41666666666667,Sedang,9,4,28.3,75.2,6.0,21.2,21.8,0.479,kelapa gading
2022-09-16,89.66666666666667,Sedang,9,4,28.0,76.6,5.4,21.2,21.8,2.518,lubang buaya
2022-09-16,76.46316209190226,Sedang,9,4,28.444444444444443,73.9,3.6,12.8,21.4,0.0,us embassy 1
2022-09-16,90.50355813176115,Sedang,9,4,28.3,74.9,5.8,20.5,21.4,1.003,us embassy 2
2022-09-17,81.58333333333333,Sedang,9,5,28.7,76.2,6.6,28.1,23.3,0.0,bundaran hi
2022-09-17,77.0,Sedang,9,5,28.3,77.3,6.5,28.1,23.3,0.0,jagakarsa
2022-09-17,76.70833333333333,Sedang,9,5,28.5,76.8,6.6,28.1,23.3,0.0,kebun jeruk
2022-09-17,81.58333333333333,Sedang,9,5,28.7,76.5,6.8,29.9,23.6,0.0,kelapa gading
2022-09-17,96.625,Sedang,9,5,28.5,76.8,6.6,29.9,23.6,0.0,lubang buaya
2022-09-17,73.79814104682842,Sedang,9,5,28.72222222222222,76.2,4.1,17.4,23.3,0.0,us embassy 1
2022-09-17,81.92580805616872,Sedang,9,5,28.6,76.6,6.6,28.1,23.3,0.0,us embassy 2
2022-09-18,105.70833333333333,Tidak Sehat,9,6,28.3,80.8,5.6,24.1,22.0,0.973,bundaran hi
2022-09-18,93.0,Sedang,9,6,28.0,81.9,5.5,24.1,22.0,0.445,jagakarsa
2022-09-18,89.83333333333333,Sedang,9,6,28.2,81.4,5.6,24.1,22.0,0.618,kebun jeruk
2022-09-18,91.33333333333333,Sedang,9,6,28.3,81.2,5.9,24.8,22.6,0.398,kelapa gading
2022-09-18,0.0,Baik,9,6,28.1,81.4,5.7,24.8,22.6,0.571,lubang buaya
2022-09-18,85.64076926086966,Sedang,9,6,28.33333333333333,80.7,3.5,15.0,22.0,0.039,us embassy 1
2022-09-18,102.95458167319674,Tidak Sehat,9,6,28.2,81.2,5.6,24.1,22.0,0.742,us embassy 2
2022-09-19,97.70833333333333,Sedang,9,0,28.4,76.6,5.8,22.7,21.1,0.117,bundaran hi
2022-09-19,89.25,Sedang,9,0,27.9,78.3,5.7,22.7,21.1,8.495,jagakarsa
2022-09-19,96.875,Sedang,9,0,28.1,77.8,5.8,22.7,21.1,3.552,kebun jeruk
2022-09-19,91.66666666666667,Sedang,9,0,28.4,77.1,5.9,24.1,21.9,0.798,kelapa gading
2022-09-19,57.208333333333336,Sedang,9,0,28.2,77.4,5.7,24.1,21.9,3.25,lubang buaya
2022-09-19,89.90774504890022,Sedang,9,0,28.444444444444443,76.5,3.6,14.1,21.1,0.001,us embassy 1
2022-09-19,103.60712744087913,Tidak Sehat,9,0,28.2,77.3,5.8,22.7,21.1,2.381,us embassy 2
2022-09-20,82.125,Sedang,9,1,28.4,71.4,5.9,19.4,23.5,0.0,bundaran hi
2022-09-20,78.66666666666667,Sedang,9,1,28.0,72.9,5.8,19.4,23.5,0.0,jagakarsa
2022-09-20,85.375,Sedang,9,1,28.2,73.2,6.3,19.4,23.5,0.0,kebun jeruk
2022-09-20,86.29166666666667,Sedang,9,1,28.4,72.2,6.0,19.1,23.5,0.0,kelapa gading
2022-09-20,112.75,Tidak Sehat,9,1,28.3,71.9,5.6,19.1,23.5,0.0,lubang buaya
2022-09-20,76.43710069772406,Sedang,9,1,28.444444444444443,71.4,3.7,12.1,23.5,0.0,us embassy 1
2022-09-20,86.82121996073893,Sedang,9,1,28.3,72.1,5.9,19.4,23.5,0.0,us embassy 2
2022-09-21,82.625,Sedang,9,2,28.4,77.5,6.0,22.3,21.1,0.186,bundaran hi
2022-09-21,83.375,Sedang,9,2,28.0,78.8,5.8,22.3,21.1,11.83,jagakarsa
2022-09-21,85.04166666666667,Sedang,9,2,28.2,78.9,6.2,22.3,21.1,5.714,kebun jeruk
2022-09-21,87.33333333333333,Sedang,9,2,28.4,77.7,6.1,23.0,20.8,1.301,kelapa gading
2022-09-21,114.08333333333333,Tidak Sehat,9,2,28.1,78.3,5.6,23.0,20.8,5.211,lubang buaya
2022-09-21,76.9930028358187,Sedang,9,2,28.444444444444443,77.5,3.7,13.9,21.1,0.0,us embassy 1
2022-09-21,90.18438538029604,Sedang,9,2,28.3,78.1,6.0,22.3,21.1,3.539,us embassy 2
2022-09-22,80.20833333333333,Sedang,9,3,27.7,81.8,4.9,40.7,20.5,20.944,bundaran hi
2022-09-22,81.375,Sedang,9,3,27.3,82.9,4.6,40.7,20.5,13.276,jagakarsa
2022-09-22,87.45833333333333,Sedang,9,3,27.6,82.1,4.9,40.7,20.5,16.665,kebun jeruk
2022-09-22,52.208333333333336,Sedang,9,3,27.7,81.9,5.0,40.7,21.2,9.393,kelapa gading
2022-09-22,87.58333333333333,Sedang,9,3,27.5,82.3,4.6,40.7,21.2,15.142,lubang buaya
2022-09-22,73.42549667627766,Sedang,9,3,27.666666666666668,81.8,3.0,25.3,20.5,0.84,us embassy 1
2022-09-22,85.99777053108222,Sedang,9,3,27.6,82.1,4.8,40.7,20.5,17.665,us embassy 2
2022-09-23,81.95833333333333,Sedang,9,4,27.9,80.7,5.6,24.5,19.3,0.18,bundaran hi
2022-09-23,70.29166666666667,Sedang,9,4,27.7,81.0,5.2,24.5,19.3,12.866,jagakarsa
2022-09-23,85.08333333333333,Sedang,9,4,27.7,81.8,5.7,24.5,19.3,5.326,kebun jeruk
2022-09-23,83.5,Sedang,9,4,28.0,80.1,5.6,25.9,19.8,1.276,kelapa gading
2022-09-23,90.75,Sedang,9,4,28.0,79.5,5.1,25.9,19.8,5.361,lubang buaya
2022-09-23,74.70891217009465,Sedang,9,4,27.88888888888889,80.7,3.5,15.2,19.3,0.0,us embassy 1
2022-09-23,86.91393849735944,Sedang,9,4,27.9,80.7,5.5,24.5,19.3,3.529,us embassy 2
2022-09-24,74.58333333333333,Sedang,9,5,28.7,77.2,6.1,42.5,23.3,0.0,bundaran hi
2022-09-24,72.5,Sedang,9,5,28.2,78.9,6.1,42.5,23.3,0.0,jagakarsa
2022-09-24,70.0,Sedang,9,5,28.4,78.5,6.1,42.5,23.3,0.0,kebun jeruk
2022-09-24,77.41666666666667,Sedang,9,5,28.6,78.2,6.3,42.5,23.8,0.0,kelapa gading
2022-09-24,87.16666666666667,Sedang,9,5,28.4,78.3,6.1,42.5,23.8,0.0,lubang buaya
2022-09-24,70.42990755149138,Sedang,9,5,28.72222222222222,77.1,3.8,26.4,23.3,0.0,us embassy 1
2022-09-24,78.20842343721425,Sedang,9,5,28.5,78.0,6.1,42.5,23.3,0.0,us embassy 2
2022-09-25,74.0,Sedang,9,6,28.7,77.5,7.1,24.5,23.9,0.0,bundaran hi
2022-09-25,73.0,Sedang,9,6,28.3,78.6,7.1,24.5,23.9,0.0,jagakarsa
2022-09-25,69.0,Sedang,9,6,28.5,78.3,7.2,24.5,23.9,0.0,kebun jeruk
2022-09-25,76.0,Sedang,9,6,28.7,77.9,7.5,27.0,24.6,0.0,kelapa gading
2022-09-25,87.0,Sedang,9,6,28.5,78.2,7.3,27.0,24.6,0.0,lubang buaya
2022-09-25,62.67838379146658,Sedang,9,6,28.666666666666668,77.4,4.4,15.2,23.9,0.0,us embassy 1
2022-09-25,74.29088542381227,Sedang,9,6,28.6,78.0,7.2,24.5,23.9,0.0,us embassy 2
2022-09-26,74.0,Sedang,9,0,29.1,72.6,6.2,19.1,23.8,10.782,bundaran hi
2022-09-26,73.0,Sedang,9,0,28.6,74.0,6.2,19.1,23.8,11.473,jagakarsa
2022-09-26,69.0,Sedang,9,0,28.7,74.7,6.5,19.1,23.8,8.805,kebun jeruk
2022-09-26,76.0,Sedang,9,0,29.0,73.1,6.4,20.5,24.1,5.15,kelapa gading
2022-09-26,87.0,Sedang,9,0,28.9,72.4,6.0,20.5,24.1,8.764,lubang buaya
2022-09-26,69.76226970795885,Sedang,9,0,29.05555555555556,72.6,3.8,11.9,23.8,0.431,us embassy 1
2022-09-26,80.7053747664433,Sedang,9,0,28.9,73.3,6.3,19.1,23.8,9.76,us embassy 2
2022-09-27,74.0,Sedang,9,1,28.9,72.0,6.7,21.6,24.3,0.0,bundaran hi
2022-09-27,73.0,Sedang,9,1,28.7,72.4,6.7,21.6,24.3,0.018,jagakarsa
2022-09-27,69.0,Sedang,9,1,28.8,72.1,7.1,21.6,24.3,0.003,kebun jeruk
2022-09-27,76.0,Sedang,9,1,29.0,71.7,6.8,20.5,24.9,0.002,kelapa gading
2022-09-27,87.0,Sedang,9,1,28.9,71.5,6.5,20.5,24.9,0.011,lubang buaya
2022-09-27,66.41718435467544,Sedang,9,1,28.944444444444443,72.0,4.2,13.4,24.3,0.0,us embassy 1
2022-09-27,70.08559869953235,Sedang,9,1,28.9,71.9,6.8,21.6,24.3,0.003,us embassy 2
2022-09-28,74.0,Sedang,9,2,29.0,73.0,6.0,18.4,23.5,0.0,bundaran hi
2022-09-28,73.0,Sedang,9,2,28.7,74.5,5.8,18.4,23.5,0.044,jagakarsa
2022-09-28,69.0,Sedang,9,2,28.8,74.5,6.4,18.4,23.5,0.007,kebun jeruk
2022-09-28,76.0,Sedang,9,2,29.0,73.8,6.0,19.1,23.9,0.004,kelapa gading
2022-09-28,87.0,Sedang,9,2,29.0,73.6,5.5,19.1,23.9,0.026,lubang buaya
2022-09-28,66.64356749997938,Sedang,9,2,29.05555555555556,73.0,3.7,11.4,23.5,0.0,us embassy 1
2022-09-28,72.52888325879864,Sedang,9,2,28.9,73.7,6.0,18.4,23.5,0.007,us embassy 2
2022-09-29,74.0,Sedang,9,3,29.1,72.4,6.3,23.0,22.7,0.006,bundaran hi
2022-09-29,73.0,Sedang,9,3,28.7,73.3,6.2,23.0,22.7,0.405,jagakarsa
2022-09-29,69.0,Sedang,9,3,28.8,73.9,6.7,23.0,22.7,0.171,kebun jeruk
2022-09-29,76.0,Sedang,9,3,29.1,72.6,6.4,25.9,23.7,0.038,kelapa gading
2022-09-29,87.0,Sedang,9,3,29.0,71.9,6.0,25.9,23.7,0.163,lubang buaya
2022-09-29,74.73592034756452,Sedang,9,3,29.05555555555556,72.5,4.0,14.3,22.7,0.0,us embassy 1
2022-09-29,82.5580462001753,Sedang,9,3,29.0,72.8,6.4,23.0,22.7,0.115,us embassy 2
2022-09-30,74.0,Sedang,9,4,28.6,75.3,6.2,34.9,17.9,0.0,bundaran hi
2022-09-30,73.0,Sedang,9,4,28.3,75.8,6.0,34.9,17.9,0.018,jagakarsa
2022-09-30,69.0,Sedang,9,4,28.5,75.7,6.5,34.9,17.9,0.0,kebun jeruk
2022-09-30,76.0,Sedang,9,4,28.6,75.6,6.3,35.3,18.0,0.0,kelapa gading
2022-09-30,87.0,Sedang,9,4,28.4,75.4,5.8,35.3,18.0,0.0,lubang buaya
2022-09-30,80.64977839268478,Sedang,9,4,28.61111111111111,75.3,3.8,21.7,17.9,0.0,us embassy 1
2022-09-30,83.60033874322693,Sedang,9,4,28.5,75.5,6.2,34.9,17.9,0.0,us embassy 2
2022-10-01,77.75,Sedang,10,5,29.8,74.5,7.5,27.0,21.2,0.003,bundaran hi
2022-10-01,76.625,Sedang,10,5,29.4,75.6,7.6,27.0,21.2,0.353,jagakarsa
2022-10-01,75.45833333333333,Sedang,10,5,29.6,75.2,7.7,27.0,21.2,0.053,kebun jeruk
2022-10-01,78.875,Sedang,10,5,29.7,75.0,7.9,30.2,21.7,0.035,kelapa gading
2022-10-01,122.08333333333333,Tidak Sehat,10,5,29.6,75.2,7.7,30.2,21.7,0.211,lubang buaya
2022-10-01,73.30256083824692,Sedang,10,5,29.77777777777778,74.5,4.6,16.8,21.2,0.0,us embassy 1
2022-10-01,82.4124480341542,Sedang,10,5,29.7,74.9,7.6,27.0,21.2,0.053,us embassy 2
2022-10-02,46.333333333333336,Baik,10,6,27.1,86.3,6.3,42.5,20.0,16.292,bundaran hi
2022-10-02,47.416666666666664,Baik,10,6,26.7,87.6,6.3,42.5,20.0,17.354,jagakarsa
2022-10-02,50.875,Sedang,10,6,26.9,87.3,6.3,42.5,20.0,16.782,kebun jeruk
2022-10-02,47.833333333333336,Baik,10,6,27.1,86.8,6.4,42.5,19.9,25.465,kelapa gading
2022-10-02,73.41666666666667,Sedang,10,6,26.9,87.1,6.3,42.5,19.9,19.15,lubang buaya
2022-10-02,57.45044251144987,Sedang,10,6,27.11111111111111,86.3,3.9,26.4,20.0,0.632,us embassy 1
2022-10-02,70.15480468242211,Sedang,10,6,27.0,86.9,6.3,42.5,20.0,17.447,us embassy 2
2022-10-03,67.29166666666667,Sedang,10,0,28.4,80.2,5.9,24.5,17.1,1.987,bundaran hi
2022-10-03,63.541666666666664,Sedang,10,0,28.1,80.7,5.9,24.5,17.1,5.242,jagakarsa
2022-10-03,72.16666666666667,Sedang,10,0,28.2,80.9,6.2,24.5,17.1,1.947,kebun jeruk
2022-10-03,63.666666666666664,Sedang,10,0,28.4,80.0,6.1,26.3,17.2,1.234,kelapa gading
2022-10-03,75.41666666666667,Sedang,10,0,28.3,80.0,5.7,26.3,17.2,3.729,lubang buaya
2022-10-03,54.00943843542466,Sedang,10,0,28.38888888888889,80.2,3.7,15.2,17.1,0.078,us embassy 1
2022-10-03,69.51956652437929,Sedang,10,0,28.3,80.3,6.0,24.5,17.1,2.16,us embassy 2
2022-10-04,63.125,Sedang,10,1,27.0,85.2,5.3,46.4,15.1,21.862,bundaran hi
2022-10-04,54.416666666666664,Sedang,10,1,26.7,86.4,5.2,46.4,15.1,16.746,jagakarsa
2022-10-04,64.08333333333333,Sedang,10,1,26.8,85.9,5.4,46.4,15.1,21.399,kebun jeruk
2022-10-04,68.125,Sedang,10,1,26.9,85.6,5.5,46.4,14.3,17.736,kelapa gading
2022-10-04,94.04166666666667,Sedang,10,1,26.7,86.2,5.1,46.4,14.3,19.29,lubang buaya
2022-10-04,60.22731023555166,Sedang,10,1,27.0,85.2,3.3,28.9,15.1,0.865,us embassy 1
2022-10-04,71.01539597482234,Sedang,10,1,26.9,85.7,5.3,46.4,15.1,20.825,us embassy 2
2022-10-05,61.958333333333336,Sedang,10,2,27.3,85.6,5.9,25.6,19.5,3.989,bundaran hi
2022-10-05,55.125,Sedang,10,2,27.1,86.0,5.7,25.6,19.5,9.417,jagakarsa
2022-10-05,38.958333333333336,Baik,10,2,27.2,86.0,5.9,25.6,19.5,5.408,kebun jeruk
2022-10-05,62.916666666666664,Sedang,10,2,27.3,85.4,5.8,25.2,19.6,2.268,kelapa gading
2022-10-05,70.33333333333333,Sedang,10,2,27.2,85.5,5.6,25.2,19.6,5.142,lubang buaya
2022-10-05,55.57927186828865,Sedang,10,2,27.33333333333333,85.7,3.6,15.9,19.5,0.157,us embassy 1
2022-10-05,67.19385050618955,Sedang,10,2,27.3,85.7,5.8,25.6,19.5,5.017,us embassy 2
2022-10-06,72.25,Sedang,10,3,27.3,85.3,5.3,27.7,17.8,43.764,bundaran hi
2022-10-06,64.41666666666667,Sedang,10,3,26.9,86.7,5.0,27.7,17.8,25.951,jagakarsa
2022-10-06,0.0,Baik,10,3,27.3,85.6,5.6,27.7,17.8,28.783,kebun jeruk
2022-10-06,71.5,Sedang,10,3,27.2,85.8,5.4,29.2,18.4,22.589,kelapa gading
2022-10-06,85.54166666666667,Sedang,10,3,26.9,86.7,4.9,29.2,18.4,28.968,lubang buaya
2022-10-06,62.536497199937344,Sedang,10,3,27.27777777777777,85.2,3.3,17.2,17.8,1.757,us embassy 1
2022-10-06,77.4267897465826,Sedang,10,3,27.2,85.8,5.3,27.7,17.8,34.687,us embassy 2
2022-10-07,73.83333333333333,Sedang,10,4,26.5,87.1,5.8,37.1,12.9,5.341,bundaran hi
2022-10-07,72.0,Sedang,10,4,26.2,88.3,5.6,35.3,12.9,7.27,jagakarsa
2022-10-07,63.25,Sedang,10,4,26.4,88.0,6.0,37.1,12.9,5.371,kebun jeruk
2022-10-07,75.66666666666667,Sedang,10,4,26.4,87.8,5.7,35.3,13.8,6.509,kelapa gading
2022-10-07,87.0,Sedang,10,4,26.3,88.1,5.5,35.3,13.8,6.732,lubang buaya
2022-10-07,60.38033984833038,Sedang,10,4,26.5,87.1,3.6,23.0,12.9,0.209,us embassy 1
2022-10-07,71.10008210355102,Sedang,10,4,26.4,87.6,5.8,37.1,12.9,5.582,us embassy 2
2022-10-08,74.0,Sedang,10,5,27.7,77.2,7.6,21.6,16.2,0.006,bundaran hi
2022-10-08,73.0,Sedang,10,5,27.3,78.7,7.8,21.6,16.2,0.671,jagakarsa
2022-10-08,69.0,Sedang,10,5,27.5,78.1,7.8,21.6,16.2,0.1,kebun jeruk
2022-10-08,76.0,Sedang,10,5,27.6,78.3,7.8,18.7,17.6,0.067,kelapa gading
2022-10-08,87.0,Sedang,10,5,27.5,78.2,7.8,18.7,17.6,0.402,lubang buaya
2022-10-08,50.92662900936684,Sedang,10,5,27.722222222222225,77.2,4.7,13.4,16.2,0.0,us embassy 1
2022-10-08,58.373772592705,Sedang,10,5,27.6,77.8,7.7,21.6,16.2,0.1,us embassy 2
2022-10-09,74.0,Sedang,10,6,27.7,81.6,5.8,23.0,21.2,0.133,bundaran hi
2022-10-09,73.0,Sedang,10,6,27.3,82.9,5.7,23.0,21.2,10.963,jagakarsa
2022-10-09,69.0,Sedang,10,6,27.5,82.5,5.7,23.0,21.2,3.333,kebun jeruk
2022-10-09,76.0,Sedang,10,6,27.7,82.0,5.9,23.4,21.8,1.143,kelapa gading
2022-10-09,87.0,Sedang,10,6,27.5,82.3,5.8,23.4,21.8,5.704,lubang buaya
2022-10-09,57.399887471836045,Sedang,10,6,27.666666666666668,81.5,3.6,14.3,21.2,0.001,us embassy 1
2022-10-09,72.79198343776201,Sedang,10,6,27.6,82.1,5.8,23.0,21.2,2.399,us embassy 2
2022-10-10,65.5,Sedang,10,0,27.5,80.6,6.0,21.2,16.6,0.003,bundaran hi
2022-10-10,71.125,Sedang,10,0,27.2,81.6,6.0,21.2,16.6,0.353,jagakarsa
2022-10-10,63.458333333333336,Sedang,10,0,27.3,82.5,6.4,21.2,16.6,0.053,kebun jeruk
2022-10-10,65.25,Sedang,10,0,27.6,80.7,6.1,22.0,17.4,0.035,kelapa gading
2022-10-10,78.04166666666667,Sedang,10,0,27.5,80.2,5.7,22.0,17.4,0.211,lubang buaya
2022-10-10,61.12543356614132,Sedang,10,0,27.5,80.6,3.8,13.2,16.6,0.0,us embassy 1
2022-10-10,77.06444046833637,Sedang,10,0,27.4,81.1,6.1,21.2,16.6,0.053,us embassy 2
2022-10-11,90.91666666666667,Sedang,10,1,27.3,82.5,5.6,27.4,20.0,16.845,bundaran hi
2022-10-11,97.70833333333333,Sedang,10,1,26.9,83.3,5.4,27.4,20.0,11.996,jagakarsa
2022-10-11,79.54166666666667,Sedang,10,1,27.1,83.3,5.9,27.4,20.0,12.166,kebun jeruk
2022-10-11,88.20833333333333,Sedang,10,1,27.3,82.9,5.5,26.6,20.4,15.617,kelapa gading
2022-10-11,111.54166666666667,Tidak Sehat,10,1,27.2,82.5,5.1,26.6,20.4,14.534,lubang buaya
2022-10-11,72.51463428957156,Sedang,10,1,27.27777777777777,82.5,3.5,17.0,20.0,0.668,us embassy 1
2022-10-11,89.24316097363571,Sedang,10,1,27.2,82.8,5.6,27.4,20.0,14.554,us embassy 2
2022-10-12,81.83333333333333,Sedang,10,2,27.6,78.9,6.3,22.7,17.3,0.033,bundaran hi
2022-10-12,75.20833333333333,Sedang,10,2,27.3,80.2,6.1,22.7,17.3,1.578,jagakarsa
2022-10-12,83.83333333333333,Sedang,10,2,27.5,80.3,6.4,22.7,17.3,0.37,kebun jeruk
2022-10-12,90.875,Sedang,10,2,27.6,79.9,6.4,22.7,18.1,0.69,kelapa gading
2022-10-12,107.625,Tidak Sehat,10,2,27.4,79.6,6.0,22.7,18.1,1.073,lubang buaya
2022-10-12,78.48483097868748,Sedang,10,2,27.666666666666668,78.9,3.9,14.1,17.3,0.0,us embassy 1
2022-10-12,86.72590785474534,Sedang,10,2,27.5,79.6,6.3,22.7,17.3,0.345,us embassy 2
2022-10-13,73.95833333333333,Sedang,10,3,27.5,82.0,5.5,35.3,18.2,21.377,bundaran hi
2022-10-13,61.375,Sedang,10,3,27.1,83.1,5.2,20.5,18.2,20.096,jagakarsa
2022-10-13,76.95833333333333,Sedang,10,3,27.4,82.9,5.7,35.3,18.2,20.646,kebun jeruk
2022-10-13,80.5,Sedang,10,3,27.5,82.2,5.6,23.0,19.6,34.444,kelapa gading
2022-10-13,94.83333333333333,Sedang,10,3,27.1,82.7,5.1,23.0,19.6,24.434,lubang buaya
2022-10-13,66.42221336118038,Sedang,10,3,27.5,82.0,3.4,21.9,18.2,0.83,us embassy 1
2022-10-13,76.07084791717567,Sedang,10,3,27.4,82.4,5.4,35.3,18.2,22.147,us embassy 2
2022-10-14,66.20833333333333,Sedang,10,4,28.2,78.3,6.6,26.3,18.4,0.011,bundaran hi
2022-10-14,53.583333333333336,Sedang,10,4,27.9,79.5,6.5,26.3,18.4,1.236,jagakarsa
2022-10-14,70.54166666666667,Sedang,10,4,28.0,79.9,6.9,26.3,18.4,0.185,kebun jeruk
2022-10-14,79.75,Sedang,10,4,28.1,79.2,6.7,23.8,19.1,0.123,kelapa gading
2022-10-14,93.25,Sedang,10,4,28.0,78.6,6.3,23.8,19.1,0.74,lubang buaya
2022-10-14,60.95376319691474,Sedang,10,4,28.166666666666668,78.3,4.1,16.3,18.4,0.012,us embassy 1
2022-10-14,71.35676839428395,Sedang,10,4,28.1,79.0,6.6,26.3,18.4,0.185,us embassy 2
2022-10-15,73.04166666666667,Sedang,10,5,28.0,81.5,6.6,21.6,18.3,11.7,bundaran hi
2022-10-15,58.958333333333336,Sedang,10,5,27.7,82.2,6.6,21.6,18.3,6.68,jagakarsa
2022-10-15,68.0,Sedang,10,5,27.8,81.8,6.7,21.6,18.3,6.896,kebun jeruk
2022-10-15,72.875,Sedang,10,5,28.0,81.4,6.8,21.2,17.5,5.855,kelapa gading
2022-10-15,79.91666666666667,Sedang,10,5,27.8,81.8,6.6,21.2,17.5,7.89,lubang buaya
2022-10-15,60.300372746272835,Sedang,10,5,28.000000000000004,81.5,4.1,13.4,18.3,0.47,us embassy 1
2022-10-15,69.11266015579419,Sedang,10,5,27.9,81.7,6.6,21.6,18.3,8.943,us embassy 2
2022-10-16,75.25,Sedang,10,6,28.2,83.1,6.7,23.0,20.4,9.704,bundaran hi
2022-10-16,57.041666666666664,Sedang,10,6,28.0,83.7,6.7,23.0,20.4,3.823,jagakarsa
2022-10-16,36.875,Baik,10,6,28.1,83.3,6.8,23.0,20.4,5.272,kebun jeruk
2022-10-16,76.70833333333333,Sedang,10,6,28.3,83.2,6.9,22.7,21.2,3.817,kelapa gading
2022-10-16,90.25,Sedang,10,6,28.1,83.4,6.8,22.7,21.2,5.309,lubang buaya
2022-10-16,60.91686322667912,Sedang,10,6,28.166666666666668,83.1,4.1,14.3,20.4,0.392,us embassy 1
2022-10-16,68.22677731769079,Sedang,10,6,28.2,83.3,6.7,23.0,20.4,7.015,us embassy 2
2022-10-17,74.54166666666667,Sedang,10,0,28.7,80.4,5.7,24.5,20.3,3.893,bundaran hi
2022-10-17,64.33333333333333,Sedang,10,0,28.5,80.3,5.5,24.5,20.3,1.857,jagakarsa
2022-10-17,0.0,Baik,10,0,28.5,81.3,6.0,24.5,20.3,2.403,kebun jeruk
2022-10-17,71.58333333333333,Sedang,10,0,28.8,79.7,5.7,24.1,21.1,1.591,kelapa gading
2022-10-17,82.91666666666667,Sedang,10,0,28.7,79.4,5.4,24.1,21.1,2.399,lubang buaya
2022-10-17,64.44094849645204,Sedang,10,0,28.666666666666668,80.5,3.5,15.2,20.3,0.157,us embassy 1
2022-10-17,71.85643958664284,Sedang,10,0,28.6,80.3,5.7,24.5,20.3,2.981,us embassy 2
2022-10-18,77.66666666666667,Sedang,10,1,27.8,82.5,5.1,22.0,16.9,0.033,bundaran hi
2022-10-18,33.291666666666664,Baik,10,1,27.6,82.9,5.0,22.0,16.9,3.106,jagakarsa
2022-10-18,0.0,Baik,10,1,27.6,84.3,5.2,22.0,16.9,0.663,kebun jeruk
2022-10-18,73.75,Sedang,10,1,27.9,82.7,5.4,22.7,17.2,0.33,kelapa gading
2022-10-18,80.29166666666667,Sedang,10,1,27.9,81.5,5.0,22.7,17.2,1.844,lubang buaya
2022-10-18,68.99821169314727,Sedang,10,1,27.77777777777778,82.6,3.2,13.6,16.9,0.008,us embassy 1
2022-10-18,81.92080462325781,Sedang,10,1,27.8,82.8,5.1,22.0,16.9,0.536,us embassy 2
2022-10-19,77.16666666666667,Sedang,10,2,27.1,85.8,5.1,20.5,12.0,19.474,bundaran hi
2022-10-19,56.833333333333336,Sedang,10,2,26.8,86.7,4.8,20.5,12.0,9.799,jagakarsa
2022-10-19,0.0,Baik,10,2,26.9,87.4,5.3,20.5,12.0,12.716,kebun jeruk
2022-10-19,82.83333333333333,Sedang,10,2,27.1,86.0,5.1,20.2,12.7,8.052,kelapa gading
2022-10-19,89.79166666666667,Sedang,10,2,26.9,86.1,4.6,20.2,12.7,11.802,lubang buaya
2022-10-19,68.391802912178,Sedang,10,2,27.16666666666667,85.8,3.1,12.8,12.0,0.784,us embassy 1
2022-10-19,85.30417449400068,Sedang,10,2,27.0,86.3,5.0,20.5,12.0,15.04,us embassy 2
2022-10-20,76.625,Sedang,10,3,27.4,84.3,5.8,18.4,16.0,0.01,bundaran hi
2022-10-20,64.41666666666667,Sedang,10,3,27.1,86.0,5.5,18.4,16.0,1.308,jagakarsa
2022-10-20,0.0,Baik,10,3,27.3,85.3,5.9,18.4,16.0,0.27,kebun jeruk
2022-10-20,83.75,Sedang,10,3,27.4,84.9,5.7,19.1,17.4,0.075,kelapa gading
2022-10-20,58.458333333333336,Sedang,10,3,27.1,86.1,5.4,19.1,17.4,0.352,lubang buaya
2022-10-20,70.98788653359512,Sedang,10,3,27.444444444444446,84.2,3.6,11.4,16.0,0.0,us embassy 1
2022-10-20,82.27287521860507,Sedang,10,3,27.3,85.1,5.7,18.4,16.0,0.192,us embassy 2
2022-10-21,73.75,Sedang,10,4,27.8,81.4,7.1,23.0,14.7,0.02,bundaran hi
2022-10-21,72.33333333333333,Sedang,10,4,27.5,81.9,7.2,23.0,14.7,3.862,jagakarsa
2022-10-21,63.25,Sedang,10,4,27.6,82.3,7.5,23.0,14.7,0.553,kebun jeruk
2022-10-21,76.41666666666667,Sedang,10,4,27.8,81.4,7.1,24.5,14.9,0.142,kelapa gading
2022-10-21,86.91666666666667,Sedang,10,4,27.7,80.9,6.9,24.5,14.9,0.649,lubang buaya
2022-10-21,55.762369324988356,Sedang,10,4,27.77777777777778,81.5,4.4,14.3,14.7,0.0,us embassy 1
2022-10-21,63.9412804182881,Sedang,10,4,27.7,81.6,7.2,23.0,14.7,0.384,us embassy 2
2022-10-22,69.41666666666667,Sedang,10,5,28.6,80.5,7.1,21.2,18.8,0.005,bundaran hi
2022-10-22,67.875,Sedang,10,5,28.3,81.5,7.3,21.2,18.8,0.512,jagakarsa
2022-10-22,20.833333333333332,Baik,10,5,28.5,81.0,7.3,21.2,18.8,0.077,kebun jeruk
2022-10-22,75.20833333333333,Sedang,10,5,28.6,80.7,7.5,20.9,19.0,0.051,kelapa gading
2022-10-22,81.25,Sedang,10,5,28.4,81.0,7.3,20.9,19.0,0.306,lubang buaya
2022-10-22,52.462259235027126,Sedang,10,5,28.55555555555556,80.5,4.4,13.2,18.8,0.0,us embassy 1
2022-10-22,61.57220145837715,Sedang,10,5,28.5,80.8,7.2,21.2,18.8,0.077,us embassy 2
2022-10-23,63.041666666666664,Sedang,10,6,28.3,81.8,6.5,23.0,9.6,36.714,bundaran hi
2022-10-23,65.75,Sedang,10,6,28.0,83.0,6.6,23.0,9.6,33.639,jagakarsa
2022-10-23,23.583333333333332,Baik,10,6,28.1,82.6,6.6,23.0,9.6,35.254,kebun jeruk
2022-10-23,66.375,Sedang,10,6,28.2,82.8,6.6,24.5,10.3,68.052,kelapa gading
2022-10-23,73.0,Sedang,10,6,28.1,82.7,6.6,24.5,10.3,44.415,lubang buaya
2022-10-23,60.440790885579666,Sedang,10,6,28.33333333333333,81.8,4.0,14.3,9.6,1.417,us embassy 1
2022-10-23,78.09716814926314,Sedang,10,6,28.2,82.4,6.6,23.0,9.6,38.715,us embassy 2
2022-10-24,49.666666666666664,Baik,10,0,27.9,77.1,7.5,40.7,18.0,0.001,bundaran hi
2022-10-24,54.083333333333336,Sedang,10,0,27.7,78.1,7.7,40.7,18.0,0.097,jagakarsa
2022-10-24,2.875,Baik,10,0,27.7,79.0,8.0,40.7,18.0,0.014,kebun jeruk
2022-10-24,50.791666666666664,Sedang,10,0,27.9,77.6,7.7,40.7,20.1,0.01,kelapa gading
2022-10-24,56.958333333333336,Sedang,10,0,27.9,77.4,7.5,40.7,20.1,0.058,lubang buaya
2022-10-24,34.89922193128771,Baik,10,0,27.944444444444443,77.1,4.7,25.3,18.0,0.0,us embassy 1
2022-10-24,38.414476713051485,Baik,10,0,27.9,77.7,7.7,40.7,18.0,0.014,us embassy 2
2022-10-25,41.583333333333336,Baik,10,1,27.0,85.1,6.2,36.7,14.5,1.758,bundaran hi
2022-10-25,46.791666666666664,Baik,10,1,26.9,85.3,6.1,36.7,14.5,10.085,jagakarsa
2022-10-25,0.0,Baik,10,1,26.9,85.9,6.4,36.7,14.5,3.445,kebun jeruk
2022-10-25,44.166666666666664,Baik,10,1,27.1,84.7,6.2,35.6,14.8,1.711,kelapa gading
2022-10-25,47.0,Baik,10,1,27.1,84.5,6.0,35.6,14.8,5.561,lubang buaya
2022-10-25,65.04419880132626,Sedang,10,1,27.0,85.2,3.8,22.8,14.5,0.068,us embassy 1
2022-10-25,67.68500496617861,Sedang,10,1,27.0,85.2,6.2,36.7,14.5,3.099,us embassy 2
2022-10-26,72.08333333333333,Sedang,10,2,26.9,83.4,6.5,46.4,9.2,15.005,bundaran hi
2022-10-26,71.08333333333333,Sedang,10,2,26.5,85.0,6.7,46.4,9.2,18.297,jagakarsa
2022-10-26,63.25,Sedang,10,2,26.6,84.9,6.9,46.4,9.2,17.571,kebun jeruk
2022-10-26,74.33333333333333,Sedang,10,2,26.8,84.3,6.5,46.4,10.2,12.982,kelapa gading
2022-10-26,84.33333333333333,Sedang,10,2,26.7,84.6,6.5,46.4,10.2,15.725,lubang buaya
2022-10-26,69.54086093501735,Sedang,10,2,26.888888888888893,83.3,4.0,28.9,9.2,0.59,us embassy 1
2022-10-26,76.63627269929205,Sedang,10,2,26.8,84.2,6.7,46.4,9.2,16.091,us embassy 2
2022-10-27,74.0,Sedang,10,3,27.9,76.0,6.9,25.2,21.4,0.0,bundaran hi
2022-10-27,73.0,Sedang,10,3,27.5,76.8,7.1,25.2,21.4,0.0,jagakarsa
2022-10-27,69.0,Sedang,10,3,27.7,76.9,7.1,25.2,21.4,0.0,kebun jeruk
2022-10-27,76.0,Sedang,10,3,27.9,76.7,7.3,24.8,21.8,0.0,kelapa gading
2022-10-27,87.0,Sedang,10,3,27.7,76.4,7.0,24.8,21.8,0.0,lubang buaya
2022-10-27,69.54086093501735,Sedang,10,3,27.88888888888889,76.0,4.3,15.7,21.4,0.0,us embassy 1
2022-10-27,76.63627269929205,Sedang,10,3,27.8,76.3,7.0,25.2,21.4,0.0,us embassy 2
2022-10-28,74.0,Sedang,10,4,28.9,67.3,7.7,42.5,25.7,0.0,bundaran hi
2022-10-28,73.0,Sedang,10,4,28.4,69.6,8.0,42.5,25.7,0.0,jagakarsa
2022-10-28,69.0,Sedang,10,4,28.5,69.5,8.2,42.5,25.7,0.0,kebun jeruk
2022-10-28,76.0,Sedang,10,4,28.8,69.0,8.0,42.5,26.0,0.0,kelapa gading
2022-10-28,87.0,Sedang,10,4,28.6,68.6,7.8,42.5,26.0,0.0,lubang buaya
2022-10-28,69.54086093501735,Sedang,10,4,28.944444444444443,67.2,4.8,26.4,25.7,0.0,us embassy 1
2022-10-28,76.63627269929205,Sedang,10,4,28.7,68.4,7.9,42.5,25.7,0.0,us embassy 2
2022-10-29,67.70833333333333,Sedang,10,5,28.8,72.9,7.7,19.4,23.4,0.0,bundaran hi
2022-10-29,57.708333333333336,Sedang,10,5,28.4,73.7,7.9,19.4,23.4,0.0,jagakarsa
2022-10-29,37.041666666666664,Baik,10,5,28.6,73.5,8.0,19.4,23.4,0.0,kebun jeruk
2022-10-29,68.75,Sedang,10,5,28.8,73.3,7.9,21.2,24.2,0.0,kelapa gading
2022-10-29,87.20833333333333,Sedang,10,5,28.6,73.4,7.9,21.2,24.2,0.0,lubang buaya
2022-10-29,69.54086093501735,Sedang,10,5,28.77777777777778,72.9,4.8,12.1,23.4,0.0,us embassy 1
2022-10-29,76.63627269929205,Sedang,10,5,28.7,73.3,7.9,19.4,23.4,0.0,us embassy 2
2022-10-30,62.208333333333336,Sedang,10,6,28.5,72.1,8.0,21.6,26.6,0.0,bundaran hi
2022-10-30,54.708333333333336,Sedang,10,6,28.2,73.5,8.2,21.6,26.6,0.0,jagakarsa
2022-10-30,55.375,Sedang,10,6,28.3,73.0,8.2,21.6,26.6,0.0,kebun jeruk
2022-10-30,61.25,Sedang,10,6,28.6,73.2,8.2,29.2,26.2,0.0,kelapa gading
2022-10-30,80.5,Sedang,10,6,28.3,73.1,8.2,29.2,26.2,0.0,lubang buaya
2022-10-30,69.54086093501735,Sedang,10,6,28.55555555555556,72.0,4.9,13.4,26.6,0.0,us embassy 1
2022-10-30,76.63627269929205,Sedang,10,6,28.4,72.7,8.1,21.6,26.6,0.0,us embassy 2
2022-10-31,64.375,Sedang,10,0,28.7,74.5,6.6,22.3,21.4,0.0,bundaran hi
2022-10-31,52.166666666666664,Sedang,10,0,28.2,75.6,6.7,22.3,21.4,0.009,jagakarsa
2022-10-31,52.75,Sedang,10,0,28.4,75.2,6.9,22.3,21.4,0.001,kebun jeruk
2022-10-31,67.41666666666667,Sedang,10,0,28.6,75.6,6.9,21.2,21.7,0.001,kelapa gading
2022-10-31,59.916666666666664,Sedang,10,0,28.5,75.1,6.6,21.2,21.7,0.005,lubang buaya
2022-10-31,69.54086093501735,Sedang,10,0,28.666666666666668,74.4,4.1,13.9,21.4,0.0,us embassy 1
2022-10-31,76.63627269929205,Sedang,10,0,28.5,74.9,6.7,22.3,21.4,0.001,us embassy 2
2022-11-01,60.583333333333336,Sedang,11,1,28.8,75.4,6.1,21.2,22.6,0.0,bundaran hi
2022-11-01,55.958333333333336,Sedang,11,1,28.4,76.8,6.0,21.2,22.6,0.0,jagakarsa
2022-11-01,51.75,Sedang,11,1,28.5,77.1,6.4,21.2,22.6,0.0,kebun jeruk
2022-11-01,61.083333333333336,Sedang,11,1,28.8,76.3,6.3,21.6,23.0,0.0,kelapa gading
2022-11-01,62.125,Sedang,11,1,28.7,75.9,5.8,21.6,23.0,0.0,lubang buaya
2022-11-01,69.54086093501735,Sedang,11,1,28.77777777777778,75.4,3.8,13.2,22.6,0.0,us embassy 1
2022-11-01,76.63627269929205,Sedang,11,1,28.7,76.1,6.1,21.2,22.6,0.0,us embassy 2
2022-11-02,85.54166666666667,Sedang,11,2,28.6,78.8,6.2,23.4,23.6,0.033,bundaran hi
2022-11-02,65.79166666666667,Sedang,11,2,28.2,79.3,6.1,23.4,23.6,2.515,jagakarsa
2022-11-02,67.5,Sedang,11,2,28.3,80.0,6.4,23.4,23.6,0.803,kebun jeruk
2022-11-02,95.04166666666667,Sedang,11,2,28.6,78.9,6.4,23.8,23.9,0.3,kelapa gading
2022-11-02,132.04166666666666,Tidak Sehat,11,2,28.4,78.2,6.0,23.8,23.9,1.498,lubang buaya
2022-11-02,69.54086093501735,Sedang,11,2,28.61111111111111,78.8,3.9,14.5,23.6,0.0,us embassy 1
2022-11-02,76.63627269929205,Sedang,11,2,28.4,79.1,6.2,23.4,23.6,0.539,us embassy 2
2022-11-03,69.16666666666667,Sedang,11,3,28.0,80.5,5.6,20.9,18.8,0.026,bundaran hi
2022-11-03,61.5,Sedang,11,3,27.5,82.6,5.4,20.9,18.8,2.003,jagakarsa
2022-11-03,57.625,Sedang,11,3,27.8,82.1,5.7,20.9,18.8,0.775,kebun jeruk
2022-11-03,68.45833333333333,Sedang,11,3,27.9,81.7,5.7,20.9,19.0,0.195,kelapa gading
2022-11-03,93.16666666666667,Sedang,11,3,27.7,81.7,5.4,20.9,19.0,0.85,lubang buaya
2022-11-03,69.54086093501735,Sedang,11,3,28.000000000000004,80.5,3.5,13.0,18.8,0.0,us embassy 1
2022-11-03,76.63627269929205,Sedang,11,3,27.8,81.4,5.6,20.9,18.8,0.527,us embassy 2
2022-11-04,80.04166666666667,Sedang,11,4,28.1,79.4,6.0,22.0,20.3,26.431,bundaran hi
2022-11-04,87.875,Sedang,11,4,27.8,80.5,5.9,22.0,20.3,20.876,jagakarsa
2022-11-04,69.79166666666667,Sedang,11,4,27.8,80.8,6.2,22.0,20.3,21.063,kebun jeruk
2022-11-04,80.04166666666667,Sedang,11,4,28.2,79.5,6.1,19.4,20.6,12.274,kelapa gading
2022-11-04,93.58333333333333,Sedang,11,4,28.0,79.5,5.9,19.4,20.6,19.52,lubang buaya
2022-11-04,55.391967627335426,Sedang,11,4,28.111111111111107,79.4,3.8,13.6,20.3,1.059,us embassy 1
2022-11-04,62.72021553018382,Sedang,11,4,28.0,79.9,6.0,22.0,20.3,22.742,us embassy 2
2022-11-05,74.04166666666667,Sedang,11,5,27.1,83.5,6.5,22.7,16.3,0.057,bundaran hi
2022-11-05,71.08333333333333,Sedang,11,5,26.8,85.0,6.5,22.7,16.3,4.649,jagakarsa
2022-11-05,62.375,Sedang,11,5,26.9,84.5,6.6,22.7,16.3,1.564,kebun jeruk
2022-11-05,79.04166666666667,Sedang,11,5,27.2,83.8,6.8,23.4,17.2,0.444,kelapa gading
2022-11-05,83.25,Sedang,11,5,27.0,84.3,6.6,23.4,17.2,2.083,lubang buaya
2022-11-05,74.88348624078658,Sedang,11,5,27.16666666666667,83.5,4.1,14.1,16.3,0.0,us embassy 1
2022-11-05,72.54492698659908,Sedang,11,5,27.0,84.1,6.6,22.7,16.3,1.118,us embassy 2
2022-11-06,74.08333333333333,Sedang,11,6,27.6,83.3,7.2,22.3,16.1,0.0,bundaran hi
2022-11-06,72.5,Sedang,11,6,27.3,84.6,7.3,22.3,16.1,0.0,jagakarsa
2022-11-06,68.75,Sedang,11,6,27.5,84.2,7.4,22.3,16.1,0.0,kebun jeruk
2022-11-06,75.66666666666667,Sedang,11,6,27.6,84.0,7.3,21.6,16.6,0.0,kelapa gading
2022-11-06,86.33333333333333,Sedang,11,6,27.4,84.1,7.3,21.6,16.6,0.0,lubang buaya
2022-11-06,68.78266291061875,Sedang,11,6,27.61111111111111,83.2,4.4,13.9,16.1,0.0,us embassy 1
2022-11-06,75.08308808421161,Sedang,11,6,27.5,83.9,7.3,22.3,16.1,0.0,us embassy 2
2022-11-07,74.0,Sedang,11,0,27.0,87.7,4.9,20.5,17.4,2.822,bundaran hi
2022-11-07,73.0,Sedang,11,0,26.5,89.6,4.5,20.5,17.4,22.067,jagakarsa
2022-11-07,69.0,Sedang,11,0,26.8,88.1,5.0,20.5,17.4,15.025,kebun jeruk
2022-11-07,76.0,Sedang,11,0,26.9,88.7,4.8,21.6,18.9,6.756,kelapa gading
2022-11-07,87.0,Sedang,11,0,26.7,89.7,4.4,21.6,18.9,10.331,lubang buaya
2022-11-07,58.711026582228435,Sedang,11,0,27.0,87.5,3.0,12.8,17.4,0.098,us embassy 1
2022-11-07,72.58203312018084,Sedang,11,0,26.8,88.4,4.8,20.5,17.4,8.968,us embassy 2
2022-11-08,74.0,Sedang,11,1,26.8,86.5,5.0,20.9,11.3,7.603,bundaran hi
2022-11-08,73.0,Sedang,11,1,26.5,87.5,4.8,20.9,11.3,7.063,jagakarsa
2022-11-08,69.0,Sedang,11,1,26.7,87.6,5.0,20.9,11.3,8.46,kebun jeruk
2022-11-08,76.0,Sedang,11,1,26.8,86.7,5.1,22.7,12.4,3.786,kelapa gading
2022-11-08,87.0,Sedang,11,1,26.6,86.6,4.8,22.7,12.4,6.514,lubang buaya
2022-11-08,75.09303133835965,Sedang,11,1,26.83333333333333,86.4,3.1,13.0,11.3,0.303,us embassy 1
2022-11-08,76.27116961692938,Sedang,11,1,26.7,86.9,4.9,20.9,11.3,7.465,us embassy 2
2022-11-09,73.08333333333333,Sedang,11,2,27.6,79.7,6.2,25.9,16.2,0.0,bundaran hi
2022-11-09,74.04166666666667,Sedang,11,2,27.3,80.9,6.1,25.9,16.2,0.018,jagakarsa
2022-11-09,67.91666666666667,Sedang,11,2,27.4,81.5,6.5,25.9,16.2,0.0,kebun jeruk
2022-11-09,74.625,Sedang,11,2,27.6,80.3,6.3,26.6,16.6,0.0,kelapa gading
2022-11-09,92.08333333333333,Sedang,11,2,27.5,80.1,6.0,26.6,16.6,0.0,lubang buaya
2022-11-09,76.26059855687986,Sedang,11,2,27.61111111111111,79.7,3.9,16.1,16.2,0.0,us embassy 1
2022-11-09,76.63627269929205,Sedang,11,2,27.5,80.4,6.2,25.9,16.2,0.0,us embassy 2
2022-11-10,59.583333333333336,Sedang,11,3,27.7,82.4,7.1,29.2,10.2,13.798,bundaran hi
2022-11-10,75.25,Sedang,11,3,27.5,82.8,7.2,29.2,10.2,7.774,jagakarsa
2022-11-10,49.541666666666664,Baik,11,3,27.5,83.6,7.5,29.2,10.2,10.016,kebun jeruk
2022-11-10,65.25,Sedang,11,3,27.7,82.8,7.1,28.8,11.1,10.419,kelapa gading
2022-11-10,78.29166666666667,Sedang,11,3,27.6,82.3,7.0,28.8,11.1,10.457,lubang buaya
2022-11-10,60.811255367499,Sedang,11,3,27.666666666666668,82.5,4.4,18.1,10.2,0.549,us embassy 1
2022-11-10,64.16368645455015,Sedang,11,3,27.6,82.7,7.2,29.2,10.2,11.594,us embassy 2
2022-11-11,60.583333333333336,Sedang,11,4,27.2,80.6,7.3,68.4,17.2,0.661,bundaran hi
2022-11-11,64.83333333333333,Sedang,11,4,26.9,82.0,7.5,68.4,17.2,1.396,jagakarsa
2022-11-11,2.875,Baik,11,4,27.1,81.9,7.8,68.4,17.2,1.468,kebun jeruk
2022-11-11,53.833333333333336,Sedang,11,4,27.2,81.4,7.4,68.4,18.1,2.019,kelapa gading
2022-11-11,69.875,Sedang,11,4,27.0,81.4,7.3,68.4,18.1,1.446,lubang buaya
2022-11-11,57.54364232347107,Sedang,11,4,27.22222222222222,80.5,4.5,42.5,17.2,0.024,us embassy 1
2022-11-11,57.36423062380637,Sedang,11,4,27.1,81.3,7.5,68.4,17.2,1.134,us embassy 2
2022-11-12,56.333333333333336,Sedang,11,5,26.7,86.5,6.5,26.6,18.5,0.501,bundaran hi
2022-11-12,62.583333333333336,Sedang,11,5,26.4,87.8,6.6,26.6,18.5,22.006,jagakarsa
2022-11-12,39.333333333333336,Baik,11,5,26.6,87.5,6.6,26.6,18.5,15.348,kebun jeruk
2022-11-12,49.25,Baik,11,5,26.8,86.6,6.7,22.7,18.9,4.161,kelapa gading
2022-11-12,66.08333333333333,Sedang,11,5,26.6,87.2,6.6,22.7,18.9,10.635,lubang buaya
2022-11-12,38.16815155934497,Baik,11,5,26.722222222222214,86.4,4.0,16.6,18.5,0.002,us embassy 1
2022-11-12,42.683556473094846,Baik,11,5,26.6,87.0,6.5,26.6,18.5,8.362,us embassy 2
2022-11-13,53.458333333333336,Sedang,11,6,26.5,87.5,6.7,25.9,15.6,0.376,bundaran hi
2022-11-13,60.583333333333336,Sedang,11,6,26.1,89.0,6.7,25.9,15.6,27.715,jagakarsa
2022-11-13,49.125,Baik,11,6,26.3,88.5,6.7,25.9,15.6,11.178,kebun jeruk
2022-11-13,49.333333333333336,Baik,11,6,26.5,88.0,6.7,24.5,17.1,2.718,kelapa gading
2022-11-13,65.875,Sedang,11,6,26.3,88.4,6.7,24.5,17.1,10.98,lubang buaya
2022-11-13,47.66333009595737,Baik,11,6,26.5,87.5,4.1,16.1,15.6,0.002,us embassy 1
2022-11-13,51.81266236817785,Sedang,11,6,26.4,88.1,6.7,25.9,15.6,7.577,us embassy 2
2022-11-14,59.291666666666664,Sedang,11,0,27.8,81.4,7.3,20.9,20.8,0.499,bundaran hi
2022-11-14,63.75,Sedang,11,0,27.5,82.5,7.4,20.9,20.8,1.71,jagakarsa
2022-11-14,54.541666666666664,Sedang,11,0,27.7,82.3,7.8,20.9,20.8,0.491,kebun jeruk
2022-11-14,59.041666666666664,Sedang,11,0,27.8,81.9,7.4,22.7,20.2,0.342,kelapa gading
2022-11-14,80.45833333333333,Sedang,11,0,27.6,81.8,7.2,22.7,20.2,1.175,lubang buaya
2022-11-14,35.364574404941536,Baik,11,0,27.83333333333333,81.4,4.6,13.0,20.8,0.02,us embassy 1
2022-11-14,58.9333573357954,Sedang,11,0,27.7,81.8,7.4,20.9,20.8,0.579,us embassy 2
2022-11-15,57.75,Sedang,11,1,28.1,79.8,6.8,29.9,16.4,0.0,bundaran hi
2022-11-15,75.83333333333333,Sedang,11,1,27.7,81.8,7.1,29.9,16.4,0.0,jagakarsa
2022-11-15,48.791666666666664,Baik,11,1,27.9,81.5,7.4,29.9,16.4,0.0,kebun jeruk
2022-11-15,52.708333333333336,Sedang,11,1,28.1,81.0,7.1,31.7,16.6,0.0,kelapa gading
2022-11-15,80.04166666666667,Sedang,11,1,27.9,81.1,6.8,31.7,16.6,0.0,lubang buaya
2022-11-15,69.54086093501735,Sedang,11,1,28.111111111111107,79.8,4.2,18.6,16.4,0.0,us embassy 1
2022-11-15,72.39289305445037,Sedang,11,1,28.0,80.7,7.0,29.9,16.4,0.0,us embassy 2
2022-11-16,46.916666666666664,Baik,11,2,28.8,77.2,6.7,33.5,17.1,0.002,bundaran hi
2022-11-16,69.375,Sedang,11,2,28.5,77.6,6.6,33.5,17.1,0.221,jagakarsa
2022-11-16,9.791666666666666,Baik,11,2,28.6,78.8,7.1,33.5,17.1,0.033,kebun jeruk
2022-11-16,39.0,Baik,11,2,28.8,77.4,6.8,33.5,17.9,0.022,kelapa gading
2022-11-16,59.125,Sedang,11,2,28.8,76.4,6.5,33.5,17.9,0.132,lubang buaya
2022-11-16,52.85920339336829,Sedang,11,2,28.77777777777778,77.2,4.2,20.8,17.1,0.0,us embassy 1
2022-11-16,57.72350450838169,Sedang,11,2,28.7,77.5,6.8,33.5,17.1,0.033,us embassy 2
2022-11-17,72.08333333333333,Sedang,11,3,26.0,89.9,5.1,33.5,6.9,56.866,bundaran hi
2022-11-17,73.83333333333333,Sedang,11,3,25.8,90.7,5.1,33.5,6.9,44.653,jagakarsa
2022-11-17,63.25,Sedang,11,3,25.9,90.4,5.1,33.5,6.9,49.352,kebun jeruk
2022-11-17,72.33333333333333,Sedang,11,3,26.0,90.4,5.1,36.0,7.1,52.675,kelapa gading
2022-11-17,85.58333333333333,Sedang,11,3,25.9,90.3,5.1,36.0,7.1,50.184,lubang buaya
2022-11-17,52.27893063792033,Sedang,11,3,26.05555555555556,89.9,3.2,20.8,6.9,2.247,us embassy 1
2022-11-17,67.25330881605812,Sedang,11,3,26.0,90.2,5.1,33.5,6.9,52.737,us embassy 2
2022-11-18,57.625,Sedang,11,4,27.6,78.8,6.2,34.9,20.7,0.009,bundaran hi
2022-11-18,55.666666666666664,Sedang,11,4,27.2,80.1,6.3,34.9,20.7,1.73,jagakarsa
2022-11-18,25.875,Baik,11,4,27.4,80.4,6.7,34.9,20.7,0.153,kebun jeruk
2022-11-18,56.958333333333336,Sedang,11,4,27.6,79.3,6.4,35.6,21.7,0.102,kelapa gading
2022-11-18,66.04166666666667,Sedang,11,4,27.4,79.5,6.1,35.6,21.7,0.613,lubang buaya
2022-11-18,44.72555887270054,Baik,11,4,27.61111111111111,78.8,3.9,21.7,20.7,0.0,us embassy 1
2022-11-18,49.63682396641868,Baik,11,4,27.5,79.4,6.3,34.9,20.7,0.153,us embassy 2
2022-11-19,52.916666666666664,Sedang,11,5,28.2,78.7,7.2,44.6,18.6,0.002,bundaran hi
2022-11-19,54.083333333333336,Sedang,11,5,27.9,80.2,7.5,44.6,18.6,0.12,jagakarsa
2022-11-19,0.0,Baik,11,5,28.1,79.7,7.5,44.6,18.6,0.058,kebun jeruk
2022-11-19,47.666666666666664,Baik,11,5,28.2,79.5,7.5,44.6,19.2,0.017,kelapa gading
2022-11-19,64.125,Sedang,11,5,28.0,79.6,7.5,44.6,19.2,0.073,lubang buaya
2022-11-19,47.38628623765853,Baik,11,5,28.277777777777786,78.6,4.5,27.7,18.6,0.0,us embassy 1
2022-11-19,49.06800481087632,Baik,11,5,28.1,79.3,7.4,44.6,18.6,0.033,us embassy 2
2022-11-20,55.333333333333336,Sedang,11,6,28.6,76.6,8.0,38.9,20.5,0.0,bundaran hi
2022-11-20,59.916666666666664,Sedang,11,6,28.2,78.0,8.4,38.9,20.5,0.0,jagakarsa
2022-11-20,20.125,Baik,11,6,28.3,77.7,8.3,38.9,20.5,0.0,kebun jeruk
2022-11-20,52.25,Sedang,11,6,28.5,77.3,8.2,41.0,22.4,0.0,kelapa gading
2022-11-20,68.83333333333333,Sedang,11,6,28.3,77.5,8.3,41.0,22.4,0.0,lubang buaya
2022-11-20,45.51952027757891,Baik,11,6,28.55555555555556,76.5,4.9,24.2,20.5,0.0,us embassy 1
2022-11-20,46.69389430554613,Baik,11,6,28.4,77.2,8.2,38.9,20.5,0.0,us embassy 2
2022-11-21,40.333333333333336,Baik,11,0,29.0,71.8,7.3,38.9,23.8,0.001,bundaran hi
2022-11-21,63.25,Sedang,11,0,28.5,73.4,7.6,38.9,23.8,0.032,jagakarsa
2022-11-21,14.375,Baik,11,0,28.6,74.5,7.7,38.9,23.8,0.045,kebun jeruk
2022-11-21,48.041666666666664,Baik,11,0,28.9,72.9,7.4,38.9,25.0,0.008,kelapa gading
2022-11-21,66.25,Sedang,11,0,28.7,72.3,7.4,38.9,25.0,0.02,lubang buaya
2022-11-21,30.584540724277648,Baik,11,0,28.944444444444443,71.8,4.5,24.2,23.8,0.0,us embassy 1
2022-11-21,34.96889356634698,Baik,11,0,28.8,72.8,7.5,38.9,23.8,0.02,us embassy 2
2022-11-22,40.333333333333336,Baik,11,1,28.9,73.0,7.9,46.4,20.9,0.0,bundaran hi
2022-11-22,70.625,Sedang,11,1,28.4,74.6,8.1,46.4,20.9,0.0,jagakarsa
2022-11-22,0.0,Baik,11,1,28.6,74.7,8.3,46.4,20.9,0.0,kebun jeruk
2022-11-22,38.208333333333336,Baik,11,1,28.9,73.5,8.1,46.4,22.2,0.0,kelapa gading
2022-11-22,65.04166666666667,Sedang,11,1,28.7,73.6,8.0,46.4,22.2,0.0,lubang buaya
2022-11-22,35.971578640173384,Baik,11,1,28.944444444444443,73.0,4.9,28.9,20.9,0.0,us embassy 1
2022-11-22,45.01608272727336,Baik,11,1,28.8,73.7,8.0,46.4,20.9,0.0,us embassy 2
2022-11-23,49.458333333333336,Baik,11,2,28.6,74.1,6.7,33.8,19.1,2.95,bundaran hi
2022-11-23,71.83333333333333,Sedang,11,2,28.3,76.3,6.7,33.8,19.1,4.712,jagakarsa
2022-11-23,0.0,Baik,11,2,28.5,76.0,7.0,33.8,19.1,2.735,kebun jeruk
2022-11-23,50.75,Sedang,11,2,28.6,75.8,6.7,36.0,19.3,1.455,kelapa gading
2022-11-23,68.25,Sedang,11,2,28.4,75.6,6.5,36.0,19.3,2.638,lubang buaya
2022-11-23,37.589363800994796,Baik,11,2,28.666666666666668,74.0,4.2,21.0,19.1,0.118,us embassy 1
2022-11-23,48.441968737633196,Baik,11,2,28.5,75.1,6.7,33.8,19.1,2.858,us embassy 2
2022-11-24,52.583333333333336,Sedang,11,3,28.0,79.3,6.8,38.2,14.4,0.29,bundaran hi
2022-11-24,52.416666666666664,Sedang,11,3,27.5,80.7,6.8,38.2,14.4,3.317,jagakarsa
2022-11-24,2.875,Baik,11,3,27.7,80.8,7.3,38.2,14.4,2.223,kebun jeruk
2022-11-24,48.25,Baik,11,3,27.8,80.1,6.8,35.3,15.8,8.207,kelapa gading
2022-11-24,67.54166666666667,Sedang,11,3,27.6,80.0,6.5,35.3,15.8,3.593,lubang buaya
2022-11-24,51.80680463511107,Sedang,11,3,27.944444444444443,79.3,4.2,23.7,14.4,0.002,us embassy 1
2022-11-24,51.155254891774376,Sedang,11,3,27.8,80.0,6.9,38.2,14.4,1.92,us embassy 2
2022-11-25,56.541666666666664,Sedang,11,4,27.4,81.7,6.6,19.8,21.3,0.016,bundaran hi
2022-11-25,65.875,Sedang,11,4,27.1,83.2,6.6,19.8,21.3,0.959,jagakarsa
2022-11-25,0.0,Baik,11,4,27.3,82.7,6.6,19.8,21.3,0.509,kebun jeruk
2022-11-25,58.625,Sedang,11,4,27.4,82.6,6.8,22.3,21.3,0.117,kelapa gading
2022-11-25,71.16666666666667,Sedang,11,4,27.2,82.7,6.6,22.3,21.3,0.448,lubang buaya
2022-11-25,51.93758032008852,Sedang,11,4,27.444444444444446,81.7,4.1,12.3,21.3,0.0,us embassy 1
2022-11-25,50.47652386991223,Sedang,11,4,27.3,82.3,6.6,19.8,21.3,0.299,us embassy 2
2022-11-26,86.45833333333333,Sedang,11,5,27.0,85.6,7.2,17.3,10.6,16.656,bundaran hi
2022-11-26,117.45833333333333,Tidak Sehat,11,5,26.9,85.7,7.4,17.3,10.6,7.917,jagakarsa
2022-11-26,0.0,Baik,11,5,27.0,85.8,7.4,17.3,10.6,10.244,kebun jeruk
2022-11-26,94.04166666666667,Sedang,11,5,27.0,86.0,7.4,14.8,10.1,10.906,kelapa gading
2022-11-26,122.70833333333333,Tidak Sehat,11,5,26.9,85.8,7.4,14.8,10.1,10.979,lubang buaya
2022-11-26,88.56510902545983,Sedang,11,5,26.944444444444443,85.6,4.4,10.7,10.6,0.667,us embassy 1
2022-11-26,93.6738134154768,Sedang,11,5,27.0,85.7,7.3,17.3,10.6,12.995,us embassy 2
2022-11-27,79.45833333333333,Sedang,11,6,27.8,81.3,6.0,19.1,22.4,1.943,bundaran hi
2022-11-27,105.41666666666667,Tidak Sehat,11,6,27.6,81.6,5.9,19.1,22.4,0.942,jagakarsa
2022-11-27,0.0,Baik,11,6,27.7,81.5,6.0,19.1,22.4,1.08,kebun jeruk
2022-11-27,74.79166666666667,Sedang,11,6,27.8,81.5,6.3,18.7,22.4,0.781,kelapa gading
2022-11-27,114.08333333333333,Tidak Sehat,11,6,27.7,81.5,6.0,18.7,22.4,1.168,lubang buaya
2022-11-27,81.12586513415879,Sedang,11,6,27.83333333333333,81.3,3.7,11.9,22.4,0.078,us embassy 1
2022-11-27,82.05522737517224,Sedang,11,6,27.8,81.4,6.0,19.1,22.4,1.429,us embassy 2
2022-11-28,75.08333333333333,Sedang,11,0,27.8,84.4,6.2,20.9,21.0,16.722,bundaran hi
2022-11-28,75.25,Sedang,11,0,27.4,85.2,6.1,20.9,21.0,13.789,jagakarsa
2022-11-28,63.25,Sedang,11,0,27.6,84.8,6.2,20.9,21.0,15.875,kebun jeruk
2022-11-28,75.91666666666667,Sedang,11,0,27.7,84.6,6.3,20.2,20.1,8.423,kelapa gading
2022-11-28,89.25,Sedang,11,0,27.5,84.8,6.2,20.2,20.1,13.562,lubang buaya
2022-11-28,82.52636537088391,Sedang,11,0,27.77777777777778,84.4,3.9,13.0,21.0,0.668,us embassy 1
2022-11-28,89.52739781952197,Sedang,11,0,27.6,84.6,6.2,20.9,21.0,15.284,us embassy 2
2022-11-29,65.54166666666667,Sedang,11,1,28.3,80.1,7.1,31.7,24.0,0.271,bundaran hi
2022-11-29,68.75,Sedang,11,1,28.0,80.8,7.3,31.7,24.0,9.989,jagakarsa
2022-11-29,25.875,Baik,11,1,28.2,80.6,7.3,31.7,24.0,4.612,kebun jeruk
2022-11-29,69.0,Sedang,11,1,28.3,80.6,7.3,31.7,23.7,5.216,kelapa gading
2022-11-29,81.125,Sedang,11,1,28.2,80.6,7.2,31.7,23.7,5.371,lubang buaya
2022-11-29,66.48057960608774,Sedang,11,1,28.277777777777786,80.1,4.4,19.7,24.0,0.002,us embassy 1
2022-11-29,66.3748577071761,Sedang,11,1,28.2,80.4,7.2,31.7,24.0,3.357,us embassy 2
2022-11-30,65.20833333333333,Sedang,11,2,28.3,78.3,7.2,19.8,17.7,0.021,bundaran hi
2022-11-30,71.125,Sedang,11,2,28.0,79.2,7.4,19.8,17.7,1.199,jagakarsa
2022-11-30,0.0,Baik,11,2,28.2,78.9,7.4,19.8,17.7,0.584,kebun jeruk
2022-11-30,67.29166666666667,Sedang,11,2,28.2,79.0,7.4,19.4,16.8,0.169,kelapa gading
2022-11-30,95.16666666666667,Sedang,11,2,28.1,78.9,7.4,19.4,16.8,0.727,lubang buaya
2022-11-30,62.954345974919164,Sedang,11,2,28.277777777777786,78.3,4.5,12.3,17.7,0.0,us embassy 1
2022-11-30,67.82020641604116,Sedang,11,2,28.2,78.7,7.3,19.8,17.7,0.332,us embassy 2
2022-12-01,71.04166666666667,Sedang,12,3,27.9,81.8,6.6,22.0,22.9,0.017,bundaran hi
2022-12-01,80.33333333333333,Sedang,12,3,27.5,83.1,6.8,22.0,22.9,0.588,jagakarsa
2022-12-01,0.0,Baik,12,3,27.7,82.6,6.7,22.0,22.9,0.548,kebun jeruk
2022-12-01,73.54166666666667,Sedang,12,3,27.9,82.3,6.9,25.6,23.1,0.107,kelapa gading
2022-12-01,91.875,Sedang,12,3,27.7,82.5,6.7,25.6,23.1,0.318,lubang buaya
2022-12-01,68.80623107311855,Sedang,12,3,27.83333333333333,81.8,4.0,13.6,22.9,0.0,us embassy 1
2022-12-01,75.90140698832361,Sedang,12,3,27.8,82.3,6.7,22.0,22.9,0.268,us embassy 2
2022-12-02,67.58333333333333,Sedang,12,4,27.7,81.5,7.0,20.2,18.1,3.893,bundaran hi
2022-12-02,87.70833333333333,Sedang,12,4,27.4,82.2,7.2,20.2,18.1,2.791,jagakarsa
2022-12-02,0.0,Baik,12,4,27.6,81.9,7.2,20.2,18.1,2.297,kebun jeruk
2022-12-02,68.29166666666667,Sedang,12,4,27.7,81.6,7.2,19.4,18.4,1.653,kelapa gading
2022-12-02,93.33333333333333,Sedang,12,4,27.5,81.9,7.2,19.4,18.4,2.88,lubang buaya
2022-12-02,66.83001187800348,Sedang,12,4,27.666666666666668,81.4,4.3,12.5,18.1,0.157,us embassy 1
2022-12-02,72.89431523190366,Sedang,12,4,27.6,81.7,7.1,20.2,18.1,2.995,us embassy 2
2022-12-03,73.45833333333333,Sedang,12,5,27.8,79.3,7.1,20.2,22.7,0.038,bundaran hi
2022-12-03,78.58333333333333,Sedang,12,5,27.5,80.4,7.3,20.2,22.7,3.239,jagakarsa
2022-12-03,0.0,Baik,12,5,27.7,79.9,7.3,20.2,22.7,0.96,kebun jeruk
2022-12-03,70.45833333333333,Sedang,12,5,27.9,80.0,7.4,20.2,22.9,0.317,kelapa gading
2022-12-03,88.54166666666667,Sedang,12,5,27.7,80.0,7.3,20.2,22.9,1.59,lubang buaya
2022-12-03,70.42902001897143,Sedang,12,5,27.83333333333333,79.3,4.4,12.5,22.7,0.0,us embassy 1
2022-12-03,75.33125581736111,Sedang,12,5,27.7,79.7,7.2,20.2,22.7,0.712,us embassy 2
2022-12-04,77.16666666666667,Sedang,12,6,28.3,78.2,7.6,25.2,18.2,0.008,bundaran hi
2022-12-04,72.04166666666667,Sedang,12,6,27.9,79.6,7.6,25.2,18.2,0.883,jagakarsa
2022-12-04,8.625,Baik,12,6,28.2,79.1,7.7,25.2,18.2,0.132,kebun jeruk
2022-12-04,72.45833333333333,Sedang,12,6,28.3,79.0,7.7,23.8,19.1,0.088,kelapa gading
2022-12-04,45.541666666666664,Baik,12,6,28.1,79.1,7.6,23.8,19.1,0.528,lubang buaya
2022-12-04,77.6347593235826,Sedang,12,6,28.277777777777786,78.2,4.7,15.7,18.2,0.012,us embassy 1
2022-12-04,83.24433863724717,Sedang,12,6,28.2,78.7,7.6,25.2,18.2,0.132,us embassy 2
2022-12-05,74.16666666666667,Sedang,12,0,28.0,79.0,6.3,19.8,19.5,0.156,bundaran hi
2022-12-05,73.70833333333333,Sedang,12,0,27.6,80.5,6.2,19.8,19.5,11.504,jagakarsa
2022-12-05,0.0,Baik,12,0,27.8,79.8,6.2,19.8,19.5,4.709,kebun jeruk
2022-12-05,78.0,Sedang,12,0,28.0,79.8,6.4,22.0,20.1,1.083,kelapa gading
2022-12-05,112.75,Tidak Sehat,12,0,27.8,79.9,6.3,22.0,20.1,4.483,lubang buaya
2022-12-05,73.63527512220378,Sedang,12,0,28.05555555555556,79.0,3.9,12.3,19.5,0.001,us embassy 1
2022-12-05,78.32818453666685,Sedang,12,0,27.9,79.5,6.3,19.8,19.5,3.175,us embassy 2
2022-12-06,76.25,Sedang,12,1,27.4,82.6,6.1,23.0,16.6,0.11,bundaran hi
2022-12-06,77.75,Sedang,12,1,27.1,83.6,6.2,23.0,16.6,8.127,jagakarsa
2022-12-06,2.875,Baik,12,1,27.3,83.1,6.2,23.0,16.6,3.28,kebun jeruk
2022-12-06,84.20833333333333,Sedang,12,1,27.5,83.0,6.4,24.1,16.9,0.766,kelapa gading
2022-12-06,66.75,Sedang,12,1,27.3,83.2,6.2,24.1,16.9,3.204,lubang buaya
2022-12-06,76.38631768238278,Sedang,12,1,27.444444444444446,82.6,3.8,14.3,16.6,0.0,us embassy 1
2022-12-06,83.26551051231803,Sedang,12,1,27.4,82.9,6.2,23.0,16.6,2.22,us embassy 2
2022-12-07,67.16666666666667,Sedang,12,2,27.7,82.0,6.1,21.2,19.0,0.032,bundaran hi
2022-12-07,74.625,Sedang,12,2,27.3,83.4,6.1,21.2,19.0,2.982,jagakarsa
2022-12-07,0.0,Baik,12,2,27.5,82.9,6.1,21.2,19.0,0.648,kebun jeruk
2022-12-07,68.25,Sedang,12,2,27.6,82.7,6.3,22.3,20.0,0.322,kelapa gading
2022-12-07,86.79166666666667,Sedang,12,2,27.5,82.9,6.1,22.3,20.0,1.791,lubang buaya
2022-12-07,69.739459279263,Sedang,12,2,27.666666666666668,82.0,3.8,13.2,19.0,0.0,us embassy 1
2022-12-07,69.77181390553751,Sedang,12,2,27.6,82.6,6.1,21.2,19.0,0.522,us embassy 2
2022-12-08,65.66666666666667,Sedang,12,3,27.8,79.1,7.1,20.9,17.2,3.009,bundaran hi
2022-12-08,76.33333333333333,Sedang,12,3,27.6,80.0,7.4,20.9,17.2,3.49,jagakarsa
2022-12-08,58.875,Sedang,12,3,27.8,79.5,7.3,20.9,17.2,2.463,kebun jeruk
2022-12-08,65.41666666666667,Sedang,12,3,27.8,79.9,7.3,19.1,17.7,3.672,kelapa gading
2022-12-08,86.25,Sedang,12,3,27.7,79.8,7.3,19.1,17.7,3.59,lubang buaya
2022-12-08,72.16810251252508,Sedang,12,3,27.83333333333333,79.1,4.4,13.0,17.2,0.118,us embassy 1
2022-12-08,40.46325675525466,Baik,12,3,27.8,79.4,7.2,20.9,17.2,2.9,us embassy 2
2022-12-09,70.5,Sedang,12,4,26.0,87.7,5.9,30.2,19.3,13.708,bundaran hi
2022-12-09,85.70833333333333,Sedang,12,4,25.8,88.2,5.9,30.2,19.3,9.463,jagakarsa
2022-12-09,66.33333333333333,Sedang,12,4,26.0,87.8,6.0,30.2,19.3,11.052,kebun jeruk
2022-12-09,69.29166666666667,Sedang,12,4,26.1,87.9,6.0,31.0,20.5,9.7,kelapa gading
2022-12-09,88.45833333333333,Sedang,12,4,25.9,88.0,6.0,31.0,20.5,10.741,lubang buaya
2022-12-09,73.6381000786635,Sedang,12,4,26.05555555555556,87.6,3.6,18.8,19.3,0.545,us embassy 1
2022-12-09,77.20408424010606,Sedang,12,4,26.0,87.8,5.9,30.2,19.3,11.958,us embassy 2
2022-12-10,51.625,Sedang,12,5,28.1,76.5,7.7,24.5,20.4,0.224,bundaran hi
2022-12-10,65.25,Sedang,12,5,28.0,76.4,8.0,24.5,20.4,1.642,jagakarsa
2022-12-10,58.958333333333336,Sedang,12,5,28.1,76.2,8.0,24.5,20.4,0.451,kebun jeruk
2022-12-10,61.5,Sedang,12,5,28.1,77.4,7.8,23.8,21.7,0.711,kelapa gading
2022-12-10,77.45833333333333,Sedang,12,5,28.0,76.7,7.9,23.8,21.7,1.168,lubang buaya
2022-12-10,58.69745023754327,Sedang,12,5,28.111111111111107,76.5,4.8,15.2,20.4,0.008,us embassy 1
2022-12-10,70.35865951752031,Sedang,12,5,28.1,76.5,7.8,24.5,20.4,0.468,us embassy 2
2022-12-11,58.666666666666664,Sedang,12,6,27.9,77.9,7.4,40.7,19.4,0.01,bundaran hi
2022-12-11,64.75,Sedang,12,6,27.5,79.6,7.8,40.7,19.4,1.06,jagakarsa
2022-12-11,44.708333333333336,Baik,12,6,27.7,79.0,7.7,40.7,19.4,0.158,kebun jeruk
2022-12-11,63.166666666666664,Sedang,12,6,27.9,79.0,7.7,40.7,20.3,0.106,kelapa gading
2022-12-11,71.41666666666667,Sedang,12,6,27.7,79.1,7.6,40.7,20.3,0.634,lubang buaya
2022-12-11,56.927090444275954,Sedang,12,6,27.944444444444443,77.8,4.6,25.3,19.4,0.0,us embassy 1
2022-12-11,55.0288168856965,Sedang,12,6,27.8,78.6,7.6,40.7,19.4,0.158,us embassy 2
2022-12-12,44.666666666666664,Baik,12,0,28.1,75.4,6.9,23.0,19.8,1.981,bundaran hi
2022-12-12,58.625,Sedang,12,0,27.8,76.1,7.2,23.0,19.8,1.484,jagakarsa
2022-12-12,28.916666666666668,Baik,12,0,28.1,75.8,7.5,23.0,19.8,1.369,kebun jeruk
2022-12-12,42.208333333333336,Baik,12,0,28.1,76.0,7.1,20.2,18.9,1.875,kelapa gading
2022-12-12,64.29166666666667,Sedang,12,0,28.0,75.5,6.9,20.2,18.9,1.609,lubang buaya
2022-12-12,40.570311174856506,Baik,12,0,28.111111111111107,75.4,4.3,14.3,19.8,0.078,us embassy 1
2022-12-12,44.58330720105587,Baik,12,0,28.1,75.6,7.1,23.0,19.8,1.677,us embassy 2
2022-12-13,38.958333333333336,Baik,12,1,27.7,77.2,7.3,32.0,19.8,0.0,bundaran hi
2022-12-13,68.25,Sedang,12,1,27.2,79.5,7.5,32.0,19.8,0.618,jagakarsa
2022-12-13,27.916666666666668,Baik,12,1,27.5,78.9,7.8,32.0,19.8,0.0,kebun jeruk
2022-12-13,37.208333333333336,Baik,12,1,27.6,78.3,7.5,29.9,20.0,0.0,kelapa gading
2022-12-13,66.625,Sedang,12,1,27.4,79.3,7.2,29.9,20.0,0.0,lubang buaya
2022-12-13,34.40497042485101,Baik,12,1,27.666666666666668,77.1,4.5,19.9,19.8,0.0,us embassy 1
2022-12-13,43.276292612677075,Baik,12,1,27.5,78.3,7.5,32.0,19.8,0.0,us embassy 2
2022-12-14,70.66666666666667,Sedang,12,2,28.3,77.6,7.2,35.3,18.3,0.0,bundaran hi
2022-12-14,72.83333333333333,Sedang,12,2,28.0,78.8,7.5,35.3,18.3,0.053,jagakarsa
2022-12-14,65.08333333333333,Sedang,12,2,28.3,78.6,7.6,35.3,18.3,0.008,kebun jeruk
2022-12-14,72.5,Sedang,12,2,28.3,78.5,7.4,35.3,19.0,0.005,kelapa gading
2022-12-14,84.58333333333333,Sedang,12,2,28.2,78.3,7.4,35.3,19.0,0.031,lubang buaya
2022-12-14,31.648453654048733,Baik,12,2,28.33333333333333,77.5,4.5,21.9,18.3,0.0,us embassy 1
2022-12-14,44.61610831299463,Baik,12,2,28.3,78.1,7.4,35.3,18.3,0.008,us embassy 2
2022-12-15,74.0,Sedang,12,3,29.5,69.0,8.1,32.8,24.7,0.021,bundaran hi
2022-12-15,73.0,Sedang,12,3,29.2,69.8,8.4,32.8,24.7,0.346,jagakarsa
2022-12-15,69.0,Sedang,12,3,29.4,69.5,8.5,32.8,24.7,0.175,kebun jeruk
2022-12-15,76.0,Sedang,12,3,29.5,69.7,8.2,31.3,25.0,0.568,kelapa gading
2022-12-15,87.0,Sedang,12,3,29.3,69.3,8.2,31.3,25.0,0.345,lubang buaya
2022-12-15,34.179701290602374,Baik,12,3,29.55555555555556,68.9,5.0,20.4,24.7,0.0,us embassy 1
2022-12-15,47.4250791346191,Baik,12,3,29.4,69.3,8.3,32.8,24.7,0.155,us embassy 2
2022-12-16,64.70833333333333,Sedang,12,4,27.6,79.7,6.4,29.2,20.4,2.123,bundaran hi
2022-12-16,72.20833333333333,Sedang,12,4,27.3,81.1,6.5,29.2,20.4,12.349,jagakarsa
2022-12-16,56.541666666666664,Sedang,12,4,27.5,80.9,6.7,29.2,20.4,5.272,kebun jeruk
2022-12-16,65.79166666666667,Sedang,12,4,27.6,80.5,6.4,29.5,20.2,3.049,kelapa gading
2022-12-16,84.33333333333333,Sedang,12,4,27.5,80.5,6.3,29.5,20.2,6.553,lubang buaya
2022-12-16,50.42438486365693,Sedang,12,4,27.555555555555557,79.7,4.0,18.1,20.4,0.08,us embassy 1
2022-12-16,55.8842970266246,Sedang,12,4,27.5,80.4,6.5,29.2,20.4,4.437,us embassy 2
2022-12-17,73.16666666666667,Sedang,12,5,28.0,82.0,6.1,28.1,12.6,2.173,bundaran hi
2022-12-17,73.08333333333333,Sedang,12,5,27.8,82.7,6.2,28.1,12.6,3.067,jagakarsa
2022-12-17,67.83333333333333,Sedang,12,5,27.9,82.7,6.1,28.1,12.6,2.056,kebun jeruk
2022-12-17,74.91666666666667,Sedang,12,5,28.0,83.1,6.5,30.2,11.7,1.285,kelapa gading
2022-12-17,87.33333333333333,Sedang,12,5,27.9,82.7,6.2,30.2,11.7,2.556,lubang buaya
2022-12-17,73.30993381639847,Sedang,12,5,28.05555555555556,81.9,3.8,17.4,12.6,0.086,us embassy 1
2022-12-17,78.44136518611639,Sedang,12,5,28.0,82.4,6.2,28.1,12.6,2.106,us embassy 2
2022-12-18,74.0,Sedang,12,6,28.0,82.8,5.9,27.0,20.2,4.852,bundaran hi
2022-12-18,73.0,Sedang,12,6,27.8,83.6,5.9,27.0,20.2,1.929,jagakarsa
2022-12-18,69.0,Sedang,12,6,27.9,83.5,5.9,27.0,20.2,2.639,kebun jeruk
2022-12-18,76.0,Sedang,12,6,28.0,83.6,6.1,29.2,20.6,1.91,kelapa gading
2022-12-18,87.0,Sedang,12,6,27.9,83.4,6.0,29.2,20.6,2.665,lubang buaya
2022-12-18,89.71075112581697,Sedang,12,6,28.000000000000004,82.8,3.6,16.8,20.2,0.196,us embassy 1
2022-12-18,89.25958397657193,Sedang,12,6,27.9,83.2,5.9,27.0,20.2,3.51,us embassy 2
2022-12-19,74.0,Sedang,12,0,28.1,79.3,6.2,23.8,18.7,0.0,bundaran hi
2022-12-19,73.0,Sedang,12,0,27.9,80.7,6.1,23.8,18.7,0.0,jagakarsa
2022-12-19,69.0,Sedang,12,0,28.1,80.3,6.7,23.8,18.7,0.0,kebun jeruk
2022-12-19,76.0,Sedang,12,0,28.1,80.3,6.3,25.2,20.5,0.0,kelapa gading
2022-12-19,87.0,Sedang,12,0,28.0,80.6,5.8,25.2,20.5,0.0,lubang buaya
2022-12-19,88.32703610681665,Sedang,12,0,28.111111111111107,79.2,3.9,14.8,18.7,0.0,us embassy 1
2022-12-19,83.34939617637791,Sedang,12,0,28.1,80.0,6.3,23.8,18.7,0.0,us embassy 2
2022-12-20,83.41666666666667,Sedang,12,1,27.8,81.5,6.1,28.4,20.0,0.036,bundaran hi
2022-12-20,74.375,Sedang,12,1,27.5,83.0,6.0,28.4,20.0,1.527,jagakarsa
2022-12-20,70.16666666666667,Sedang,12,1,27.7,82.2,6.4,28.4,20.0,0.379,kebun jeruk
2022-12-20,85.375,Sedang,12,1,27.8,82.5,6.1,26.3,20.0,0.798,kelapa gading
2022-12-20,115.45833333333333,Tidak Sehat,12,1,27.7,83.1,5.8,26.3,20.0,1.097,lubang buaya
2022-12-20,94.89281075870646,Sedang,12,1,27.77777777777778,81.4,3.8,17.7,20.0,0.0,us embassy 1
2022-12-20,97.67500163514016,Sedang,12,1,27.7,82.2,6.1,28.4,20.0,0.354,us embassy 2
2022-12-21,75.16666666666667,Sedang,12,2,28.0,83.1,5.5,38.9,21.0,0.97,bundaran hi
2022-12-21,66.91666666666667,Sedang,12,2,27.7,84.0,5.4,38.9,21.0,0.47,jagakarsa
2022-12-21,69.0,Sedang,12,2,27.9,83.7,5.8,38.9,21.0,0.527,kebun jeruk
2022-12-21,77.16666666666667,Sedang,12,2,28.0,83.3,5.7,38.9,21.2,0.382,kelapa gading
2022-12-21,89.66666666666667,Sedang,12,2,27.8,83.6,5.2,38.9,21.2,0.531,lubang buaya
2022-12-21,68.95649345347685,Sedang,12,2,28.000000000000004,83.1,3.4,24.2,21.0,0.039,us embassy 1
2022-12-21,81.0828957575116,Sedang,12,2,27.9,83.4,5.5,38.9,21.0,0.702,us embassy 2
2022-12-22,74.0,Sedang,12,3,26.8,85.8,6.1,34.6,13.5,26.777,bundaran hi
2022-12-22,73.0,Sedang,12,3,26.4,86.8,6.0,34.6,13.5,18.029,jagakarsa
2022-12-22,69.0,Sedang,12,3,26.7,86.0,6.4,34.6,13.5,21.399,kebun jeruk
2022-12-22,76.0,Sedang,12,3,26.7,86.5,6.0,37.4,14.0,24.219,kelapa gading
2022-12-22,87.0,Sedang,12,3,26.5,87.1,5.8,37.4,14.0,22.199,lubang buaya
2022-12-22,63.9857569754692,Sedang,12,3,26.77777777777778,85.7,3.8,21.5,13.5,1.062,us embassy 1
2022-12-22,70.52566023355989,Sedang,12,3,26.7,86.2,6.1,34.6,13.5,23.766,us embassy 2
2022-12-23,74.0,Sedang,12,4,26.9,86.4,6.8,33.5,11.1,14.598,bundaran hi
2022-12-23,73.0,Sedang,12,4,26.6,87.1,6.8,33.5,11.1,8.486,jagakarsa
2022-12-23,69.0,Sedang,12,4,26.8,87.2,7.1,33.5,11.1,9.167,kebun jeruk
2022-12-23,76.0,Sedang,12,4,26.9,86.6,6.8,36.7,12.1,6.008,kelapa gading
2022-12-23,87.0,Sedang,12,4,26.8,86.7,6.7,36.7,12.1,9.129,lubang buaya
2022-12-23,45.251063050861994,Baik,12,4,26.888888888888893,86.4,4.2,20.8,11.1,0.588,us embassy 1
2022-12-23,49.982647600651326,Baik,12,4,26.8,86.8,6.9,33.5,11.1,11.35,us embassy 2
2022-12-24,74.0,Sedang,12,5,27.5,84.9,5.8,31.7,17.5,0.978,bundaran hi
2022-12-24,73.0,Sedang,12,5,27.4,85.0,5.8,31.7,17.5,0.934,jagakarsa
2022-12-24,69.0,Sedang,12,5,27.5,84.8,5.8,31.7,17.5,0.729,kebun jeruk
2022-12-24,76.0,Sedang,12,5,27.7,84.4,5.9,36.4,17.2,0.433,kelapa gading
2022-12-24,87.0,Sedang,12,5,27.5,84.8,5.8,36.4,17.2,0.765,lubang buaya
2022-12-24,64.03541200603482,Sedang,12,5,27.555555555555557,84.9,3.6,19.7,17.5,0.039,us embassy 1
2022-12-24,71.5463164947924,Sedang,12,5,27.5,84.8,5.8,31.7,17.5,0.842,us embassy 2
2022-12-25,74.0,Sedang,12,6,26.1,89.8,5.6,35.6,10.4,15.128,bundaran hi
2022-12-25,73.0,Sedang,12,6,25.9,90.8,5.6,35.6,10.4,15.66,jagakarsa
2022-12-25,69.0,Sedang,12,6,26.0,90.5,5.6,35.6,10.4,13.817,kebun jeruk
2022-12-25,76.0,Sedang,12,6,26.2,90.1,5.7,38.2,10.5,13.728,kelapa gading
2022-12-25,87.0,Sedang,12,6,26.0,90.4,5.6,38.2,10.5,14.841,lubang buaya
2022-12-25,63.54270619922397,Sedang,12,6,26.166666666666664,89.8,3.5,22.1,10.4,0.597,us embassy 1
2022-12-25,69.78271638173977,Sedang,12,6,26.1,90.2,5.6,35.6,10.4,14.615,us embassy 2
2022-12-26,62.375,Sedang,12,0,25.8,91.3,5.1,38.9,10.3,7.585,bundaran hi
2022-12-26,61.916666666666664,Sedang,12,0,25.5,92.3,4.9,38.9,10.3,12.328,jagakarsa
2022-12-26,25.875,Baik,12,0,25.7,92.4,5.1,38.9,10.3,9.238,kebun jeruk
2022-12-26,66.16666666666667,Sedang,12,0,25.8,91.6,5.1,40.3,10.5,5.007,kelapa gading
2022-12-26,69.125,Sedang,12,0,25.6,91.9,4.9,40.3,10.5,8.845,lubang buaya
2022-12-26,52.85936219282442,Sedang,12,0,25.777777777777786,91.3,3.2,24.2,10.3,0.287,us embassy 1
2022-12-26,56.82474931357541,Sedang,12,0,25.7,91.8,5.0,38.9,10.3,8.944,us embassy 2
2022-12-27,42.833333333333336,Baik,12,1,25.6,85.8,6.1,38.5,13.7,1.473,bundaran hi
2022-12-27,33.666666666666664,Baik,12,1,25.3,86.9,6.2,38.5,13.7,4.393,jagakarsa
2022-12-27,0.0,Baik,12,1,25.5,86.9,6.6,38.5,13.7,1.736,kebun jeruk
2022-12-27,47.0,Baik,12,1,25.6,86.3,6.1,41.0,14.6,0.958,kelapa gading
2022-12-27,48.916666666666664,Baik,12,1,25.5,86.3,5.9,41.0,14.6,2.541,lubang buaya
2022-12-27,55.93433863955551,Sedang,12,1,25.666666666666668,85.7,3.8,23.9,13.7,0.056,us embassy 1
2022-12-27,57.41165573232225,Sedang,12,1,25.6,86.3,6.2,38.5,13.7,1.813,us embassy 2
2022-12-28,44.708333333333336,Baik,12,2,25.3,89.1,5.6,48.2,11.1,22.931,bundaran hi
2022-12-28,60.375,Sedang,12,2,25.0,90.5,5.5,48.2,11.1,24.788,jagakarsa
2022-12-28,0.0,Baik,12,2,25.1,90.6,5.8,48.2,11.1,23.406,kebun jeruk
2022-12-28,46.625,Baik,12,2,25.3,89.9,5.6,52.9,12.6,20.022,kelapa gading
2022-12-28,57.875,Sedang,12,2,25.2,90.2,5.4,52.9,12.6,23.054,lubang buaya
2022-12-28,47.39652461974984,Baik,12,2,25.33333333333333,89.1,3.5,30.0,11.1,0.905,us embassy 1
2022-12-28,52.00656532697565,Sedang,12,2,25.3,89.9,5.6,48.2,11.1,23.056,us embassy 2
2022-12-29,31.625,Baik,12,3,26.0,86.9,6.6,45.4,10.1,10.958,bundaran hi
2022-12-29,36.25,Baik,12,3,25.8,88.0,6.7,45.4,10.1,10.599,jagakarsa
2022-12-29,2.875,Baik,12,3,26.0,87.5,7.1,45.4,10.1,10.704,kebun jeruk
2022-12-29,31.0,Baik,12,3,26.0,87.2,6.7,49.3,11.5,9.806,kelapa gading
2022-12-29,43.916666666666664,Baik,12,3,25.9,87.8,6.5,49.3,11.5,10.525,lubang buaya
2022-12-29,39.581523803719826,Baik,12,3,26.0,86.9,4.1,28.2,10.1,0.433,us embassy 1
2022-12-29,43.58981391619193,Baik,12,3,26.0,87.3,6.7,45.4,10.1,10.7,us embassy 2
2022-12-30,52.5,Sedang,12,4,26.1,90.8,5.5,42.1,11.4,2.396,bundaran hi
2022-12-30,54.625,Sedang,12,4,25.8,91.9,5.2,42.1,11.4,6.532,jagakarsa
2022-12-30,0.0,Baik,12,4,26.1,91.6,5.4,42.1,11.4,3.831,kebun jeruk
2022-12-30,52.0,Sedang,12,4,26.1,91.1,5.4,44.3,11.7,4.021,kelapa gading
2022-12-30,61.833333333333336,Sedang,12,4,26.0,91.5,5.2,44.3,11.7,5.165,lubang buaya
2022-12-30,50.68145361215969,Sedang,12,4,26.166666666666664,90.8,3.4,26.2,11.4,0.091,us embassy 1
2022-12-30,55.802067880139994,Sedang,12,4,26.1,91.3,5.4,42.1,11.4,3.416,us embassy 2
2022-12-31,65.20833333333333,Sedang,12,5,25.7,89.8,6.3,59.4,15.3,9.812,bundaran hi
2022-12-31,68.5,Sedang,12,5,25.4,90.7,6.2,59.4,15.3,19.025,jagakarsa
2022-12-31,0.0,Baik,12,5,25.6,90.3,6.3,59.4,15.3,15.676,kebun jeruk
2022-12-31,58.875,Sedang,12,5,25.7,89.8,6.4,59.4,15.5,24.772,kelapa gading
2022-12-31,7.75,Baik,12,5,25.5,90.2,6.3,59.4,15.5,17.938,lubang buaya
2022-12-31,65.57833062893577,Sedang,12,5,25.72222222222222,89.8,3.9,36.9,15.3,0.367,us embassy 1
2022-12-31,74.73796727617429,Sedang,12,5,25.6,90.1,6.3,59.4,15.3,14.229,us embassy 2
2023-01-01,58.25,Sedang,1,6,25.8,91.0,6.0,41.8,16.4,48.585,bundaran hi
2023-01-01,50.666666666666664,Sedang,1,6,25.5,92.1,6.0,41.8,16.4,71.625,jagakarsa
2023-01-01,0.0,Baik,1,6,25.7,91.8,6.0,41.8,16.4,70.345,kebun jeruk
2023-01-01,60.0,Sedang,1,6,25.8,91.6,5.9,44.6,17.1,115.222,kelapa gading
2023-01-01,34.125,Baik,1,6,25.6,91.7,6.0,44.6,17.1,78.077,lubang buaya
2023-01-01,58.208342627765454,Sedang,1,6,25.777777777777786,91.0,3.7,25.9,16.4,1.83,us embassy 1
2023-01-01,63.35159553163325,Sedang,1,6,25.7,91.5,6.0,41.8,16.4,64.658,us embassy 2
2023-01-02,44.625,Baik,1,0,27.0,84.8,6.2,39.6,19.0,0.516,bundaran hi
2023-01-02,42.333333333333336,Baik,1,0,26.7,86.2,6.2,39.6,19.0,0.569,jagakarsa
2023-01-02,0.0,Baik,1,0,26.9,85.5,6.6,39.6,19.0,0.507,kebun jeruk
2023-01-02,47.708333333333336,Baik,1,0,26.9,85.9,6.2,44.3,20.0,1.034,kelapa gading
2023-01-02,53.25,Sedang,1,0,26.8,85.9,6.0,44.3,20.0,0.708,lubang buaya
2023-01-02,49.58702610868054,Baik,1,0,27.0,84.7,3.8,24.6,19.0,0.02,us embassy 1
2023-01-02,58.90765544981672,Sedang,1,0,26.9,85.4,6.3,39.6,19.0,0.562,us embassy 2
2023-01-03,36.375,Baik,1,1,26.1,86.8,6.4,45.0,13.7,0.014,bundaran hi
2023-01-03,32.875,Baik,1,1,25.7,88.6,6.3,45.0,13.7,0.597,jagakarsa
2023-01-03,0.0,Baik,1,1,26.0,87.4,6.9,45.0,13.7,0.258,kebun jeruk
2023-01-03,33.5,Baik,1,1,26.1,87.6,6.5,46.8,14.7,0.213,kelapa gading
2023-01-03,46.5,Baik,1,1,25.8,88.9,6.0,46.8,14.7,0.298,lubang buaya
2023-01-03,51.11561680093937,Sedang,1,1,26.166666666666664,86.7,4.0,28.0,13.7,0.0,us embassy 1
2023-01-03,50.46729454074719,Sedang,1,1,26.0,87.6,6.5,45.0,13.7,0.179,us embassy 2
2023-01-04,38.083333333333336,Baik,1,2,26.3,87.1,5.6,40.0,12.5,8.901,bundaran hi
2023-01-04,39.833333333333336,Baik,1,2,26.0,87.8,5.4,40.0,12.5,5.598,jagakarsa
2023-01-04,0.0,Baik,1,2,26.3,87.0,5.6,40.0,12.5,6.391,kebun jeruk
2023-01-04,41.25,Baik,1,2,26.3,87.1,5.7,41.8,13.4,5.566,kelapa gading
2023-01-04,45.25,Baik,1,2,25.9,88.6,5.2,41.8,13.4,6.775,lubang buaya
2023-01-04,44.282642526828404,Baik,1,2,26.27777777777778,87.0,3.5,24.8,12.5,0.356,us embassy 1
2023-01-04,47.63446486405267,Baik,1,2,26.2,87.4,5.5,40.0,12.5,7.386,us embassy 2
2023-01-05,57.583333333333336,Sedang,1,3,27.3,81.8,6.7,31.7,18.8,29.93,bundaran hi
2023-01-05,61.0,Sedang,1,3,27.0,82.1,6.8,31.7,18.8,24.494,jagakarsa
2023-01-05,20.125,Baik,1,3,27.2,82.3,6.9,31.7,18.8,26.356,kebun jeruk
2023-01-05,60.25,Sedang,1,3,27.3,82.2,6.6,33.8,19.7,30.844,kelapa gading
2023-01-05,67.20833333333333,Sedang,1,3,27.1,81.8,6.5,33.8,19.7,27.517,lubang buaya
2023-01-05,61.121150777287546,Sedang,1,3,27.27777777777777,81.8,4.2,19.7,18.8,1.18,us embassy 1
2023-01-05,50.44269331827601,Sedang,1,3,27.2,82.0,6.7,31.7,18.8,28.234,us embassy 2
2023-01-06,48.291666666666664,Baik,1,4,28.9,70.8,6.9,35.3,18.5,0.039,bundaran hi
2023-01-06,71.70833333333333,Sedang,1,4,28.5,71.8,7.0,35.3,18.5,0.339,jagakarsa
2023-01-06,0.0,Baik,1,4,28.7,72.4,7.4,35.3,18.5,0.302,kebun jeruk
2023-01-06,46.0,Baik,1,4,28.8,71.4,7.0,34.2,18.3,1.11,kelapa gading
2023-01-06,67.125,Sedang,1,4,28.7,70.3,6.7,34.2,18.3,0.505,lubang buaya
2023-01-06,52.098018450874,Sedang,1,4,28.88888888888889,70.8,4.3,21.9,18.5,0.0,us embassy 1
2023-01-06,69.1078673524744,Sedang,1,4,28.8,71.3,7.0,35.3,18.5,0.261,us embassy 2
2023-01-07,41.541666666666664,Baik,1,5,28.9,74.8,7.9,40.7,20.3,0.001,bundaran hi
2023-01-07,67.5,Sedang,1,5,28.5,76.4,8.5,40.7,20.3,0.132,jagakarsa
2023-01-07,0.0,Baik,1,5,28.7,75.9,8.4,40.7,20.3,0.02,kebun jeruk
2023-01-07,40.958333333333336,Baik,1,5,28.8,75.8,8.4,40.7,21.0,0.013,kelapa gading
2023-01-07,64.04166666666667,Sedang,1,5,28.6,75.8,8.3,40.7,21.0,0.079,lubang buaya
2023-01-07,36.05580167335179,Baik,1,5,28.88888888888889,74.7,4.9,25.3,20.3,0.0,us embassy 1
2023-01-07,57.55955676401711,Sedang,1,5,28.7,75.5,8.2,40.7,20.3,0.02,us embassy 2
2023-01-08,45.916666666666664,Baik,1,6,27.5,82.0,6.8,46.4,19.9,0.173,bundaran hi
2023-01-08,63.958333333333336,Sedang,1,6,27.0,83.9,7.0,46.4,19.9,2.453,jagakarsa
2023-01-08,0.0,Baik,1,6,27.2,83.4,7.0,46.4,19.9,2.361,kebun jeruk
2023-01-08,55.5,Sedang,1,6,27.4,83.1,7.0,46.4,20.6,2.544,kelapa gading
2023-01-08,60.625,Sedang,1,6,27.2,83.2,7.0,46.4,20.6,1.991,lubang buaya
2023-01-08,42.74567577940385,Baik,1,6,27.5,81.9,4.2,28.9,19.9,0.002,us embassy 1
2023-01-08,42.59043081523064,Baik,1,6,27.3,82.9,6.9,46.4,19.9,1.381,us embassy 2
2023-01-09,40.833333333333336,Baik,1,0,28.6,75.3,7.2,28.8,19.7,0.0,bundaran hi
2023-01-09,71.125,Sedang,1,0,28.2,76.7,7.5,28.8,19.7,0.106,jagakarsa
2023-01-09,0.0,Baik,1,0,28.4,77.6,7.8,28.8,19.7,0.003,kebun jeruk
2023-01-09,48.291666666666664,Baik,1,0,28.5,76.3,7.3,29.9,20.0,0.002,kelapa gading
2023-01-09,67.25,Sedang,1,0,28.4,75.2,7.0,29.9,20.0,0.011,lubang buaya
2023-01-09,38.3985371944498,Baik,1,0,28.55555555555556,75.3,4.5,17.9,19.7,0.0,us embassy 1
2023-01-09,48.99791977362852,Baik,1,0,28.5,76.1,7.4,28.8,19.7,0.003,us embassy 2
2023-01-10,45.291666666666664,Baik,1,1,29.1,71.3,7.0,31.7,15.8,0.0,bundaran hi
2023-01-10,65.875,Sedang,1,1,28.7,72.9,7.4,31.7,15.8,0.0,jagakarsa
2023-01-10,0.0,Baik,1,1,28.9,73.2,7.7,31.7,15.8,0.0,kebun jeruk
2023-01-10,52.041666666666664,Sedang,1,1,29.0,72.4,7.2,31.7,15.9,0.0,kelapa gading
2023-01-10,63.0,Sedang,1,1,28.9,71.9,6.9,31.7,15.9,0.0,lubang buaya
2023-01-10,50.60545107653605,Sedang,1,1,29.11111111111111,71.2,4.4,19.7,15.8,0.0,us embassy 1
2023-01-10,73.13156914016479,Sedang,1,1,29.0,72.1,7.3,31.7,15.8,0.0,us embassy 2
2023-01-11,57.125,Sedang,1,2,28.6,72.2,7.0,19.8,20.5,0.003,bundaran hi
2023-01-11,22.75,Baik,1,2,28.2,73.1,7.0,19.8,20.5,0.353,jagakarsa
2023-01-11,0.0,Baik,1,2,28.3,73.3,7.4,19.8,20.5,0.053,kebun jeruk
2023-01-11,58.791666666666664,Sedang,1,2,28.5,72.4,7.0,20.2,20.6,0.035,kelapa gading
2023-01-11,71.45833333333333,Sedang,1,2,28.6,71.5,6.6,20.2,20.6,0.211,lubang buaya
2023-01-11,53.450805876260866,Sedang,1,2,28.61111111111111,72.2,4.3,12.3,20.5,0.0,us embassy 1
2023-01-11,76.63627269929205,Sedang,1,2,28.5,72.4,7.0,19.8,20.5,0.053,us embassy 2
2023-01-12,70.70833333333333,Sedang,1,3,28.8,73.3,6.5,17.6,25.2,0.0,bundaran hi
2023-01-12,62.75,Sedang,1,3,28.4,74.8,6.6,17.6,25.2,0.0,jagakarsa
2023-01-12,0.0,Baik,1,3,28.6,74.7,7.2,17.6,25.2,0.0,kebun jeruk
2023-01-12,84.83333333333333,Sedang,1,3,28.8,74.1,6.6,17.6,25.2,0.0,kelapa gading
2023-01-12,113.45833333333333,Tidak Sehat,1,3,28.7,74.3,6.1,17.6,25.2,0.0,lubang buaya
2023-01-12,74.02641785481208,Sedang,1,3,28.83333333333333,73.3,4.1,11.0,25.2,0.0,us embassy 1
2023-01-12,63.66396660550614,Sedang,1,3,28.7,74.0,6.6,17.6,25.2,0.0,us embassy 2
2023-01-13,73.75,Sedang,1,4,28.5,77.3,6.4,25.2,22.1,0.008,bundaran hi
2023-01-13,73.75,Sedang,1,4,28.0,78.0,6.3,25.2,22.1,0.468,jagakarsa
2023-01-13,63.25,Sedang,1,4,28.3,78.2,6.8,25.2,22.1,0.26,kebun jeruk
2023-01-13,76.66666666666667,Sedang,1,4,28.4,76.9,6.4,24.1,22.2,0.054,kelapa gading
2023-01-13,90.75,Sedang,1,4,28.1,76.9,6.0,24.1,22.2,0.195,lubang buaya
2023-01-13,75.93940507121188,Sedang,1,4,28.5,77.3,4.0,15.7,22.1,0.0,us embassy 1
2023-01-13,76.54320485533925,Sedang,1,4,28.3,77.4,6.4,25.2,22.1,0.153,us embassy 2
2023-01-14,74.0,Sedang,1,5,28.9,74.4,6.8,20.5,23.6,0.0,bundaran hi
2023-01-14,73.0,Sedang,1,5,28.5,75.4,7.0,20.5,23.6,0.0,jagakarsa
2023-01-14,69.0,Sedang,1,5,28.7,75.0,7.0,20.5,23.6,0.0,kebun jeruk
2023-01-14,76.0,Sedang,1,5,28.9,74.8,7.1,22.3,23.6,0.0,kelapa gading
2023-01-14,87.0,Sedang,1,5,28.7,75.0,7.0,22.3,23.6,0.0,lubang buaya
2023-01-14,74.95603248264531,Sedang,1,5,28.88888888888889,74.4,4.2,12.8,23.6,0.0,us embassy 1
2023-01-14,80.6099296043773,Sedang,1,5,28.8,74.8,6.9,20.5,23.6,0.0,us embassy 2
2023-01-15,74.0,Sedang,1,6,29.0,72.8,8.1,26.3,22.8,0.0,bundaran hi
2023-01-15,73.0,Sedang,1,6,28.5,74.3,8.5,26.3,22.8,0.0,jagakarsa
2023-01-15,69.0,Sedang,1,6,28.7,73.8,8.5,26.3,22.8,0.0,kebun jeruk
2023-01-15,76.0,Sedang,1,6,28.9,73.6,8.3,23.4,23.5,0.0,kelapa gading
2023-01-15,87.0,Sedang,1,6,28.7,73.7,8.4,23.4,23.5,0.0,lubang buaya
2023-01-15,61.55470621308694,Sedang,1,6,29.0,72.8,5.0,16.3,22.8,0.0,us embassy 1
2023-01-15,64.85531681678997,Sedang,1,6,28.8,73.4,8.3,26.3,22.8,0.0,us embassy 2
2023-01-16,74.0,Sedang,1,0,28.3,75.0,6.7,29.5,20.1,0.0,bundaran hi
2023-01-16,73.0,Sedang,1,0,27.9,76.8,6.7,29.5,20.1,0.177,jagakarsa
2023-01-16,69.0,Sedang,1,0,28.0,77.1,7.2,29.5,20.1,0.0,kebun jeruk
2023-01-16,76.0,Sedang,1,0,28.2,76.1,6.9,29.9,21.3,0.0,kelapa gading
2023-01-16,87.0,Sedang,1,0,28.1,76.0,6.4,29.9,21.3,0.0,lubang buaya
2023-01-16,46.29992147081623,Baik,1,0,28.277777777777786,75.0,4.2,18.3,20.1,0.0,us embassy 1
2023-01-16,50.79187796309071,Sedang,1,0,28.1,75.9,6.8,29.5,20.1,0.0,us embassy 2
2023-01-17,74.0,Sedang,1,1,26.9,82.8,6.5,31.0,13.7,0.001,bundaran hi
2023-01-17,73.0,Sedang,1,1,26.6,84.1,6.7,31.0,13.7,0.266,jagakarsa
2023-01-17,69.0,Sedang,1,1,26.6,84.8,6.9,31.0,13.7,0.012,kebun jeruk
2023-01-17,76.0,Sedang,1,1,26.9,83.3,6.7,33.8,14.4,0.008,kelapa gading
2023-01-17,87.0,Sedang,1,1,26.8,82.9,6.5,33.8,14.4,0.048,lubang buaya
2023-01-17,35.08535811470134,Baik,1,1,26.888888888888893,82.8,4.1,19.2,13.7,0.0,us embassy 1
2023-01-17,53.61918016102621,Sedang,1,1,26.8,83.5,6.6,31.0,13.7,0.012,us embassy 2
2023-01-18,74.125,Sedang,1,2,27.1,81.5,5.3,23.0,13.1,0.025,bundaran hi
2023-01-18,77.16666666666667,Sedang,1,2,26.7,83.2,5.1,23.0,13.1,1.82,jagakarsa
2023-01-18,37.375,Baik,1,2,27.1,82.9,5.5,23.0,13.1,0.761,kebun jeruk
2023-01-18,72.95833333333333,Sedang,1,2,27.1,82.6,5.4,25.2,12.7,0.171,kelapa gading
2023-01-18,84.375,Sedang,1,2,26.9,82.2,5.0,25.2,12.7,0.696,lubang buaya
2023-01-18,47.90880120730359,Baik,1,2,27.16666666666667,81.5,3.3,14.3,13.1,0.0,us embassy 1
2023-01-18,73.95160882561107,Sedang,1,2,27.0,82.2,5.3,23.0,13.1,0.51,us embassy 2
2023-01-19,67.20833333333333,Sedang,1,3,27.2,83.6,6.1,25.6,13.9,3.489,bundaran hi
2023-01-19,66.29166666666667,Sedang,1,3,27.0,84.8,6.0,25.6,13.9,2.166,jagakarsa
2023-01-19,0.0,Baik,1,3,27.1,85.0,6.1,25.6,13.9,2.597,kebun jeruk
2023-01-19,66.66666666666667,Sedang,1,3,27.2,84.3,6.1,30.2,15.1,3.937,kelapa gading
2023-01-19,82.79166666666667,Sedang,1,3,27.1,84.3,5.8,30.2,15.1,3.035,lubang buaya
2023-01-19,78.82425454839981,Sedang,1,3,27.27777777777777,83.6,3.8,15.9,13.9,0.138,us embassy 1
2023-01-19,77.37640308604654,Sedang,1,3,27.2,84.3,6.0,25.6,13.9,3.087,us embassy 2
2023-01-20,57.75,Sedang,1,4,27.8,78.2,6.8,30.6,18.9,0.037,bundaran hi
2023-01-20,78.33333333333333,Sedang,1,4,27.4,79.6,6.9,30.6,18.9,0.635,jagakarsa
2023-01-20,5.75,Baik,1,4,27.6,79.5,7.3,30.6,18.9,0.814,kebun jeruk
2023-01-20,57.916666666666664,Sedang,1,4,27.7,78.7,7.0,32.0,19.0,0.617,kelapa gading
2023-01-20,67.04166666666667,Sedang,1,4,27.6,78.6,6.5,32.0,19.0,0.519,lubang buaya
2023-01-20,57.745598997238396,Sedang,1,4,27.77777777777778,78.2,4.2,19.0,18.9,0.0,us embassy 1
2023-01-20,62.00280972643262,Sedang,1,4,27.7,78.8,6.9,30.6,18.9,0.417,us embassy 2
2023-01-21,57.625,Sedang,1,5,27.8,78.6,7.3,32.8,20.2,0.026,bundaran hi
2023-01-21,68.95833333333333,Sedang,1,5,27.4,80.3,7.4,32.8,20.2,0.64,jagakarsa
2023-01-21,0.0,Baik,1,5,27.6,79.9,7.4,32.8,20.2,0.906,kebun jeruk
2023-01-21,58.541666666666664,Sedang,1,5,27.8,79.4,7.5,34.2,21.6,0.162,kelapa gading
2023-01-21,69.875,Sedang,1,5,27.6,79.7,7.4,34.2,21.6,0.403,lubang buaya
2023-01-21,54.80928200424916,Sedang,1,5,27.83333333333333,78.5,4.5,20.4,20.2,0.0,us embassy 1
2023-01-21,55.956233222373584,Sedang,1,5,27.7,79.3,7.4,32.8,20.2,0.401,us embassy 2
2023-01-22,50.166666666666664,Sedang,1,6,28.1,78.4,7.7,35.6,15.1,0.4,bundaran hi
2023-01-22,65.16666666666667,Sedang,1,6,27.6,80.2,8.1,35.6,15.1,0.035,jagakarsa
2023-01-22,0.0,Baik,1,6,27.8,79.8,8.0,35.6,15.1,0.005,kebun jeruk
2023-01-22,55.625,Sedang,1,6,27.9,79.6,8.0,35.6,15.5,0.004,kelapa gading
2023-01-22,71.41666666666667,Sedang,1,6,27.8,79.6,8.0,35.6,15.5,0.021,lubang buaya
2023-01-22,55.398117944546264,Sedang,1,6,28.05555555555556,78.3,4.7,22.1,15.1,0.016,us embassy 1
2023-01-22,54.4566901003993,Sedang,1,6,27.9,79.2,7.9,35.6,15.1,0.005,us embassy 2
2023-01-23,28.25,Baik,1,0,28.1,77.3,7.8,35.6,14.9,0.004,bundaran hi
2023-01-23,53.375,Sedang,1,0,27.7,79.8,8.1,35.6,14.9,0.345,jagakarsa
2023-01-23,0.0,Baik,1,0,27.9,79.1,8.0,35.6,14.9,0.052,kebun jeruk
2023-01-23,49.583333333333336,Baik,1,0,28.1,78.6,8.0,35.6,16.9,0.035,kelapa gading
2023-01-23,51.208333333333336,Sedang,1,0,27.9,78.8,8.0,35.6,16.9,0.207,lubang buaya
2023-01-23,36.38458912119349,Baik,1,0,28.111111111111107,77.3,4.8,22.1,14.9,0.0,us embassy 1
2023-01-23,34.66744308150499,Baik,1,0,28.0,78.4,7.9,35.6,14.9,0.052,us embassy 2
2023-01-24,40.708333333333336,Baik,1,1,28.3,77.4,7.1,38.2,19.4,0.008,bundaran hi
2023-01-24,36.666666666666664,Baik,1,1,27.9,79.1,7.3,38.2,19.4,0.609,jagakarsa
2023-01-24,5.75,Baik,1,1,28.1,79.3,7.3,38.2,19.4,0.192,kebun jeruk
2023-01-24,50.625,Sedang,1,1,28.3,78.1,7.4,37.4,20.3,0.073,kelapa gading
2023-01-24,47.833333333333336,Baik,1,1,28.1,78.3,7.2,37.4,20.3,0.367,lubang buaya
2023-01-24,39.42560246345905,Baik,1,1,28.33333333333333,77.4,4.4,23.7,19.4,0.0,us embassy 1
2023-01-24,38.11336645491779,Baik,1,1,28.2,78.2,7.2,38.2,19.4,0.13,us embassy 2
2023-01-25,42.458333333333336,Baik,1,2,26.3,82.9,6.9,43.9,9.7,0.027,bundaran hi
2023-01-25,30.291666666666668,Baik,1,2,26.0,84.2,7.2,43.9,9.7,1.116,jagakarsa
2023-01-25,0.0,Baik,1,2,26.2,84.1,7.4,43.9,9.7,0.563,kebun jeruk
2023-01-25,44.208333333333336,Baik,1,2,26.3,83.1,7.1,42.8,9.9,0.519,kelapa gading
2023-01-25,49.458333333333336,Baik,1,2,26.1,83.1,6.9,42.8,9.9,0.583,lubang buaya
2023-01-25,45.356945393752305,Baik,1,2,26.333333333333336,82.9,4.3,27.3,9.7,0.0,us embassy 1
2023-01-25,57.79764471681321,Sedang,1,2,26.2,83.3,7.1,43.9,9.7,0.302,us embassy 2
2023-01-26,51.75,Sedang,1,3,27.6,81.9,6.5,27.0,17.0,27.109,bundaran hi
2023-01-26,58.958333333333336,Sedang,1,3,27.4,82.5,6.6,27.0,17.0,11.76,jagakarsa
2023-01-26,5.75,Baik,1,3,27.5,82.7,6.8,27.0,17.0,15.073,kebun jeruk
2023-01-26,49.5,Baik,1,3,27.7,81.9,6.6,31.3,16.7,10.949,kelapa gading
2023-01-26,63.416666666666664,Sedang,1,3,27.6,81.8,6.3,31.3,16.7,16.243,lubang buaya
2023-01-26,53.31606704676749,Sedang,1,3,27.555555555555557,81.9,4.0,16.8,17.0,1.093,us embassy 1
2023-01-26,57.53426910605444,Sedang,1,3,27.6,82.1,6.5,27.0,17.0,19.997,us embassy 2
2023-01-27,55.75,Sedang,1,4,27.2,84.7,6.6,32.0,17.9,0.136,bundaran hi
2023-01-27,74.45833333333333,Sedang,1,4,26.9,86.6,6.6,32.0,17.9,1.554,jagakarsa
2023-01-27,0.0,Baik,1,4,27.0,86.4,6.8,32.0,17.9,1.448,kebun jeruk
2023-01-27,54.583333333333336,Sedang,1,4,27.1,86.0,6.4,32.0,17.1,3.51,kelapa gading
2023-01-27,66.95833333333333,Sedang,1,4,27.0,86.2,6.4,32.0,17.1,1.762,lubang buaya
2023-01-27,57.628926046174875,Sedang,1,4,27.22222222222222,84.6,4.1,19.9,17.9,0.001,us embassy 1
2023-01-27,64.5952770100441,Sedang,1,4,27.1,85.7,6.6,32.0,17.9,1.047,us embassy 2
2023-01-28,48.416666666666664,Baik,1,5,25.6,93.8,5.3,26.6,12.3,42.781,bundaran hi
2023-01-28,70.16666666666667,Sedang,1,5,25.5,94.1,5.1,26.6,12.3,35.435,jagakarsa
2023-01-28,0.0,Baik,1,5,25.6,93.9,5.2,26.6,12.3,38.31,kebun jeruk
2023-01-28,49.833333333333336,Baik,1,5,25.6,93.8,5.2,28.1,11.4,39.463,kelapa gading
2023-01-28,68.83333333333333,Sedang,1,5,25.5,93.9,5.2,28.1,11.4,39.105,lubang buaya
2023-01-28,53.61262836940495,Sedang,1,5,25.611111111111107,93.8,3.3,16.6,12.3,1.691,us embassy 1
2023-01-28,63.76447476924606,Sedang,1,5,25.6,93.9,5.2,26.6,12.3,40.059,us embassy 2
2023-01-29,59.625,Sedang,1,6,27.1,86.6,6.3,31.7,9.1,10.822,bundaran hi
2023-01-29,75.41666666666667,Sedang,1,6,26.9,87.2,6.3,31.7,9.1,6.946,jagakarsa
2023-01-29,0.0,Baik,1,6,27.0,86.9,6.4,31.7,9.1,8.728,kebun jeruk
2023-01-29,60.125,Sedang,1,6,27.1,86.6,6.3,31.7,8.2,6.852,kelapa gading
2023-01-29,81.08333333333333,Sedang,1,6,27.0,86.9,6.3,31.7,8.2,8.083,lubang buaya
2023-01-29,62.19124431919067,Sedang,1,6,27.05555555555556,86.6,3.9,19.7,9.1,0.432,us embassy 1
2023-01-29,82.23756155644274,Sedang,1,6,27.0,86.8,6.3,31.7,9.1,9.304,us embassy 2
2023-01-30,61.208333333333336,Sedang,1,0,27.9,78.6,6.3,29.2,19.8,0.011,bundaran hi
2023-01-30,76.20833333333333,Sedang,1,0,27.5,79.9,6.4,29.2,19.8,0.802,jagakarsa
2023-01-30,23.0,Baik,1,0,27.8,79.5,6.7,29.2,19.8,0.242,kebun jeruk
2023-01-30,62.125,Sedang,1,0,27.9,79.1,6.5,33.5,19.9,0.095,kelapa gading
2023-01-30,72.79166666666667,Sedang,1,0,27.7,79.0,6.2,33.5,19.9,0.486,lubang buaya
2023-01-30,55.03529106998192,Sedang,1,0,27.88888888888889,78.6,3.9,18.1,19.8,0.0,us embassy 1
2023-01-30,63.474435138901406,Sedang,1,0,27.8,79.0,6.4,29.2,19.8,0.166,us embassy 2
2023-01-31,68.83333333333333,Sedang,1,1,27.5,82.2,6.0,33.1,19.7,0.015,bundaran hi
2023-01-31,89.5,Sedang,1,1,27.2,83.8,5.9,33.1,19.7,0.934,jagakarsa
2023-01-31,25.875,Baik,1,1,27.3,84.2,6.3,33.1,19.7,0.484,kebun jeruk
2023-01-31,66.625,Sedang,1,1,27.5,82.7,6.1,36.0,19.7,0.1,kelapa gading
2023-01-31,90.16666666666667,Sedang,1,1,27.4,82.6,5.6,36.0,19.7,0.316,lubang buaya
2023-01-31,67.25238644188255,Sedang,1,1,27.555555555555557,82.2,3.8,20.6,19.7,0.0,us embassy 1
2023-01-31,75.31751777616093,Sedang,1,1,27.5,82.9,6.0,33.1,19.7,0.229,us embassy 2
2023-02-01,73.58333333333333,Sedang,2,2,26.8,88.3,6.0,36.4,16.9,62.47,bundaran hi
2023-02-01,75.33333333333333,Sedang,2,2,26.6,88.7,5.9,36.4,16.9,42.451,jagakarsa
2023-02-01,63.25,Sedang,2,2,26.8,89.2,6.3,36.4,16.9,50.878,kebun jeruk
2023-02-01,74.91666666666667,Sedang,2,2,26.9,88.4,5.9,38.5,16.7,71.264,kelapa gading
2023-02-01,87.83333333333333,Sedang,2,2,26.8,88.0,5.6,38.5,16.7,58.671,lubang buaya
2023-02-01,63.31666491105386,Sedang,2,2,26.83333333333333,88.3,3.7,22.6,16.9,2.462,us embassy 1
2023-02-01,70.74058166139464,Sedang,2,2,26.8,88.5,6.0,36.4,16.9,57.583,us embassy 2
2023-02-02,74.0,Sedang,2,3,26.8,88.1,5.6,32.0,11.4,0.785,bundaran hi
2023-02-02,73.0,Sedang,2,3,26.7,88.1,5.5,32.0,11.4,0.481,jagakarsa
2023-02-02,69.0,Sedang,2,3,26.8,88.9,5.5,32.0,11.4,0.672,kebun jeruk
2023-02-02,76.0,Sedang,2,3,26.8,87.7,5.6,34.6,11.5,0.404,kelapa gading
2023-02-02,87.0,Sedang,2,3,26.7,87.7,5.5,34.6,11.5,0.579,lubang buaya
2023-02-02,59.187455713039384,Sedang,2,3,26.77777777777778,88.2,3.5,19.9,11.4,0.031,us embassy 1
2023-02-02,66.09936821104417,Sedang,2,3,26.8,88.2,5.5,32.0,11.4,0.683,us embassy 2
2023-02-03,74.0,Sedang,2,4,26.6,85.1,5.6,34.6,12.0,0.501,bundaran hi
2023-02-03,73.0,Sedang,2,4,26.4,85.3,5.6,34.6,12.0,10.4,jagakarsa
2023-02-03,69.0,Sedang,2,4,26.5,86.0,5.9,34.6,12.0,8.724,kebun jeruk
2023-02-03,76.0,Sedang,2,4,26.5,85.2,5.7,34.6,12.4,10.142,kelapa gading
2023-02-03,87.0,Sedang,2,4,26.5,84.6,5.4,34.6,12.4,7.68,lubang buaya
2023-02-03,53.048061859029104,Sedang,2,4,26.55555555555556,85.1,3.5,21.5,12.0,0.003,us embassy 1
2023-02-03,57.555451265198265,Sedang,2,4,26.5,85.3,5.6,34.6,12.0,5.293,us embassy 2
2023-02-04,71.58333333333333,Sedang,2,5,27.6,84.6,6.6,29.2,17.8,0.0,bundaran hi
2023-02-04,70.95833333333333,Sedang,2,5,27.3,85.2,6.7,29.2,17.8,0.0,jagakarsa
2023-02-04,40.25,Baik,2,5,27.5,85.1,6.7,29.2,17.8,0.0,kebun jeruk
2023-02-04,72.33333333333333,Sedang,2,5,27.6,84.6,6.9,33.1,17.5,0.0,kelapa gading
2023-02-04,82.16666666666667,Sedang,2,5,27.4,84.9,6.7,33.1,17.5,0.0,lubang buaya
2023-02-04,63.34266152068179,Sedang,2,5,27.555555555555557,84.6,4.1,18.1,17.8,0.0,us embassy 1
2023-02-04,70.63760575814518,Sedang,2,5,27.5,84.9,6.6,29.2,17.8,0.0,us embassy 2
2023-02-05,59.333333333333336,Sedang,2,6,28.6,73.5,7.2,39.6,20.5,0.975,bundaran hi
2023-02-05,62.916666666666664,Sedang,2,6,28.3,74.2,7.5,39.6,20.5,0.517,jagakarsa
2023-02-05,0.0,Baik,2,6,28.5,74.1,7.4,39.6,20.5,0.68,kebun jeruk
2023-02-05,57.375,Sedang,2,6,28.6,73.5,7.5,44.6,20.8,0.41,kelapa gading
2023-02-05,72.0,Sedang,2,6,28.4,73.8,7.4,44.6,20.8,0.606,lubang buaya
2023-02-05,62.681964433797766,Sedang,2,6,28.61111111111111,73.5,4.5,24.6,20.5,0.039,us embassy 1
2023-02-05,68.82563710214026,Sedang,2,6,28.5,73.8,7.4,39.6,20.5,0.773,us embassy 2
2023-02-06,52.5,Sedang,2,0,28.8,71.6,6.8,35.6,23.2,0.0,bundaran hi
2023-02-06,49.708333333333336,Baik,2,0,28.5,73.4,7.1,35.6,23.2,0.088,jagakarsa
2023-02-06,0.0,Baik,2,0,28.7,73.1,7.1,35.6,23.2,0.013,kebun jeruk
2023-02-06,52.0,Sedang,2,0,28.8,72.6,7.0,34.2,22.5,0.0,kelapa gading
2023-02-06,57.958333333333336,Sedang,2,0,28.6,73.1,6.8,34.2,22.5,0.053,lubang buaya
2023-02-06,54.3361991941298,Sedang,2,0,28.83333333333333,71.5,4.2,22.1,23.2,0.0,us embassy 1
2023-02-06,58.86435283416784,Sedang,2,0,28.7,72.5,6.9,35.6,23.2,0.0,us embassy 2
2023-02-07,51.333333333333336,Sedang,2,1,27.5,81.8,6.5,36.7,17.4,0.039,bundaran hi
2023-02-07,43.5,Baik,2,1,27.1,82.9,6.4,36.7,17.4,2.832,jagakarsa
2023-02-07,0.0,Baik,2,1,27.4,82.9,6.8,36.7,17.4,1.184,kebun jeruk
2023-02-07,50.75,Sedang,2,1,27.4,82.1,6.5,38.2,17.6,0.266,kelapa gading
2023-02-07,60.208333333333336,Sedang,2,1,27.2,82.3,6.1,38.2,17.6,1.083,lubang buaya
2023-02-07,57.29346017044859,Sedang,2,1,27.5,81.7,4.0,22.8,17.4,0.0,us embassy 1
2023-02-07,39.507764526422164,Baik,2,1,27.4,82.3,6.5,36.7,17.4,0.794,us embassy 2
2023-02-08,40.333333333333336,Baik,2,2,27.1,83.9,6.9,32.0,14.6,62.833,bundaran hi
2023-02-08,6.083333333333333,Baik,2,2,26.9,83.9,7.0,32.0,14.6,31.555,jagakarsa
2023-02-08,5.75,Baik,2,2,27.1,84.2,7.5,32.0,14.6,40.832,kebun jeruk
2023-02-08,45.666666666666664,Baik,2,2,27.1,83.9,6.8,33.5,15.0,42.382,kelapa gading
2023-02-08,66.95833333333333,Sedang,2,2,26.9,83.6,6.6,33.5,15.0,42.579,lubang buaya
2023-02-08,48.4573279654169,Baik,2,2,27.05555555555556,83.9,4.3,19.9,14.6,2.512,us embassy 1
2023-02-08,47.35230223998366,Baik,2,2,27.0,84.0,7.0,32.0,14.6,50.579,us embassy 2
2023-02-09,44.375,Baik,2,3,27.1,77.2,6.8,63.0,16.7,9.94,bundaran hi
2023-02-09,41.666666666666664,Baik,2,3,26.8,79.0,6.9,63.0,16.7,6.879,jagakarsa
2023-02-09,0.0,Baik,2,3,26.9,79.2,7.2,63.0,16.7,8.001,kebun jeruk
2023-02-09,50.125,Sedang,2,3,27.1,78.4,6.9,63.0,17.3,9.608,kelapa gading
2023-02-09,59.25,Sedang,2,3,26.9,78.4,6.7,63.0,17.3,8.674,lubang buaya
2023-02-09,50.852585701314915,Sedang,2,3,27.11111111111111,77.1,4.2,39.1,16.7,0.393,us embassy 1
2023-02-09,50.86994459828813,Sedang,2,3,27.0,78.2,6.9,63.0,16.7,8.923,us embassy 2
2023-02-10,34.416666666666664,Baik,2,4,27.5,79.3,7.0,42.8,19.1,0.035,bundaran hi
2023-02-10,42.541666666666664,Baik,2,4,27.3,80.1,7.2,42.8,19.1,1.138,jagakarsa
2023-02-10,2.875,Baik,2,4,27.5,80.7,7.7,42.8,19.1,0.797,kebun jeruk
2023-02-10,34.625,Baik,2,4,27.5,79.7,7.2,45.4,19.5,0.561,kelapa gading
2023-02-10,36.083333333333336,Baik,2,4,27.4,79.3,6.8,45.4,19.5,0.49,lubang buaya
2023-02-10,39.10131475460852,Baik,2,4,27.555555555555557,79.3,4.4,26.6,19.1,0.0,us embassy 1
2023-02-10,37.298769974488714,Baik,2,4,27.5,79.7,7.2,42.8,19.1,0.403,us embassy 2
2023-02-11,49.5,Baik,2,5,27.0,88.3,5.8,31.0,8.2,44.134,bundaran hi
2023-02-11,54.083333333333336,Sedang,2,5,26.8,88.9,6.0,31.0,8.2,24.47,jagakarsa
2023-02-11,23.0,Baik,2,5,26.9,88.6,6.0,31.0,8.2,29.526,kebun jeruk
2023-02-11,50.541666666666664,Sedang,2,5,27.1,88.2,6.0,31.3,7.7,28.248,kelapa gading
2023-02-11,63.958333333333336,Sedang,2,5,26.9,88.6,5.9,31.3,7.7,30.502,lubang buaya
2023-02-11,46.88670512000605,Baik,2,5,27.0,88.3,3.6,19.2,8.2,1.765,us embassy 1
2023-02-11,50.125434181899095,Sedang,2,5,27.0,88.5,5.9,31.0,8.2,35.566,us embassy 2
2023-02-12,27.458333333333332,Baik,2,6,25.1,90.6,6.2,38.2,5.4,24.741,bundaran hi
2023-02-12,40.833333333333336,Baik,2,6,24.9,91.4,6.1,38.2,5.4,29.836,jagakarsa
2023-02-12,14.375,Baik,2,6,25.0,91.1,6.2,38.2,5.4,23.942,kebun jeruk
2023-02-12,32.916666666666664,Baik,2,6,25.2,90.6,6.2,35.3,5.3,22.839,kelapa gading
2023-02-12,52.375,Sedang,2,6,25.0,91.0,6.2,35.3,5.3,26.997,lubang buaya
2023-02-12,33.22944133238327,Baik,2,6,25.166666666666668,90.6,3.9,23.7,5.4,0.977,us embassy 1
2023-02-12,41.135892597616994,Baik,2,6,25.1,90.9,6.2,38.2,5.4,24.726,us embassy 2
2023-02-13,36.541666666666664,Baik,2,0,27.0,83.3,6.7,48.2,17.9,5.249,bundaran hi
2023-02-13,41.541666666666664,Baik,2,0,26.8,84.3,6.7,48.2,17.9,5.138,jagakarsa
2023-02-13,20.125,Baik,2,0,27.0,84.1,7.2,48.2,17.9,3.188,kebun jeruk
2023-02-13,37.458333333333336,Baik,2,0,27.1,83.3,6.7,48.6,17.7,2.159,kelapa gading
2023-02-13,57.625,Sedang,2,0,26.9,83.8,6.5,48.6,17.7,4.178,lubang buaya
2023-02-13,36.23303459188796,Baik,2,0,27.0,83.3,4.1,30.0,17.9,0.212,us embassy 1
2023-02-13,42.24685128263588,Baik,2,0,27.0,83.7,6.8,48.2,17.9,3.893,us embassy 2
2023-02-14,21.25,Baik,2,1,26.8,82.5,6.9,48.2,17.9,0.023,bundaran hi
2023-02-14,34.625,Baik,2,1,26.4,84.0,7.0,48.2,17.9,2.414,jagakarsa
2023-02-14,0.0,Baik,2,1,26.6,84.1,7.3,48.2,17.9,0.597,kebun jeruk
2023-02-14,27.0,Baik,2,1,26.8,82.5,6.8,48.2,19.2,0.205,kelapa gading
2023-02-14,41.833333333333336,Baik,2,1,26.6,83.0,6.7,48.2,19.2,1.018,lubang buaya
2023-02-14,64.57809202781759,Sedang,2,1,26.83333333333333,82.5,4.3,30.0,17.9,0.0,us embassy 1
2023-02-14,40.132504509740166,Baik,2,1,26.7,83.1,7.0,48.2,17.9,0.423,us embassy 2
2023-02-15,30.208333333333332,Baik,2,2,27.4,79.9,6.9,63.0,10.3,9.917,bundaran hi
2023-02-15,41.083333333333336,Baik,2,2,27.1,81.2,7.0,63.0,10.3,11.707,jagakarsa
2023-02-15,11.5,Baik,2,2,27.1,82.2,7.1,63.0,10.3,11.862,kebun jeruk
2023-02-15,35.75,Baik,2,2,27.4,80.2,7.0,63.0,11.8,5.534,kelapa gading
2023-02-15,52.75,Sedang,2,2,27.4,79.9,6.8,63.0,11.8,9.596,lubang buaya
2023-02-15,30.822001036383273,Baik,2,2,27.38888888888889,79.9,4.3,39.1,10.3,0.393,us embassy 1
2023-02-15,32.94301182088618,Baik,2,2,27.3,80.6,6.9,63.0,10.3,10.281,us embassy 2
2023-02-16,28.541666666666668,Baik,2,3,26.6,86.9,6.8,36.7,8.7,27.737,bundaran hi
2023-02-16,45.958333333333336,Baik,2,3,26.2,88.3,6.9,36.7,8.7,19.327,jagakarsa
2023-02-16,0.0,Baik,2,3,26.5,87.3,7.5,36.7,8.7,25.03,kebun jeruk
2023-02-16,33.958333333333336,Baik,2,3,26.5,87.2,7.0,38.9,10.4,21.324,kelapa gading
2023-02-16,53.125,Sedang,2,3,26.2,88.5,6.6,38.9,10.4,23.284,lubang buaya
2023-02-16,42.933246265797834,Baik,2,3,26.611111111111114,86.8,4.2,22.8,8.7,1.1,us embassy 1
2023-02-16,42.45299400897744,Baik,2,3,26.5,87.4,7.0,36.7,8.7,25.436,us embassy 2
2023-02-17,31.541666666666668,Baik,2,4,26.7,83.9,6.2,27.4,14.8,4.131,bundaran hi
2023-02-17,43.625,Baik,2,4,26.4,85.4,6.1,27.4,14.8,4.547,jagakarsa
2023-02-17,0.0,Baik,2,4,26.6,85.5,6.1,27.4,14.8,3.274,kebun jeruk
2023-02-17,38.416666666666664,Baik,2,4,26.7,84.5,6.3,31.0,15.0,2.161,kelapa gading
2023-02-17,50.208333333333336,Sedang,2,4,26.6,84.5,6.2,31.0,15.0,3.902,lubang buaya
2023-02-17,51.58049253227028,Sedang,2,4,26.77777777777778,83.9,3.8,17.0,14.8,0.164,us embassy 1
2023-02-17,50.35620343354603,Sedang,2,4,26.7,84.6,6.2,27.4,14.8,3.741,us embassy 2
2023-02-18,64.91666666666667,Sedang,2,5,27.6,84.8,6.7,25.6,17.7,5.904,bundaran hi
2023-02-18,62.5,Sedang,2,5,27.4,85.2,6.7,25.6,17.7,4.977,jagakarsa
2023-02-18,0.0,Baik,2,5,27.6,85.0,6.8,25.6,17.7,4.096,kebun jeruk
2023-02-18,57.541666666666664,Sedang,2,5,27.7,84.6,6.8,27.7,17.5,4.176,kelapa gading
2023-02-18,69.625,Sedang,2,5,27.5,84.9,6.8,27.7,17.5,5.209,lubang buaya
2023-02-18,65.39141033564417,Sedang,2,5,27.61111111111111,84.8,4.1,15.9,17.7,0.235,us embassy 1
2023-02-18,65.84205435562613,Sedang,2,5,27.6,84.9,6.7,25.6,17.7,4.982,us embassy 2
2023-02-19,72.08333333333333,Sedang,2,6,27.8,85.5,7.0,35.3,20.3,0.496,bundaran hi
2023-02-19,72.08333333333333,Sedang,2,6,27.5,86.1,7.2,35.3,20.3,1.02,jagakarsa
2023-02-19,0.0,Baik,2,6,27.7,85.9,7.2,35.3,20.3,0.412,kebun jeruk
2023-02-19,67.58333333333333,Sedang,2,6,27.8,85.9,7.4,35.3,20.1,0.38,kelapa gading
2023-02-19,78.75,Sedang,2,6,27.6,85.9,7.2,35.3,20.1,0.789,lubang buaya
2023-02-19,72.96871071061658,Sedang,2,6,27.77777777777778,85.5,4.3,21.9,20.3,0.02,us embassy 1
2023-02-19,80.73314898494722,Sedang,2,6,27.7,85.7,7.1,35.3,20.3,0.495,us embassy 2
2023-02-20,54.875,Sedang,2,0,27.8,80.4,7.4,41.0,21.1,9.762,bundaran hi
2023-02-20,60.166666666666664,Sedang,2,0,27.5,80.9,7.7,41.0,21.1,5.022,jagakarsa
2023-02-20,0.0,Baik,2,0,27.6,82.7,7.8,41.0,21.1,6.193,kebun jeruk
2023-02-20,54.583333333333336,Sedang,2,0,27.8,80.6,7.5,39.2,21.7,5.045,kelapa gading
2023-02-20,62.458333333333336,Sedang,2,0,27.7,79.4,7.3,39.2,21.7,6.209,lubang buaya
2023-02-20,61.48468723319865,Sedang,2,0,27.77777777777778,80.5,4.6,25.5,21.1,0.392,us embassy 1
2023-02-20,66.4224158102017,Sedang,2,0,27.7,80.8,7.5,41.0,21.1,7.607,us embassy 2
2023-02-21,36.583333333333336,Baik,2,1,26.9,83.3,6.4,36.4,16.8,24.334,bundaran hi
2023-02-21,48.291666666666664,Baik,2,1,26.6,85.2,6.6,36.4,16.8,17.011,jagakarsa
2023-02-21,0.0,Baik,2,1,26.6,85.8,6.5,36.4,16.8,19.172,kebun jeruk
2023-02-21,40.75,Baik,2,1,26.9,84.4,6.5,39.2,17.4,16.47,kelapa gading
2023-02-21,46.5,Baik,2,1,26.8,83.9,6.4,39.2,17.4,19.428,lubang buaya
2023-02-21,43.587723350643756,Baik,2,1,26.888888888888893,83.3,4.0,22.6,16.8,0.97,us embassy 1
2023-02-21,46.2516274233107,Baik,2,1,26.8,84.3,6.5,36.4,16.8,21.224,us embassy 2
2023-02-22,32.333333333333336,Baik,2,2,26.6,87.9,5.8,29.9,10.2,5.059,bundaran hi
2023-02-22,40.541666666666664,Baik,2,2,26.3,88.5,5.6,29.9,10.2,9.96,jagakarsa
2023-02-22,0.0,Baik,2,2,26.6,88.4,5.9,29.9,10.2,6.474,kebun jeruk
2023-02-22,38.0,Baik,2,2,26.6,87.7,5.8,31.0,10.2,5.841,kelapa gading
2023-02-22,41.5,Baik,2,2,26.4,87.8,5.6,31.0,10.2,6.653,lubang buaya
2023-02-22,43.619499378800754,Baik,2,2,26.611111111111114,87.9,3.6,18.6,10.2,0.196,us embassy 1
2023-02-22,48.959346292284266,Baik,2,2,26.5,88.0,5.8,29.9,10.2,6.008,us embassy 2
2023-02-23,43.083333333333336,Baik,2,3,26.8,87.2,5.4,36.4,13.4,33.922,bundaran hi
2023-02-23,56.708333333333336,Sedang,2,3,26.5,88.1,5.1,36.4,13.4,41.65,jagakarsa
2023-02-23,0.0,Baik,2,3,26.7,88.3,6.0,36.4,13.4,42.352,kebun jeruk
2023-02-23,40.458333333333336,Baik,2,3,26.8,87.3,5.3,37.8,12.1,57.322,kelapa gading
2023-02-23,56.916666666666664,Sedang,2,3,26.7,87.6,4.7,37.8,12.1,43.715,lubang buaya
2023-02-23,51.92951817540354,Sedang,2,3,26.77777777777778,87.2,3.4,22.6,13.4,1.306,us embassy 1
2023-02-23,66.94175894270096,Sedang,2,3,26.7,87.6,5.4,36.4,13.4,39.611,us embassy 2
2023-02-24,32.416666666666664,Baik,2,4,25.9,93.0,5.3,30.6,10.9,93.992,bundaran hi
2023-02-24,48.625,Baik,2,4,25.7,93.3,5.2,30.6,10.9,66.535,jagakarsa
2023-02-24,0.0,Baik,2,4,25.9,93.3,5.5,30.6,10.9,73.617,kebun jeruk
2023-02-24,32.416666666666664,Baik,2,4,25.9,93.0,5.2,32.8,10.5,78.072,kelapa gading
2023-02-24,48.583333333333336,Baik,2,4,25.8,93.3,4.8,32.8,10.5,77.273,lubang buaya
2023-02-24,41.199614229206205,Baik,2,4,25.944444444444443,93.0,3.3,19.0,10.9,3.734,us embassy 1
2023-02-24,50.58036595157597,Sedang,2,4,25.9,93.1,5.3,30.6,10.9,82.543,us embassy 2
2023-02-25,45.208333333333336,Baik,2,5,26.7,89.1,6.6,38.5,11.9,27.072,bundaran hi
2023-02-25,59.375,Sedang,2,5,26.4,90.0,6.5,38.5,11.9,23.32,jagakarsa
2023-02-25,0.0,Baik,2,5,26.6,89.7,6.7,38.5,11.9,23.364,kebun jeruk
2023-02-25,48.125,Baik,2,5,26.7,89.6,6.7,42.8,12.6,32.45,kelapa gading
2023-02-25,56.333333333333336,Sedang,2,5,26.5,89.7,6.6,42.8,12.6,27.338,lubang buaya
2023-02-25,53.22807438288137,Sedang,2,5,26.666666666666668,89.0,4.1,23.9,11.9,1.064,us embassy 1
2023-02-25,59.73508033477621,Sedang,2,5,26.6,89.5,6.6,38.5,11.9,25.801,us embassy 2
2023-02-26,43.25,Baik,2,6,26.3,90.4,6.3,37.1,16.0,53.507,bundaran hi
2023-02-26,49.791666666666664,Baik,2,6,26.1,91.0,6.2,37.1,16.0,48.241,jagakarsa
2023-02-26,0.0,Baik,2,6,26.3,90.7,6.3,37.1,16.0,49.699,kebun jeruk
2023-02-26,43.083333333333336,Baik,2,6,26.4,90.6,6.3,39.2,15.8,43.856,kelapa gading
2023-02-26,52.333333333333336,Sedang,2,6,26.2,90.7,6.2,39.2,15.8,48.62,lubang buaya
2023-02-26,53.26370533546472,Sedang,2,6,26.333333333333336,90.4,3.9,23.0,16.0,2.118,us embassy 1
2023-02-26,74.504340341733,Sedang,2,6,26.3,90.6,6.3,37.1,16.0,50.71,us embassy 2
2023-02-27,27.333333333333332,Baik,2,0,27.0,86.0,5.8,34.9,10.1,25.938,bundaran hi
2023-02-27,46.083333333333336,Baik,2,0,26.7,87.3,5.7,34.9,10.1,23.358,jagakarsa
2023-02-27,0.0,Baik,2,0,27.0,87.0,6.2,34.9,10.1,22.899,kebun jeruk
2023-02-27,35.666666666666664,Baik,2,0,27.0,86.6,5.7,43.9,11.3,26.143,kelapa gading
2023-02-27,50.416666666666664,Sedang,2,0,26.7,87.1,5.4,43.9,11.3,25.113,lubang buaya
2023-02-27,48.731331189152264,Baik,2,0,27.0,86.0,3.6,21.7,10.1,1.023,us embassy 1
2023-02-27,76.63627269929205,Sedang,2,0,26.9,86.6,5.8,34.9,10.1,24.566,us embassy 2
2023-02-28,21.333333333333332,Baik,2,1,26.5,87.0,6.1,49.3,10.6,28.833,bundaran hi
2023-02-28,60.708333333333336,Sedang,2,1,26.2,88.1,6.1,49.3,10.6,21.841,jagakarsa
2023-02-28,5.75,Baik,2,1,26.5,87.9,6.6,49.3,10.6,25.31,kebun jeruk
2023-02-28,48.25,Baik,2,1,26.5,87.7,6.1,51.5,11.5,26.438,kelapa gading
2023-02-28,60.666666666666664,Sedang,2,1,26.3,88.0,5.8,51.5,11.5,25.64,lubang buaya
2023-02-28,57.15066748160947,Sedang,2,1,26.55555555555556,86.9,3.8,30.6,10.6,1.141,us embassy 1
2023-02-28,76.63627269929205,Sedang,2,1,26.5,87.5,6.2,49.3,10.6,26.65,us embassy 2
2023-03-01,45.333333333333336,Baik,3,2,25.9,91.6,5.8,38.9,12.5,51.708,bundaran hi
2023-03-01,45.5,Baik,3,2,25.5,92.2,5.9,38.9,12.5,40.242,jagakarsa
2023-03-01,0.0,Baik,3,2,25.8,92.6,5.9,38.9,12.5,51.416,kebun jeruk
2023-03-01,40.583333333333336,Baik,3,2,25.8,91.8,5.8,41.8,13.5,42.69,kelapa gading
2023-03-01,52.333333333333336,Sedang,3,2,25.7,91.7,5.8,41.8,13.5,46.449,lubang buaya
2023-03-01,52.9798966935158,Sedang,3,2,25.88888888888889,91.6,3.6,24.2,12.5,2.045,us embassy 1
2023-03-01,76.63627269929205,Sedang,3,2,25.8,92.0,5.9,38.9,12.5,49.721,us embassy 2
2023-03-02,36.583333333333336,Baik,3,3,25.0,93.1,5.7,31.3,5.1,33.486,bundaran hi
2023-03-02,32.791666666666664,Baik,3,3,24.7,94.9,5.6,31.3,5.1,30.889,jagakarsa
2023-03-02,0.0,Baik,3,3,24.8,94.2,5.8,31.3,5.1,32.371,kebun jeruk
2023-03-02,38.75,Baik,3,3,24.9,94.1,5.5,34.9,5.6,34.254,kelapa gading
2023-03-02,44.791666666666664,Baik,3,3,24.8,95.0,5.5,34.9,5.6,31.983,lubang buaya
2023-03-02,51.740692671803366,Sedang,3,3,24.944444444444446,93.0,3.6,19.5,5.1,1.319,us embassy 1
2023-03-02,76.63627269929205,Sedang,3,3,24.9,93.9,5.7,31.3,5.1,32.701,us embassy 2
2023-03-03,43.583333333333336,Baik,3,4,26.8,85.0,5.5,40.3,22.8,41.985,bundaran hi
2023-03-03,46.583333333333336,Baik,3,4,26.7,85.3,5.6,40.3,22.8,20.113,jagakarsa
2023-03-03,0.0,Baik,3,4,27.0,84.8,5.7,40.3,22.8,25.083,kebun jeruk
2023-03-03,39.208333333333336,Baik,3,4,26.9,85.1,5.6,40.7,23.3,23.156,kelapa gading
2023-03-03,47.083333333333336,Baik,3,4,26.6,85.9,5.5,40.7,23.3,26.303,lubang buaya
2023-03-03,52.50749448726901,Sedang,3,4,26.83333333333333,85.0,3.4,25.1,22.8,1.686,us embassy 1
2023-03-03,76.63627269929205,Sedang,3,4,26.8,85.1,5.6,40.3,22.8,32.136,us embassy 2
2023-03-04,43.125,Baik,3,5,26.7,86.2,6.3,44.6,14.9,2.022,bundaran hi
2023-03-04,55.958333333333336,Sedang,3,5,26.5,87.1,6.4,44.6,14.9,4.37,jagakarsa
2023-03-04,0.0,Baik,3,5,26.6,86.7,6.4,44.6,14.9,3.207,kebun jeruk
2023-03-04,40.916666666666664,Baik,3,5,26.7,86.7,6.5,44.6,14.7,1.63,kelapa gading
2023-03-04,51.125,Sedang,3,5,26.6,86.8,6.4,44.6,14.7,3.341,lubang buaya
2023-03-04,49.90368055299144,Baik,3,5,26.722222222222214,86.1,3.9,27.7,14.9,0.079,us embassy 1
2023-03-04,76.63627269929205,Sedang,3,5,26.7,86.5,6.3,44.6,14.9,2.585,us embassy 2
2023-03-05,44.041666666666664,Baik,3,6,26.8,87.8,7.1,41.4,20.0,2.887,bundaran hi
2023-03-05,51.958333333333336,Sedang,3,6,26.5,88.6,7.2,41.4,20.0,10.003,jagakarsa
2023-03-05,0.0,Baik,3,6,26.7,88.3,7.2,41.4,20.0,5.771,kebun jeruk
2023-03-05,45.5,Baik,3,6,26.8,87.9,7.2,43.2,20.1,3.083,kelapa gading
2023-03-05,50.75,Sedang,3,6,26.6,88.2,7.2,43.2,20.1,5.601,lubang buaya
2023-03-05,49.683666749285216,Baik,3,6,26.77777777777778,87.8,4.4,25.7,20.0,0.111,us embassy 1
2023-03-05,76.63627269929205,Sedang,3,6,26.7,88.1,7.2,41.4,20.0,4.737,us embassy 2
2023-03-06,44.541666666666664,Baik,3,0,28.0,78.3,7.4,42.5,22.0,0.0,bundaran hi
2023-03-06,54.541666666666664,Sedang,3,0,27.7,79.1,7.7,42.5,22.0,0.0,jagakarsa
2023-03-06,0.0,Baik,3,0,27.8,80.5,8.1,42.5,22.0,0.0,kebun jeruk
2023-03-06,48.041666666666664,Baik,3,0,28.0,78.8,7.5,42.5,22.5,0.0,kelapa gading
2023-03-06,51.916666666666664,Sedang,3,0,28.0,77.8,7.1,42.5,22.5,0.0,lubang buaya
2023-03-06,52.316826518458434,Sedang,3,0,28.000000000000004,78.4,4.6,26.4,22.0,0.0,us embassy 1
2023-03-06,76.63627269929205,Sedang,3,0,27.9,78.9,7.6,42.5,22.0,0.0,us embassy 2
2023-03-07,48.25,Baik,3,1,27.6,80.5,7.7,28.8,22.6,2.915,bundaran hi
2023-03-07,64.79166666666667,Sedang,3,1,27.3,81.9,8.0,28.8,22.6,1.226,jagakarsa
2023-03-07,0.0,Baik,3,1,27.4,82.5,8.4,28.8,22.6,1.695,kebun jeruk
2023-03-07,49.25,Baik,3,1,27.6,81.5,8.0,31.0,23.4,1.165,kelapa gading
2023-03-07,44.083333333333336,Baik,3,1,27.5,81.2,7.7,31.0,23.4,1.642,lubang buaya
2023-03-07,48.83590077651871,Baik,3,1,27.555555555555557,80.5,4.8,17.9,22.6,0.118,us embassy 1
2023-03-07,76.63627269929205,Sedang,3,1,27.5,81.3,8.0,28.8,22.6,2.155,us embassy 2
2023-03-08,54.541666666666664,Sedang,3,2,26.4,89.2,6.2,25.2,18.6,10.292,bundaran hi
2023-03-08,85.83333333333333,Sedang,3,2,26.2,89.6,6.0,25.2,18.6,13.957,jagakarsa
2023-03-08,0.0,Baik,3,2,26.1,90.5,6.2,25.2,18.6,14.521,kebun jeruk
2023-03-08,44.625,Baik,3,2,26.5,89.2,6.2,29.9,20.0,29.681,kelapa gading
2023-03-08,82.79166666666667,Sedang,3,2,26.6,88.6,5.9,29.9,20.0,18.241,lubang buaya
2023-03-08,54.7439348319337,Sedang,3,2,26.444444444444443,89.3,3.8,15.7,18.6,0.383,us embassy 1
2023-03-08,77.8925638943743,Sedang,3,2,26.4,89.5,6.1,25.2,18.6,13.927,us embassy 2
2023-03-09,57.791666666666664,Sedang,3,3,27.1,85.5,6.2,31.0,16.9,10.06,bundaran hi
2023-03-09,83.70833333333333,Sedang,3,3,27.0,85.9,6.1,31.0,16.9,11.374,jagakarsa
2023-03-09,0.0,Baik,3,3,27.0,86.6,6.2,31.0,16.9,8.997,kebun jeruk
2023-03-09,57.25,Sedang,3,3,27.2,86.0,6.1,32.0,19.5,12.955,kelapa gading
2023-03-09,89.66666666666667,Sedang,3,3,27.2,85.4,5.9,32.0,19.5,10.103,lubang buaya
2023-03-09,64.16117094618977,Sedang,3,3,27.16666666666667,85.5,3.8,19.2,16.9,0.394,us embassy 1
2023-03-09,74.8118690016663,Sedang,3,3,27.1,85.9,6.1,31.0,16.9,9.751,us embassy 2
2023-03-10,57.041666666666664,Sedang,3,4,27.6,83.4,5.9,23.4,22.3,0.008,bundaran hi
2023-03-10,75.125,Sedang,3,4,27.3,84.3,5.6,23.4,22.3,0.883,jagakarsa
2023-03-10,0.0,Baik,3,4,27.5,84.7,6.3,23.4,22.3,0.132,kebun jeruk
2023-03-10,52.25,Sedang,3,4,27.6,83.8,6.0,22.3,22.3,0.088,kelapa gading
2023-03-10,73.16666666666667,Sedang,3,4,27.5,83.4,5.3,22.3,22.3,0.529,lubang buaya
2023-03-10,57.18819049887822,Sedang,3,4,27.555555555555557,83.4,3.7,14.5,22.3,0.0,us embassy 1
2023-03-10,57.62265683231888,Sedang,3,4,27.5,83.9,5.9,23.4,22.3,0.132,us embassy 2
2023-03-11,62.916666666666664,Sedang,3,5,28.1,81.7,6.8,21.6,20.1,0.1,bundaran hi
2023-03-11,68.375,Sedang,3,5,27.7,83.5,6.8,21.6,20.1,7.317,jagakarsa
2023-03-11,0.0,Baik,3,5,27.9,83.1,6.9,21.6,20.1,3.05,kebun jeruk
2023-03-11,63.0,Sedang,3,5,28.0,83.0,7.0,22.0,22.0,0.688,kelapa gading
2023-03-11,75.5,Sedang,3,5,27.9,83.0,6.9,22.0,22.0,2.807,lubang buaya
2023-03-11,66.67417356546382,Sedang,3,5,28.111111111111107,81.6,4.2,13.4,20.1,0.001,us embassy 1
2023-03-11,74.6081454863854,Sedang,3,5,28.0,82.5,6.8,21.6,20.1,2.046,us embassy 2
2023-03-12,78.91666666666667,Sedang,3,6,27.8,85.2,6.0,28.1,19.6,0.013,bundaran hi
2023-03-12,91.04166666666667,Sedang,3,6,27.5,86.3,5.8,28.1,19.6,1.412,jagakarsa
2023-03-12,0.0,Baik,3,6,27.7,86.1,5.9,28.1,19.6,0.211,kebun jeruk
2023-03-12,90.0,Sedang,3,6,27.8,85.9,6.1,28.1,20.3,0.141,kelapa gading
2023-03-12,103.375,Tidak Sehat,3,6,27.7,85.9,5.9,28.1,20.3,0.846,lubang buaya
2023-03-12,83.48339972577064,Sedang,3,6,27.83333333333333,85.1,3.7,17.4,19.6,0.0,us embassy 1
2023-03-12,76.62220215863982,Sedang,3,6,27.7,85.7,5.9,28.1,19.6,0.212,us embassy 2
2023-03-13,73.875,Sedang,3,0,28.4,77.7,5.7,23.4,22.0,0.058,bundaran hi
2023-03-13,88.54166666666667,Sedang,3,0,28.0,79.8,5.5,23.4,22.0,0.508,jagakarsa
2023-03-13,0.0,Baik,3,0,28.2,80.4,6.0,23.4,22.0,0.447,kebun jeruk
2023-03-13,80.0,Sedang,3,0,28.3,79.0,5.8,24.8,22.6,1.65,kelapa gading
2023-03-13,103.58333333333333,Tidak Sehat,3,0,28.2,78.8,5.1,24.8,22.6,0.718,lubang buaya
2023-03-13,77.0750143922751,Sedang,3,0,28.38888888888889,77.7,3.6,14.5,22.0,0.0,us embassy 1
2023-03-13,76.63627269929205,Sedang,3,0,28.3,78.9,5.7,23.4,22.0,0.386,us embassy 2
2023-03-14,66.29166666666667,Sedang,3,1,27.2,84.4,5.9,23.0,14.2,0.829,bundaran hi
2023-03-14,83.70833333333333,Sedang,3,1,27.0,85.4,5.7,23.0,14.2,7.597,jagakarsa
2023-03-14,0.0,Baik,3,1,27.0,86.1,5.9,23.0,14.2,6.902,kebun jeruk
2023-03-14,61.75,Sedang,3,1,27.1,85.4,5.8,27.0,14.5,23.094,kelapa gading
2023-03-14,87.16666666666667,Sedang,3,1,27.1,84.2,5.6,27.0,14.5,10.659,lubang buaya
2023-03-14,46.821671479634006,Baik,3,1,27.22222222222222,84.4,3.7,14.3,14.2,0.006,us embassy 1
2023-03-14,76.63627269929205,Sedang,3,1,27.1,85.0,5.8,23.0,14.2,5.693,us embassy 2
2023-03-15,44.333333333333336,Baik,3,2,25.7,89.4,5.2,27.0,17.9,13.698,bundaran hi
2023-03-15,61.333333333333336,Sedang,3,2,25.5,89.8,4.9,27.0,17.9,32.669,jagakarsa
2023-03-15,0.0,Baik,3,2,25.6,90.6,5.3,27.0,17.9,28.683,kebun jeruk
2023-03-15,48.666666666666664,Baik,3,2,25.6,89.8,5.0,27.0,17.8,23.954,kelapa gading
2023-03-15,63.541666666666664,Sedang,3,2,25.6,89.1,4.6,27.0,17.8,25.416,lubang buaya
2023-03-15,54.48884103159173,Sedang,3,2,25.666666666666668,89.4,3.2,16.8,17.9,0.517,us embassy 1
2023-03-15,76.63627269929205,Sedang,3,2,25.6,89.7,5.1,27.0,17.9,22.093,us embassy 2
2023-03-16,74.83333333333333,Sedang,3,3,27.8,80.0,5.7,26.6,22.8,0.0,bundaran hi
2023-03-16,89.66666666666667,Sedang,3,3,27.6,79.9,5.4,26.6,22.8,0.0,jagakarsa
2023-03-16,0.0,Baik,3,3,27.6,82.2,6.1,26.6,22.8,0.0,kebun jeruk
2023-03-16,78.25,Sedang,3,3,27.8,80.0,5.6,24.8,23.6,0.0,kelapa gading
2023-03-16,101.29166666666667,Tidak Sehat,3,3,27.8,78.3,5.1,24.8,23.6,0.0,lubang buaya
2023-03-16,81.12258539636495,Sedang,3,3,27.83333333333333,80.1,3.6,16.6,22.8,0.0,us embassy 1
2023-03-16,76.63627269929205,Sedang,3,3,27.8,80.2,5.7,26.6,22.8,0.0,us embassy 2
2023-03-17,63.916666666666664,Sedang,3,4,28.2,77.7,6.0,25.6,22.6,0.0,bundaran hi
2023-03-17,90.625,Sedang,3,4,27.9,79.5,6.0,25.6,22.6,1.377,jagakarsa
2023-03-17,2.875,Baik,3,4,28.1,80.2,6.4,25.6,22.6,0.0,kebun jeruk
2023-03-17,67.33333333333333,Sedang,3,4,28.2,79.0,6.2,24.5,23.2,0.0,kelapa gading
2023-03-17,90.375,Sedang,3,4,27.9,78.7,5.5,24.5,23.2,0.0,lubang buaya
2023-03-17,72.07722158958627,Sedang,3,4,28.22222222222222,77.7,3.8,15.9,22.6,0.0,us embassy 1
2023-03-17,76.63627269929205,Sedang,3,4,28.1,78.8,6.1,25.6,22.6,0.0,us embassy 2
2023-03-18,60.625,Sedang,3,5,28.6,75.8,6.5,22.7,21.9,0.0,bundaran hi
2023-03-18,68.875,Sedang,3,5,28.3,75.6,6.5,22.7,21.9,0.777,jagakarsa
2023-03-18,5.75,Baik,3,5,28.4,77.7,7.1,22.7,21.9,0.0,kebun jeruk
2023-03-18,68.58333333333333,Sedang,3,5,28.6,75.5,6.6,23.0,22.5,0.0,kelapa gading
2023-03-18,86.79166666666667,Sedang,3,5,28.5,73.9,6.1,23.0,22.5,0.0,lubang buaya
2023-03-18,63.37339879056401,Sedang,3,5,28.55555555555556,76.0,4.1,14.1,21.9,0.0,us embassy 1
2023-03-18,76.63627269929205,Sedang,3,5,28.5,75.9,6.6,22.7,21.9,0.0,us embassy 2
2023-03-19,66.95833333333333,Sedang,3,6,28.5,79.0,5.8,25.6,21.6,0.0,bundaran hi
2023-03-19,69.125,Sedang,3,6,28.2,79.4,5.6,25.6,21.6,0.142,jagakarsa
2023-03-19,2.875,Baik,3,6,28.3,80.8,6.4,25.6,21.6,0.0,kebun jeruk
2023-03-19,69.41666666666667,Sedang,3,6,28.4,79.1,5.9,26.6,22.3,0.0,kelapa gading
2023-03-19,83.25,Sedang,3,6,28.4,78.1,5.1,26.6,22.3,0.0,lubang buaya
2023-03-19,67.39391328944201,Sedang,3,6,28.444444444444443,79.1,3.6,15.9,21.6,0.0,us embassy 1
2023-03-19,76.63627269929205,Sedang,3,6,28.4,79.4,5.8,25.6,21.6,0.0,us embassy 2
2023-03-20,73.41666666666667,Sedang,3,0,28.0,79.7,5.4,21.6,22.5,0.03,bundaran hi
2023-03-20,73.41666666666667,Sedang,3,0,27.5,81.0,5.2,21.6,22.5,1.309,jagakarsa
2023-03-20,63.25,Sedang,3,0,27.9,81.1,5.5,21.6,22.5,0.83,kebun jeruk
2023-03-20,75.66666666666667,Sedang,3,0,27.9,80.4,5.4,21.6,23.3,0.364,kelapa gading
2023-03-20,86.66666666666667,Sedang,3,0,27.5,80.5,4.9,21.6,23.3,0.487,lubang buaya
2023-03-20,75.30433349097453,Sedang,3,0,28.000000000000004,79.7,3.4,13.4,22.5,0.0,us embassy 1
2023-03-20,76.63627269929205,Sedang,3,0,27.8,80.4,5.3,21.6,22.5,0.413,us embassy 2
2023-03-21,74.0,Sedang,3,1,28.9,73.2,6.0,22.7,22.0,0.0,bundaran hi
2023-03-21,73.0,Sedang,3,1,28.5,75.2,5.9,22.7,22.0,2.878,jagakarsa
2023-03-21,69.0,Sedang,3,1,28.7,76.1,6.3,22.7,22.0,0.0,kebun jeruk
2023-03-21,76.0,Sedang,3,1,28.8,75.1,6.1,22.3,22.7,0.0,kelapa gading
2023-03-21,87.0,Sedang,3,1,28.6,74.8,5.6,22.3,22.7,0.0,lubang buaya
2023-03-21,79.2085731050089,Sedang,3,1,28.88888888888889,73.1,3.7,14.1,22.0,0.0,us embassy 1
2023-03-21,76.63627269929205,Sedang,3,1,28.7,74.6,6.0,22.7,22.0,0.0,us embassy 2
2023-03-22,74.0,Sedang,3,2,29.0,77.8,5.5,20.2,22.0,0.02,bundaran hi
2023-03-22,73.0,Sedang,3,2,28.8,78.7,5.2,20.2,22.0,1.709,jagakarsa
2023-03-22,69.0,Sedang,3,2,28.9,79.4,5.9,20.2,22.0,0.687,kebun jeruk
2023-03-22,76.0,Sedang,3,2,29.0,78.2,5.5,19.4,22.5,0.122,kelapa gading
2023-03-22,87.0,Sedang,3,2,28.8,78.3,4.7,19.4,22.5,0.315,lubang buaya
2023-03-22,69.73226141163777,Sedang,3,2,29.05555555555556,77.8,3.4,12.5,22.0,0.0,us embassy 1
2023-03-22,75.00474790397476,Sedang,3,2,29.0,78.4,5.4,20.2,22.0,0.304,us embassy 2
2023-03-23,74.0,Sedang,3,3,29.5,76.8,5.5,20.9,24.1,0.011,bundaran hi
2023-03-23,73.0,Sedang,3,3,29.2,78.4,5.3,20.9,24.1,0.617,jagakarsa
2023-03-23,69.0,Sedang,3,3,29.2,79.1,5.9,20.9,24.1,0.281,kebun jeruk
2023-03-23,76.0,Sedang,3,3,29.5,77.7,5.6,21.2,24.7,0.078,kelapa gading
2023-03-23,87.0,Sedang,3,3,29.4,77.5,4.9,21.2,24.7,0.322,lubang buaya
2023-03-23,57.17353397692985,Sedang,3,3,29.5,76.8,3.4,13.0,24.1,0.0,us embassy 1
2023-03-23,75.98429944945836,Sedang,3,3,29.4,77.7,5.5,20.9,24.1,0.155,us embassy 2
2023-03-24,74.0,Sedang,3,4,29.2,78.3,5.9,21.2,22.6,0.044,bundaran hi
2023-03-24,73.0,Sedang,3,4,28.9,79.2,5.5,21.2,22.6,3.299,jagakarsa
2023-03-24,69.0,Sedang,3,4,29.0,79.6,6.4,21.2,22.6,1.308,kebun jeruk
2023-03-24,76.0,Sedang,3,4,29.2,78.4,5.8,21.6,23.6,0.311,kelapa gading
2023-03-24,87.0,Sedang,3,4,29.1,78.2,5.1,21.6,23.6,1.319,lubang buaya
2023-03-24,57.705089972862375,Sedang,3,4,29.166666666666668,78.3,3.7,13.2,22.6,0.0,us embassy 1
2023-03-24,79.75663008522672,Sedang,3,4,29.1,78.7,5.8,21.2,22.6,0.89,us embassy 2
2023-03-25,74.0,Sedang,3,5,27.9,84.6,5.3,38.9,19.4,44.699,bundaran hi
2023-03-25,73.0,Sedang,3,5,27.8,84.8,5.0,22.7,19.4,17.93,jagakarsa
2023-03-25,69.0,Sedang,3,5,28.1,84.2,5.7,38.9,19.4,24.868,kebun jeruk
2023-03-25,76.0,Sedang,3,5,28.0,84.5,5.2,21.6,19.6,18.298,kelapa gading
2023-03-25,87.0,Sedang,3,5,27.8,84.9,4.6,21.6,19.6,26.12,lubang buaya
2023-03-25,72.43841817057422,Sedang,3,5,27.944444444444443,84.6,3.3,24.2,19.4,1.803,us embassy 1
2023-03-25,86.83039852588668,Sedang,3,5,28.0,84.5,5.2,38.9,19.4,32.9,us embassy 2
2023-03-26,74.0,Sedang,3,6,27.5,84.1,6.1,24.5,18.2,3.01,bundaran hi
2023-03-26,73.0,Sedang,3,6,27.3,84.3,6.1,24.5,18.2,5.18,jagakarsa
2023-03-26,69.0,Sedang,3,6,27.4,84.8,6.4,24.5,18.2,3.767,kebun jeruk
2023-03-26,76.0,Sedang,3,6,27.6,83.8,6.2,27.0,18.2,2.663,kelapa gading
2023-03-26,87.0,Sedang,3,6,27.4,84.1,5.9,27.0,18.2,3.466,lubang buaya
2023-03-26,69.41844441258469,Sedang,3,6,27.5,84.1,3.8,15.2,18.2,0.118,us embassy 1
2023-03-26,77.19412476017813,Sedang,3,6,27.5,84.2,6.2,24.5,18.2,3.287,us embassy 2
2023-03-27,74.0,Sedang,3,0,27.5,84.0,6.0,31.7,18.0,5.025,bundaran hi
2023-03-27,73.0,Sedang,3,0,27.3,84.1,6.0,31.7,18.0,3.74,jagakarsa
2023-03-27,69.0,Sedang,3,0,27.5,84.8,6.4,31.7,18.0,4.336,kebun jeruk
2023-03-27,76.0,Sedang,3,0,27.5,83.8,6.0,31.7,18.9,6.447,kelapa gading
2023-03-27,87.0,Sedang,3,0,27.3,83.5,5.6,31.7,18.9,5.034,lubang buaya
2023-03-27,56.38223322092679,Sedang,3,0,27.555555555555557,84.0,3.7,19.7,18.0,0.197,us embassy 1
2023-03-27,76.63627269929205,Sedang,3,0,27.5,84.1,6.1,31.7,18.0,4.8,us embassy 2
2023-03-28,74.0,Sedang,3,1,27.3,87.1,5.2,21.2,16.0,0.011,bundaran hi
2023-03-28,73.0,Sedang,3,1,27.1,87.5,5.0,21.2,16.0,0.809,jagakarsa
2023-03-28,69.0,Sedang,3,1,27.1,88.4,5.4,21.2,16.0,0.343,kebun jeruk
2023-03-28,76.0,Sedang,3,1,27.3,87.3,5.2,22.3,16.2,0.077,kelapa gading
2023-03-28,87.0,Sedang,3,1,27.2,87.3,4.7,22.3,16.2,0.327,lubang buaya
2023-03-28,68.73012163398413,Sedang,3,1,27.27777777777777,87.2,3.2,13.2,16.0,0.0,us embassy 1
2023-03-28,79.05383590115032,Sedang,3,1,27.2,87.5,5.1,21.2,16.0,0.23,us embassy 2
2023-03-29,74.0,Sedang,3,2,26.8,85.9,5.0,61.2,16.0,8.475,bundaran hi
2023-03-29,73.0,Sedang,3,2,26.6,87.4,4.8,61.2,16.0,15.102,jagakarsa
2023-03-29,69.0,Sedang,3,2,26.7,87.0,5.4,61.2,16.0,11.837,kebun jeruk
2023-03-29,76.0,Sedang,3,2,26.8,86.8,5.1,61.2,16.5,4.716,kelapa gading
2023-03-29,87.0,Sedang,3,2,26.7,87.5,4.5,61.2,16.5,9.679,lubang buaya
2023-03-29,74.28479393288706,Sedang,3,2,26.77777777777778,85.8,3.1,38.0,16.0,0.334,us embassy 1
2023-03-29,64.83041096395503,Sedang,3,2,26.7,86.7,5.0,61.2,16.0,9.992,us embassy 2
2023-03-30,74.0,Sedang,3,3,26.8,89.0,5.3,59.4,15.6,3.891,bundaran hi
2023-03-30,73.0,Sedang,3,3,26.5,89.5,5.1,59.4,15.6,4.203,jagakarsa
2023-03-30,69.0,Sedang,3,3,26.9,88.6,5.5,59.4,15.6,4.637,kebun jeruk
2023-03-30,76.0,Sedang,3,3,26.8,89.1,5.2,59.4,15.9,9.607,kelapa gading
2023-03-30,87.0,Sedang,3,3,26.3,90.9,4.8,59.4,15.9,5.967,lubang buaya
2023-03-30,72.04892617387547,Sedang,3,3,26.77777777777778,88.9,3.3,36.9,15.6,0.146,us embassy 1
2023-03-30,75.52093407829156,Sedang,3,3,26.7,89.2,5.2,59.4,15.6,4.735,us embassy 2
2023-03-31,74.0,Sedang,3,4,28.4,77.0,6.1,23.4,8.8,0.26,bundaran hi
2023-03-31,73.0,Sedang,3,4,28.1,79.6,6.2,23.4,8.8,8.324,jagakarsa
2023-03-31,69.0,Sedang,3,4,28.2,78.6,6.9,23.4,8.8,8.981,kebun jeruk
2023-03-31,76.0,Sedang,3,4,28.3,79.2,6.2,24.1,9.0,1.756,kelapa gading
2023-03-31,87.0,Sedang,3,4,28.2,80.3,5.8,24.1,9.0,4.173,lubang buaya
2023-03-31,63.8234541707674,Sedang,3,4,28.38888888888889,76.9,3.8,14.5,8.8,0.001,us embassy 1
2023-03-31,68.14456698897278,Sedang,3,4,28.3,78.4,6.3,23.4,8.8,3.99,us embassy 2
2023-04-01,74.0,Sedang,4,5,27.3,80.3,6.6,38.9,11.6,1.014,bundaran hi
2023-04-01,73.0,Sedang,4,5,27.1,81.7,6.8,38.9,11.6,3.468,jagakarsa
2023-04-01,69.0,Sedang,4,5,27.0,82.6,7.2,38.9,11.6,1.834,kebun jeruk
2023-04-01,76.0,Sedang,4,5,27.4,80.9,6.6,38.9,13.5,0.718,kelapa gading
2023-04-01,87.0,Sedang,4,5,27.3,80.7,6.4,38.9,13.5,1.698,lubang buaya
2023-04-01,52.18148485528852,Sedang,4,5,27.27777777777777,80.3,4.1,24.2,11.6,0.039,us embassy 1
2023-04-01,50.55201622868008,Sedang,4,5,27.2,81.1,6.8,38.9,11.6,1.529,us embassy 2
2023-04-02,74.0,Sedang,4,6,28.0,81.1,6.5,25.6,20.2,0.0,bundaran hi
2023-04-02,73.0,Sedang,4,6,27.5,82.3,6.6,25.6,20.2,0.0,jagakarsa
2023-04-02,69.0,Sedang,4,6,27.9,82.1,7.3,25.6,20.2,0.0,kebun jeruk
2023-04-02,76.0,Sedang,4,6,27.8,82.0,6.7,25.2,19.6,0.0,kelapa gading
2023-04-02,87.0,Sedang,4,6,27.4,82.5,6.1,25.2,19.6,0.0,lubang buaya
2023-04-02,39.49671542386188,Baik,4,6,28.000000000000004,81.0,4.1,15.9,20.2,0.0,us embassy 1
2023-04-02,61.19477596985731,Sedang,4,6,27.8,81.8,6.6,25.6,20.2,0.0,us embassy 2
2023-04-03,74.0,Sedang,4,0,28.0,76.9,6.3,29.2,20.8,17.57,bundaran hi
2023-04-03,73.0,Sedang,4,0,27.8,77.6,6.3,29.2,20.8,8.901,jagakarsa
2023-04-03,69.0,Sedang,4,0,27.9,78.2,6.9,29.2,20.8,12.458,kebun jeruk
2023-04-03,76.0,Sedang,4,0,28.0,77.4,6.4,28.8,21.4,7.702,kelapa gading
2023-04-03,87.0,Sedang,4,0,27.9,76.9,5.8,28.8,21.4,11.493,lubang buaya
2023-04-03,66.72623763049371,Sedang,4,0,27.944444444444443,76.9,3.9,18.1,20.8,0.706,us embassy 1
2023-04-03,61.8941542180126,Sedang,4,0,27.9,77.4,6.4,29.2,20.8,14.089,us embassy 2
2023-04-04,74.0,Sedang,4,1,28.5,74.1,6.4,21.6,22.0,0.0,bundaran hi
2023-04-04,73.0,Sedang,4,1,28.3,74.1,6.6,21.6,22.0,0.0,jagakarsa
2023-04-04,69.0,Sedang,4,1,28.3,76.2,6.9,21.6,22.0,0.0,kebun jeruk
2023-04-04,76.0,Sedang,4,1,28.5,74.1,6.5,20.5,22.8,0.0,kelapa gading
2023-04-04,87.0,Sedang,4,1,28.6,72.7,6.3,20.5,22.8,0.0,lubang buaya
2023-04-04,67.14511513333895,Sedang,4,1,28.5,74.3,4.0,13.4,22.0,0.0,us embassy 1
2023-04-04,62.033287518141485,Sedang,4,1,28.5,74.3,6.5,21.6,22.0,0.0,us embassy 2
2023-04-05,74.0,Sedang,4,2,28.7,71.7,6.3,19.4,23.8,0.0,bundaran hi
2023-04-05,73.0,Sedang,4,2,28.4,72.6,6.3,19.4,23.8,0.088,jagakarsa
2023-04-05,69.0,Sedang,4,2,28.6,72.7,6.8,19.4,23.8,0.0,kebun jeruk
2023-04-05,76.0,Sedang,4,2,28.7,73.1,6.4,19.1,24.2,0.0,kelapa gading
2023-04-05,87.0,Sedang,4,2,28.6,72.2,5.9,19.1,24.2,0.0,lubang buaya
2023-04-05,60.36593730061215,Sedang,4,2,28.72222222222222,71.7,3.9,12.1,23.8,0.0,us embassy 1
2023-04-05,42.342976029158834,Baik,4,2,28.6,72.3,6.4,19.4,23.8,0.0,us embassy 2
2023-04-06,74.0,Sedang,4,3,29.3,63.5,6.6,33.5,24.4,0.0,bundaran hi
2023-04-06,73.0,Sedang,4,3,28.9,66.1,6.8,23.8,24.4,0.0,jagakarsa
2023-04-06,69.0,Sedang,4,3,29.0,66.5,7.3,33.5,24.4,0.0,kebun jeruk
2023-04-06,76.0,Sedang,4,3,29.2,66.2,6.7,23.8,24.8,0.0,kelapa gading
2023-04-06,87.0,Sedang,4,3,29.0,65.6,6.2,23.8,24.8,0.0,lubang buaya
2023-04-06,67.43360048440888,Sedang,4,3,29.33333333333333,63.4,4.1,20.8,24.4,0.0,us embassy 1
2023-04-06,54.73760813050114,Sedang,4,3,29.1,65.1,6.7,33.5,24.4,0.0,us embassy 2
2023-04-07,74.0,Sedang,4,4,29.1,67.3,6.5,17.6,24.0,0.0,bundaran hi
2023-04-07,73.0,Sedang,4,4,28.9,68.0,6.6,17.6,24.0,0.0,jagakarsa
2023-04-07,69.0,Sedang,4,4,28.8,69.8,7.2,17.6,24.0,0.0,kebun jeruk
2023-04-07,76.0,Sedang,4,4,29.2,67.9,6.5,17.6,24.1,0.0,kelapa gading
2023-04-07,87.0,Sedang,4,4,29.2,66.9,6.1,17.6,24.1,0.0,lubang buaya
2023-04-07,57.14951068190725,Sedang,4,4,29.05555555555556,67.4,4.1,11.0,24.0,0.0,us embassy 1
2023-04-07,55.948865004722244,Sedang,4,4,29.0,67.9,6.6,17.6,24.0,0.0,us embassy 2
2023-04-08,74.0,Sedang,4,5,28.7,74.8,6.2,22.0,23.1,0.0,bundaran hi
2023-04-08,73.0,Sedang,4,5,28.4,75.4,6.1,22.0,23.1,0.283,jagakarsa
2023-04-08,69.0,Sedang,4,5,28.8,74.5,6.7,22.0,23.1,0.001,kebun jeruk
2023-04-08,76.0,Sedang,4,5,28.7,75.1,6.2,23.0,23.7,0.001,kelapa gading
2023-04-08,87.0,Sedang,4,5,28.4,76.0,5.6,23.0,23.7,0.005,lubang buaya
2023-04-08,78.9147056545126,Sedang,4,5,28.72222222222222,74.8,3.9,13.6,23.1,0.0,us embassy 1
2023-04-08,77.46545802297918,Sedang,4,5,28.7,74.9,6.2,22.0,23.1,0.001,us embassy 2
2023-04-09,74.0,Sedang,4,6,28.9,75.3,6.0,26.6,22.4,0.005,bundaran hi
2023-04-09,73.0,Sedang,4,6,28.6,76.8,6.1,26.6,22.4,2.103,jagakarsa
2023-04-09,69.0,Sedang,4,6,28.7,78.3,6.5,26.6,22.4,0.183,kebun jeruk
2023-04-09,76.0,Sedang,4,6,28.9,76.3,6.1,29.5,22.1,0.033,kelapa gading
2023-04-09,87.0,Sedang,4,6,28.8,75.9,5.6,29.5,22.1,0.084,lubang buaya
2023-04-09,83.14483863903287,Sedang,4,6,28.88888888888889,75.3,3.8,16.6,22.4,0.0,us embassy 1
2023-04-09,73.49189865569129,Sedang,4,6,28.8,76.3,6.1,26.6,22.4,0.081,us embassy 2
2023-04-10,64.625,Sedang,4,0,28.1,79.2,6.7,32.8,19.7,3.001,bundaran hi
2023-04-10,65.29166666666667,Sedang,4,0,27.7,80.8,6.8,32.8,19.7,4.088,jagakarsa
2023-04-10,40.25,Baik,4,0,27.8,81.7,7.2,32.8,19.7,3.507,kebun jeruk
2023-04-10,59.0,Sedang,4,0,28.0,79.9,6.8,33.1,20.4,2.582,kelapa gading
2023-04-10,73.58333333333333,Sedang,4,0,27.9,80.4,6.4,33.1,20.4,3.261,lubang buaya
2023-04-10,50.929068420175646,Sedang,4,0,28.111111111111107,79.2,4.2,20.4,19.7,0.118,us embassy 1
2023-04-10,58.34677503533175,Sedang,4,0,27.9,80.3,6.8,32.8,19.7,3.258,us embassy 2
2023-04-11,47.291666666666664,Baik,4,1,28.4,78.1,6.5,40.7,20.0,0.033,bundaran hi
2023-04-11,46.541666666666664,Baik,4,1,28.1,79.5,6.7,40.7,20.0,0.737,jagakarsa
2023-04-11,0.0,Baik,4,1,28.1,80.5,7.0,40.7,20.0,0.847,kebun jeruk
2023-04-11,31.875,Baik,4,1,28.3,78.6,6.8,40.7,20.5,0.471,kelapa gading
2023-04-11,6.875,Baik,4,1,28.3,78.8,6.4,40.7,20.5,0.532,lubang buaya
2023-04-11,59.09093580377962,Sedang,4,1,28.38888888888889,78.1,4.0,25.3,20.0,0.0,us embassy 1
2023-04-11,25.0412111825345,Baik,4,1,28.3,79.0,6.7,40.7,20.0,0.428,us embassy 2
2023-04-12,52.166666666666664,Sedang,4,2,29.0,73.3,6.6,42.5,21.4,0.104,bundaran hi
2023-04-12,51.583333333333336,Sedang,4,2,28.7,74.8,6.6,42.5,21.4,2.702,jagakarsa
2023-04-12,0.0,Baik,4,2,28.6,77.1,7.3,42.5,21.4,3.666,kebun jeruk
2023-04-12,35.166666666666664,Baik,4,2,28.9,74.3,6.6,42.5,22.3,0.652,kelapa gading
2023-04-12,46.791666666666664,Baik,4,2,28.9,73.7,6.1,42.5,22.3,1.681,lubang buaya
2023-04-12,31.951748582455192,Baik,4,2,29.0,73.4,4.2,26.4,21.4,0.001,us embassy 1
2023-04-12,23.954530006637537,Baik,4,2,28.9,74.6,6.7,42.5,21.4,1.621,us embassy 2
2023-04-13,48.833333333333336,Baik,4,3,28.8,74.1,7.1,40.7,20.7,0.019,bundaran hi
2023-04-13,57.5,Sedang,4,3,28.6,74.5,7.4,40.7,20.7,1.416,jagakarsa
2023-04-13,0.0,Baik,4,3,28.7,76.0,8.2,40.7,20.7,0.6,kebun jeruk
2023-04-13,35.666666666666664,Baik,4,3,28.8,74.1,7.2,40.7,21.0,0.134,kelapa gading
2023-04-13,57.666666666666664,Sedang,4,3,28.8,73.1,6.8,40.7,21.0,0.572,lubang buaya
2023-04-13,37.12516041826917,Baik,4,3,28.83333333333333,74.2,4.4,25.3,20.7,0.0,us embassy 1
2023-04-13,27.597285321497406,Baik,4,3,28.8,74.5,7.4,40.7,20.7,0.402,us embassy 2
2023-04-14,57.083333333333336,Sedang,4,4,28.2,80.9,6.6,40.7,19.2,65.015,bundaran hi
2023-04-14,63.583333333333336,Sedang,4,4,28.0,80.8,6.8,20.5,19.2,28.819,jagakarsa
2023-04-14,0.0,Baik,4,4,28.2,81.4,7.1,40.7,19.2,38.146,kebun jeruk
2023-04-14,51.125,Sedang,4,4,28.3,80.3,6.8,20.9,19.7,35.081,kelapa gading
2023-04-14,67.58333333333333,Sedang,4,4,28.1,80.4,6.4,20.9,19.7,41.626,lubang buaya
2023-04-14,50.12179521086012,Sedang,4,4,28.22222222222222,81.0,4.1,25.3,19.2,2.612,us embassy 1
2023-04-14,47.126690283844816,Baik,4,4,28.2,80.8,6.7,40.7,19.2,49.565,us embassy 2
2023-04-15,87.29166666666667,Sedang,4,5,28.6,79.6,6.1,26.3,18.3,1.942,bundaran hi
2023-04-15,58.875,Sedang,4,5,28.4,79.6,6.2,26.3,18.3,0.853,jagakarsa
2023-04-15,0.0,Baik,4,5,28.6,79.4,6.8,26.3,18.3,1.068,kebun jeruk
2023-04-15,73.875,Sedang,4,5,28.6,79.5,6.2,26.3,19.0,0.77,kelapa gading
2023-04-15,87.04166666666667,Sedang,4,5,28.4,79.8,5.6,26.3,19.0,1.121,lubang buaya
2023-04-15,65.20437521737598,Sedang,4,5,28.55555555555556,79.6,3.8,16.3,18.3,0.078,us embassy 1
2023-04-15,58.09216438294181,Sedang,4,5,28.6,79.5,6.3,26.3,18.3,1.422,us embassy 2
2023-04-16,66.375,Sedang,4,6,28.7,77.8,6.5,59.4,19.7,12.011,bundaran hi
2023-04-16,60.916666666666664,Sedang,4,6,28.6,77.8,6.6,59.4,19.7,10.199,jagakarsa
2023-04-16,0.0,Baik,4,6,28.3,80.2,7.2,59.4,19.7,11.357,kebun jeruk
2023-04-16,66.375,Sedang,4,6,28.7,77.8,6.5,59.4,19.4,12.93,kelapa gading
2023-04-16,83.45833333333333,Sedang,4,6,28.9,76.3,6.1,59.4,19.4,11.945,lubang buaya
2023-04-16,65.51871029503434,Sedang,4,6,28.666666666666668,77.9,4.1,36.9,19.7,0.472,us embassy 1
2023-04-16,58.304198280278605,Sedang,4,6,28.6,78.1,6.7,59.4,19.7,11.785,us embassy 2
2023-04-17,58.5,Sedang,4,0,29.4,76.2,7.0,17.3,18.8,0.0,bundaran hi
2023-04-17,62.125,Sedang,4,0,29.2,76.5,7.0,17.3,18.8,0.036,jagakarsa
2023-04-17,0.0,Baik,4,0,29.2,77.3,7.9,17.3,18.8,0.0,kebun jeruk
2023-04-17,57.333333333333336,Sedang,4,0,29.4,76.3,7.1,17.3,18.9,0.0,kelapa gading
2023-04-17,72.54166666666667,Sedang,4,0,29.4,75.6,6.4,17.3,18.9,0.0,lubang buaya
2023-04-17,52.693465429777916,Sedang,4,0,29.38888888888889,76.2,4.3,10.7,18.8,0.0,us embassy 1
2023-04-17,50.08346784190433,Sedang,4,0,29.4,76.4,7.2,17.3,18.8,0.0,us embassy 2
2023-04-18,70.75,Sedang,4,1,29.3,78.8,6.2,23.4,19.6,12.978,bundaran hi
2023-04-18,62.666666666666664,Sedang,4,1,29.0,79.1,6.2,23.4,19.6,9.301,jagakarsa
2023-04-18,0.0,Baik,4,1,29.1,80.6,6.5,23.4,19.6,10.226,kebun jeruk
2023-04-18,66.70833333333333,Sedang,4,1,29.3,78.8,6.2,24.1,20.0,14.58,kelapa gading
2023-04-18,82.95833333333333,Sedang,4,1,29.2,78.1,5.8,24.1,20.0,12.038,lubang buaya
2023-04-18,65.02376665866159,Sedang,4,1,29.27777777777778,78.9,3.9,14.5,19.6,0.512,us embassy 1
2023-04-18,62.67563468972418,Sedang,4,1,29.2,79.2,6.2,23.4,19.6,11.832,us embassy 2
2023-04-19,71.83333333333333,Sedang,4,2,29.0,80.5,5.7,22.3,20.6,29.659,bundaran hi
2023-04-19,66.625,Sedang,4,2,28.7,81.0,5.5,22.3,20.6,15.39,jagakarsa
2023-04-19,0.0,Baik,4,2,28.9,81.4,6.1,22.3,20.6,17.449,kebun jeruk
2023-04-19,71.66666666666667,Sedang,4,2,29.0,80.2,5.7,23.0,20.9,11.999,kelapa gading
2023-04-19,84.29166666666667,Sedang,4,2,28.8,80.5,5.1,23.0,20.9,18.159,lubang buaya
2023-04-19,73.48738335091357,Sedang,4,2,28.944444444444443,80.5,3.6,13.9,20.6,1.195,us embassy 1
2023-04-19,71.5699614087932,Sedang,4,2,28.9,80.7,5.7,22.3,20.6,22.444,us embassy 2
2023-04-20,64.04166666666667,Sedang,4,3,28.8,83.2,5.2,16.2,17.6,3.887,bundaran hi
2023-04-20,62.833333333333336,Sedang,4,3,28.4,84.9,4.9,16.2,17.6,2.711,jagakarsa
2023-04-20,0.0,Baik,4,3,28.8,82.7,5.6,16.2,17.6,2.188,kebun jeruk
2023-04-20,68.58333333333333,Sedang,4,3,28.7,83.4,5.2,18.4,18.6,1.552,kelapa gading
2023-04-20,70.125,Sedang,4,3,28.4,86.6,4.4,18.4,18.6,2.291,lubang buaya
2023-04-20,70.33010769936817,Sedang,4,3,28.77777777777778,83.1,3.2,10.1,17.6,0.157,us embassy 1
2023-04-20,68.05593439340915,Sedang,4,3,28.7,83.7,5.1,16.2,17.6,2.878,us embassy 2
2023-04-21,69.33333333333333,Sedang,4,4,29.0,79.4,5.9,31.7,18.5,2.249,bundaran hi
2023-04-21,16.25,Baik,4,4,28.7,79.8,5.8,17.3,18.5,2.261,jagakarsa
2023-04-21,0.0,Baik,4,4,28.9,80.1,6.5,31.7,18.5,1.471,kebun jeruk
2023-04-21,73.83333333333333,Sedang,4,4,29.0,79.2,6.0,18.4,19.8,1.201,kelapa gading
2023-04-21,83.54166666666667,Sedang,4,4,28.8,79.2,5.4,18.4,19.8,1.561,lubang buaya
2023-04-21,75.4646682669497,Sedang,4,4,29.05555555555556,79.5,3.7,19.7,18.5,0.09,us embassy 1
2023-04-21,72.95356894577996,Sedang,4,4,28.9,79.6,6.0,31.7,18.5,1.81,us embassy 2
2023-04-22,72.75,Sedang,4,5,29.7,77.1,6.5,25.6,21.1,0.044,bundaran hi
2023-04-22,63.875,Sedang,4,5,29.4,77.6,6.3,25.6,21.1,3.236,jagakarsa
2023-04-22,60.375,Sedang,4,5,29.5,79.2,7.2,25.6,21.1,1.371,kebun jeruk
2023-04-22,74.5,Sedang,4,5,29.8,76.7,6.6,26.6,21.9,0.307,kelapa gading
2023-04-22,85.25,Sedang,4,5,29.7,76.7,5.9,26.6,21.9,1.307,lubang buaya
2023-04-22,72.41872019404398,Sedang,4,5,29.72222222222222,77.2,4.0,15.9,21.1,0.0,us embassy 1
2023-04-22,63.785328265394945,Sedang,4,5,29.6,77.5,6.6,25.6,21.1,0.919,us embassy 2
2023-04-23,74.0,Sedang,4,6,29.3,79.4,6.1,25.9,19.5,3.962,bundaran hi
2023-04-23,73.0,Sedang,4,6,28.9,79.5,6.0,25.9,19.5,6.139,jagakarsa
2023-04-23,69.0,Sedang,4,6,29.2,80.5,6.3,25.9,19.5,4.718,kebun jeruk
2023-04-23,76.0,Sedang,4,6,29.3,78.8,6.2,27.4,20.6,2.036,kelapa gading
2023-04-23,87.0,Sedang,4,6,29.1,78.4,5.8,27.4,20.6,3.778,lubang buaya
2023-04-23,70.54045140308143,Sedang,4,6,29.33333333333333,79.5,3.8,16.1,19.5,0.157,us embassy 1
2023-04-23,67.98404404980388,Sedang,4,6,29.2,79.5,6.1,25.9,19.5,4.162,us embassy 2
2023-04-24,74.0,Sedang,4,0,29.2,79.2,6.7,25.2,21.2,10.0,bundaran hi
2023-04-24,73.0,Sedang,4,0,28.8,79.5,6.8,25.2,21.2,8.194,jagakarsa
2023-04-24,69.0,Sedang,4,0,29.1,79.8,7.0,25.2,21.2,7.9,kebun jeruk
2023-04-24,76.0,Sedang,4,0,29.2,79.0,6.9,25.6,22.0,11.728,kelapa gading
2023-04-24,87.0,Sedang,4,0,28.9,79.1,6.7,25.6,22.0,9.615,lubang buaya
2023-04-24,72.34771726425147,Sedang,4,0,29.27777777777778,79.2,4.2,15.7,21.2,0.394,us embassy 1
2023-04-24,64.85961373390205,Sedang,4,0,29.1,79.4,6.8,25.2,21.2,9.237,us embassy 2
2023-04-25,74.0,Sedang,4,1,28.6,79.2,6.4,33.5,19.1,0.007,bundaran hi
2023-04-25,73.0,Sedang,4,1,28.4,79.4,6.3,19.4,19.1,0.669,jagakarsa
2023-04-25,69.0,Sedang,4,1,28.6,78.9,7.0,33.5,19.1,0.058,kebun jeruk
2023-04-25,76.0,Sedang,4,1,28.6,78.8,6.5,20.2,20.3,0.174,kelapa gading
2023-04-25,87.0,Sedang,4,1,28.5,79.4,5.9,20.2,20.3,0.125,lubang buaya
2023-04-25,61.41006769015171,Sedang,4,1,28.61111111111111,79.2,4.0,20.8,19.1,0.0,us embassy 1
2023-04-25,61.175173644781495,Sedang,4,1,28.6,79.1,6.5,33.5,19.1,0.052,us embassy 2
2023-04-26,74.0,Sedang,4,2,28.3,82.7,6.0,19.8,19.3,0.988,bundaran hi
2023-04-26,73.0,Sedang,4,2,27.9,83.5,5.8,19.8,19.3,1.631,jagakarsa
2023-04-26,69.0,Sedang,4,2,28.5,81.3,6.8,19.8,19.3,1.048,kebun jeruk
2023-04-26,76.0,Sedang,4,2,28.2,82.9,6.0,18.7,20.1,0.5,kelapa gading
2023-04-26,87.0,Sedang,4,2,27.7,84.5,5.3,18.7,20.1,1.051,lubang buaya
2023-04-26,55.4375346116731,Sedang,4,2,28.38888888888889,82.6,3.7,12.3,19.3,0.039,us embassy 1
2023-04-26,74.50489770007722,Sedang,4,2,28.2,82.7,6.1,19.8,19.3,1.056,us embassy 2
2023-04-27,74.0,Sedang,4,3,29.4,78.0,6.0,23.8,19.9,0.002,bundaran hi
2023-04-27,73.0,Sedang,4,3,29.0,78.3,5.6,23.8,19.9,0.454,jagakarsa
2023-04-27,69.0,Sedang,4,3,29.3,78.7,6.3,23.8,19.9,0.043,kebun jeruk
2023-04-27,76.0,Sedang,4,3,29.3,77.7,5.9,24.8,20.2,0.01,kelapa gading
2023-04-27,87.0,Sedang,4,3,29.1,77.3,5.2,24.8,20.2,0.041,lubang buaya
2023-04-27,66.93688937172276,Sedang,4,3,29.38888888888889,78.0,3.7,14.8,19.9,0.0,us embassy 1
2023-04-27,76.63627269929205,Sedang,4,3,29.3,78.0,5.9,23.8,19.9,0.028,us embassy 2
2023-04-28,74.0,Sedang,4,4,29.2,79.5,5.7,19.4,20.4,0.381,bundaran hi
2023-04-28,73.0,Sedang,4,4,28.8,80.2,5.4,19.4,20.4,11.767,jagakarsa
2023-04-28,69.0,Sedang,4,4,29.0,81.2,5.8,19.4,20.4,6.211,kebun jeruk
2023-04-28,76.0,Sedang,4,4,29.1,79.8,5.8,19.4,21.4,7.657,kelapa gading
2023-04-28,87.0,Sedang,4,4,29.1,78.9,5.1,19.4,21.4,7.274,lubang buaya
2023-04-28,61.30719387493827,Sedang,4,4,29.22222222222222,79.5,3.5,12.1,20.4,0.002,us embassy 1
2023-04-28,76.63627269929205,Sedang,4,4,29.1,79.9,5.6,19.4,20.4,4.337,us embassy 2
2023-04-29,74.0,Sedang,4,5,29.0,78.0,5.5,22.3,19.4,0.0,bundaran hi
2023-04-29,73.0,Sedang,4,5,28.7,78.0,5.1,22.3,19.4,0.0,jagakarsa
2023-04-29,69.0,Sedang,4,5,28.6,80.0,5.5,22.3,19.4,0.0,kebun jeruk
2023-04-29,76.0,Sedang,4,5,29.0,77.5,5.4,23.0,20.2,0.0,kelapa gading
2023-04-29,87.0,Sedang,4,5,28.9,76.8,4.8,23.0,20.2,0.0,lubang buaya
2023-04-29,71.34832960130193,Sedang,4,5,28.944444444444443,78.1,3.4,13.9,19.4,0.0,us embassy 1
2023-04-29,76.63627269929205,Sedang,4,5,28.9,78.2,5.3,22.3,19.4,0.0,us embassy 2
2023-04-30,74.0,Sedang,4,6,29.5,78.1,5.4,18.4,19.6,0.0,bundaran hi
2023-04-30,73.0,Sedang,4,6,29.2,78.9,5.1,18.4,19.6,4.441,jagakarsa
2023-04-30,69.0,Sedang,4,6,29.3,80.0,5.4,18.4,19.6,0.001,kebun jeruk
2023-04-30,76.0,Sedang,4,6,29.5,78.1,5.4,18.4,20.2,0.001,kelapa gading
2023-04-30,87.0,Sedang,4,6,29.3,77.4,4.9,18.4,20.2,0.005,lubang buaya
2023-04-30,88.36153435581645,Sedang,4,6,29.444444444444443,78.1,3.4,11.4,19.6,0.0,us embassy 1
2023-04-30,76.63627269929205,Sedang,4,6,29.4,78.6,5.3,18.4,19.6,0.001,us embassy 2
2023-05-01,74.0,Sedang,5,0,28.3,85.0,5.1,17.6,17.2,0.1,bundaran hi
2023-05-01,73.0,Sedang,5,0,27.9,86.2,4.7,17.6,17.2,5.154,jagakarsa
2023-05-01,69.0,Sedang,5,0,28.2,85.6,5.4,17.6,17.2,3.167,kebun jeruk
2023-05-01,76.0,Sedang,5,0,28.2,85.4,5.2,19.1,17.3,0.697,kelapa gading
2023-05-01,87.0,Sedang,5,0,27.9,86.4,4.3,19.1,17.3,2.574,lubang buaya
2023-05-01,74.93262165566159,Sedang,5,0,28.33333333333333,85.0,3.2,11.0,17.2,0.0,us embassy 1
2023-05-01,76.63627269929205,Sedang,5,0,28.2,85.6,5.0,17.6,17.2,1.762,us embassy 2
2023-05-02,74.0,Sedang,5,1,28.9,82.0,5.2,20.2,19.1,0.486,bundaran hi
2023-05-02,73.0,Sedang,5,1,28.5,82.0,4.9,20.2,19.1,0.632,jagakarsa
2023-05-02,69.0,Sedang,5,1,28.8,82.0,5.2,20.2,19.1,0.267,kebun jeruk
2023-05-02,76.0,Sedang,5,1,28.9,81.6,5.2,21.6,19.1,0.193,kelapa gading
2023-05-02,87.0,Sedang,5,1,28.6,81.6,4.7,21.6,19.1,0.28,lubang buaya
2023-05-02,92.27636817082471,Sedang,5,1,28.83333333333333,82.0,3.2,12.5,19.1,0.02,us embassy 1
2023-05-02,76.63627269929205,Sedang,5,1,28.8,81.9,5.1,20.2,19.1,0.355,us embassy 2
2023-05-03,74.0,Sedang,5,2,29.5,80.9,5.9,19.1,17.2,0.011,bundaran hi
2023-05-03,73.0,Sedang,5,2,29.3,81.7,5.6,19.1,17.2,8.145,jagakarsa
2023-05-03,69.0,Sedang,5,2,29.4,81.9,6.3,19.1,17.2,0.344,kebun jeruk
2023-05-03,76.0,Sedang,5,2,29.5,81.2,5.8,20.9,17.9,0.078,kelapa gading
2023-05-03,87.0,Sedang,5,2,29.4,81.5,5.1,20.9,17.9,0.332,lubang buaya
2023-05-03,89.92426807260175,Sedang,5,2,29.55555555555556,80.9,3.7,11.9,17.2,0.0,us embassy 1
2023-05-03,76.63627269929205,Sedang,5,2,29.5,81.3,5.8,19.1,17.2,0.231,us embassy 2
2023-05-04,74.0,Sedang,5,3,28.6,84.0,6.5,22.0,18.4,3.386,bundaran hi
2023-05-04,73.0,Sedang,5,3,28.2,85.8,6.3,22.0,18.4,6.471,jagakarsa
2023-05-04,69.0,Sedang,5,3,28.6,84.2,6.6,22.0,18.4,5.379,kebun jeruk
2023-05-04,76.0,Sedang,5,3,28.5,85.0,6.6,21.6,19.1,14.515,kelapa gading
2023-05-04,87.0,Sedang,5,3,28.1,86.8,6.0,21.6,19.1,7.878,lubang buaya
2023-05-04,60.22933084661761,Sedang,5,3,28.61111111111111,83.9,4.0,13.6,18.4,0.121,us embassy 1
2023-05-04,76.63627269929205,Sedang,5,3,28.5,84.7,6.4,22.0,18.4,5.332,us embassy 2
2023-05-05,74.0,Sedang,5,4,28.8,83.4,5.8,23.4,19.7,19.077,bundaran hi
2023-05-05,73.0,Sedang,5,4,28.6,84.3,5.6,23.4,19.7,13.124,jagakarsa
2023-05-05,69.0,Sedang,5,4,28.8,83.3,5.9,23.4,19.7,14.98,kebun jeruk
2023-05-05,76.0,Sedang,5,4,28.8,83.8,5.8,23.0,19.7,25.077,kelapa gading
2023-05-05,87.0,Sedang,5,4,28.7,84.6,5.4,23.0,19.7,18.737,lubang buaya
2023-05-05,61.215796307661606,Sedang,5,4,28.83333333333333,83.3,3.6,14.5,19.7,0.749,us embassy 1
2023-05-05,76.63627269929205,Sedang,5,4,28.8,83.6,5.8,23.4,19.7,17.677,us embassy 2
2023-05-06,74.0,Sedang,5,5,28.8,82.3,5.3,20.9,19.0,0.768,bundaran hi
2023-05-06,73.0,Sedang,5,5,28.6,82.8,5.3,20.9,19.0,7.979,jagakarsa
2023-05-06,69.0,Sedang,5,5,28.8,82.1,5.7,20.9,19.0,6.005,kebun jeruk
2023-05-06,76.0,Sedang,5,5,28.8,82.5,5.4,20.2,18.9,21.724,kelapa gading
2023-05-06,87.0,Sedang,5,5,28.8,82.6,5.0,20.2,18.9,10.332,lubang buaya
2023-05-06,72.19358925330448,Sedang,5,5,28.83333333333333,82.3,3.3,13.0,19.0,0.006,us embassy 1
2023-05-06,76.63627269929205,Sedang,5,5,28.8,82.4,5.4,20.9,19.0,5.201,us embassy 2
2023-05-07,74.0,Sedang,5,6,28.4,83.9,5.3,19.4,12.6,44.68,bundaran hi
2023-05-07,73.0,Sedang,5,6,27.9,85.1,4.9,19.4,12.6,18.118,jagakarsa
2023-05-07,69.0,Sedang,5,6,28.4,84.3,5.2,19.4,12.6,24.695,kebun jeruk
2023-05-07,76.0,Sedang,5,6,28.3,84.4,5.3,20.5,13.8,17.74,kelapa gading
2023-05-07,87.0,Sedang,5,6,27.9,85.3,4.7,20.5,13.8,25.898,lubang buaya
2023-05-07,77.46157763962763,Sedang,5,6,28.38888888888889,83.9,3.3,12.1,12.6,1.802,us embassy 1
2023-05-07,76.63627269929205,Sedang,5,6,28.3,84.4,5.1,19.4,12.6,32.783,us embassy 2
2023-05-08,74.0,Sedang,5,0,28.1,82.4,6.4,16.2,15.4,0.0,bundaran hi
2023-05-08,73.0,Sedang,5,0,27.7,83.7,6.4,16.2,15.4,2.295,jagakarsa
2023-05-08,69.0,Sedang,5,0,28.1,82.7,7.2,16.2,15.4,0.0,kebun jeruk
2023-05-08,76.0,Sedang,5,0,28.0,82.6,6.3,12.6,14.6,0.0,kelapa gading
2023-05-08,87.0,Sedang,5,0,27.7,84.5,5.8,12.6,14.6,0.0,lubang buaya
2023-05-08,76.93187697418985,Sedang,5,0,28.111111111111107,82.4,4.0,10.1,15.4,0.0,us embassy 1
2023-05-08,76.63627269929205,Sedang,5,0,28.0,82.9,6.5,16.2,15.4,0.0,us embassy 2
2023-05-09,74.0,Sedang,5,1,29.6,78.4,6.0,19.4,19.4,0.001,bundaran hi
2023-05-09,73.0,Sedang,5,1,29.3,79.4,5.8,19.4,19.4,0.101,jagakarsa
2023-05-09,69.0,Sedang,5,1,29.5,79.0,6.3,19.4,19.4,0.043,kebun jeruk
2023-05-09,76.0,Sedang,5,1,29.6,78.6,6.0,20.5,19.9,0.01,kelapa gading
2023-05-09,87.0,Sedang,5,1,29.4,79.4,5.4,20.5,19.9,0.041,lubang buaya
2023-05-09,69.27888758350254,Sedang,5,1,29.61111111111111,78.4,3.7,12.1,19.4,0.0,us embassy 1
2023-05-09,76.63627269929205,Sedang,5,1,29.5,78.8,5.9,19.4,19.4,0.029,us embassy 2
2023-05-10,74.0,Sedang,5,2,30.3,77.6,5.6,25.6,19.9,0.0,bundaran hi
2023-05-10,73.0,Sedang,5,2,30.0,78.7,5.4,25.6,19.9,0.0,jagakarsa
2023-05-10,69.0,Sedang,5,2,30.1,79.1,6.0,25.6,19.9,0.0,kebun jeruk
2023-05-10,76.0,Sedang,5,2,30.2,78.3,5.6,27.7,19.9,0.0,kelapa gading
2023-05-10,87.0,Sedang,5,2,30.2,78.5,4.9,27.7,19.9,0.0,lubang buaya
2023-05-10,92.14847551036125,Sedang,5,2,30.27777777777778,77.6,3.5,15.9,19.9,0.0,us embassy 1
2023-05-10,93.52888059701849,Sedang,5,2,30.2,78.3,5.6,25.6,19.9,0.0,us embassy 2
2023-05-11,74.0,Sedang,5,3,29.2,80.0,6.1,36.7,17.1,0.0,bundaran hi
2023-05-11,73.0,Sedang,5,3,29.1,80.4,5.8,36.7,17.1,0.0,jagakarsa
2023-05-11,69.0,Sedang,5,3,29.3,80.1,6.6,36.7,17.1,0.0,kebun jeruk
2023-05-11,76.0,Sedang,5,3,29.2,80.1,5.9,37.4,16.1,0.0,kelapa gading
2023-05-11,87.0,Sedang,5,3,29.1,80.7,5.3,37.4,16.1,0.0,lubang buaya
2023-05-11,95.39627641427226,Sedang,5,3,29.22222222222222,80.0,3.8,22.8,17.1,0.0,us embassy 1
2023-05-11,93.4017709744104,Sedang,5,3,29.2,80.1,6.1,36.7,17.1,0.0,us embassy 2
2023-05-12,74.0,Sedang,5,4,30.4,72.8,7.3,36.4,19.7,0.001,bundaran hi
2023-05-12,73.0,Sedang,5,4,30.3,72.8,7.6,36.4,19.7,0.081,jagakarsa
2023-05-12,69.0,Sedang,5,4,30.4,72.8,8.1,36.4,19.7,0.034,kebun jeruk
2023-05-12,76.0,Sedang,5,4,30.5,73.1,7.5,36.7,20.0,0.008,kelapa gading
2023-05-12,87.0,Sedang,5,4,30.4,72.9,7.3,36.7,20.0,0.033,lubang buaya
2023-05-12,60.54703854926615,Sedang,5,4,30.444444444444443,72.8,4.6,22.6,19.7,0.0,us embassy 1
2023-05-12,58.03305632993923,Sedang,5,4,30.4,72.8,7.6,36.4,19.7,0.023,us embassy 2
2023-05-13,74.0,Sedang,5,5,29.0,84.2,6.3,33.5,20.1,19.558,bundaran hi
2023-05-13,73.0,Sedang,5,5,28.6,85.4,6.1,19.1,20.1,13.301,jagakarsa
2023-05-13,69.0,Sedang,5,5,29.2,83.8,6.7,33.5,20.1,12.63,kebun jeruk
2023-05-13,76.0,Sedang,5,5,28.9,84.8,6.3,19.8,20.5,10.719,kelapa gading
2023-05-13,87.0,Sedang,5,5,28.6,85.9,5.8,19.8,20.5,13.359,lubang buaya
2023-05-13,57.632328449819035,Sedang,5,5,29.0,84.0,3.9,20.8,20.1,0.784,us embassy 1
2023-05-13,56.91924155486412,Sedang,5,5,28.9,84.5,6.3,33.5,20.1,15.553,us embassy 2
2023-05-14,74.0,Sedang,5,6,29.4,71.1,6.4,20.2,19.1,0.05,bundaran hi
2023-05-14,73.0,Sedang,5,6,29.1,71.7,6.4,20.2,19.1,3.641,jagakarsa
2023-05-14,69.0,Sedang,5,6,29.3,72.0,6.7,20.2,19.1,1.543,kebun jeruk
2023-05-14,76.0,Sedang,5,6,29.4,71.4,6.5,20.2,20.8,0.345,kelapa gading
2023-05-14,87.0,Sedang,5,6,29.3,71.0,6.1,20.2,20.8,1.471,lubang buaya
2023-05-14,67.93284064149375,Sedang,5,6,29.38888888888889,71.1,4.0,12.5,19.1,0.0,us embassy 1
2023-05-14,72.35082170745623,Sedang,5,6,29.3,71.4,6.5,20.2,19.1,1.034,us embassy 2
2023-05-15,74.0,Sedang,5,0,29.1,70.7,6.5,20.9,20.1,0.0,bundaran hi
2023-05-15,73.0,Sedang,5,0,28.9,71.1,6.4,20.9,20.1,0.0,jagakarsa
2023-05-15,69.0,Sedang,5,0,29.0,71.1,6.8,20.9,20.1,0.0,kebun jeruk
2023-05-15,76.0,Sedang,5,0,29.2,70.7,6.6,23.0,20.8,0.0,kelapa gading
2023-05-15,87.0,Sedang,5,0,29.1,70.3,6.2,23.0,20.8,0.0,lubang buaya
2023-05-15,72.684071930046,Sedang,5,0,29.11111111111111,70.7,4.0,13.0,20.1,0.0,us embassy 1
2023-05-15,68.85960318348306,Sedang,5,0,29.1,70.7,6.5,20.9,20.1,0.0,us embassy 2
2023-05-16,74.0,Sedang,5,1,29.7,71.5,6.3,17.3,19.2,0.0,bundaran hi
2023-05-16,73.0,Sedang,5,1,29.4,72.5,6.1,17.3,19.2,0.0,jagakarsa
2023-05-16,69.0,Sedang,5,1,29.5,72.4,6.9,17.3,19.2,0.0,kebun jeruk
2023-05-16,76.0,Sedang,5,1,29.7,71.9,6.4,19.1,19.2,0.0,kelapa gading
2023-05-16,87.0,Sedang,5,1,29.6,72.0,5.8,19.1,19.2,0.0,lubang buaya
2023-05-16,81.37201063285454,Sedang,5,1,29.72222222222222,71.5,3.9,10.7,19.2,0.0,us embassy 1
2023-05-16,82.94293926229074,Sedang,5,1,29.6,71.9,6.4,17.3,19.2,0.0,us embassy 2
2023-05-17,74.0,Sedang,5,2,29.5,71.7,6.4,18.7,18.9,0.0,bundaran hi
2023-05-17,73.0,Sedang,5,2,29.2,72.2,6.2,18.7,18.9,0.0,jagakarsa
2023-05-17,69.0,Sedang,5,2,29.4,72.6,7.0,18.7,18.9,0.0,kebun jeruk
2023-05-17,76.0,Sedang,5,2,29.5,71.8,6.5,18.4,19.7,0.0,kelapa gading
2023-05-17,87.0,Sedang,5,2,29.3,71.2,5.7,18.4,19.7,0.0,lubang buaya
2023-05-17,83.67622100577749,Sedang,5,2,29.5,71.8,4.0,11.6,18.9,0.0,us embassy 1
2023-05-17,77.30202832710474,Sedang,5,2,29.4,71.9,6.5,18.7,18.9,0.0,us embassy 2
2023-05-18,74.0,Sedang,5,3,29.2,72.9,5.9,21.6,17.7,0.0,bundaran hi
2023-05-18,73.0,Sedang,5,3,28.8,73.3,5.6,21.6,17.7,0.0,jagakarsa
2023-05-18,69.0,Sedang,5,3,28.9,74.8,6.3,21.6,17.7,0.0,kebun jeruk
2023-05-18,76.0,Sedang,5,3,29.2,72.6,5.9,21.2,18.5,0.0,kelapa gading
2023-05-18,87.0,Sedang,5,3,29.1,71.8,5.4,21.2,18.5,0.0,lubang buaya
2023-05-18,93.6737061906938,Sedang,5,3,29.166666666666668,73.0,3.7,13.4,17.7,0.0,us embassy 1
2023-05-18,85.75331499532864,Sedang,5,3,29.1,73.2,5.9,21.6,17.7,0.0,us embassy 2
2023-05-19,85.5,Sedang,5,4,28.9,78.4,5.2,20.9,16.8,0.002,bundaran hi
2023-05-19,99.25,Sedang,5,4,28.4,79.9,4.7,20.9,16.8,0.162,jagakarsa
2023-05-19,17.25,Baik,5,4,28.8,78.1,5.3,20.9,16.8,0.069,kebun jeruk
2023-05-19,85.16666666666667,Sedang,5,4,28.8,79.1,5.1,20.9,17.8,0.015,kelapa gading
2023-05-19,107.25,Tidak Sehat,5,4,28.4,80.6,4.4,20.9,17.8,0.065,lubang buaya
2023-05-19,91.21908457422398,Sedang,5,4,28.88888888888889,78.3,3.2,13.0,16.8,0.008,us embassy 1
2023-05-19,89.46301336318429,Sedang,5,4,28.7,78.9,5.0,20.9,16.8,0.046,us embassy 2
2023-05-20,95.875,Sedang,5,5,29.3,76.6,5.8,21.2,18.4,0.0,bundaran hi
2023-05-20,97.66666666666667,Sedang,5,5,29.0,77.0,5.5,21.2,18.4,0.0,jagakarsa
2023-05-20,0.0,Baik,5,5,29.2,78.2,6.1,21.2,18.4,0.0,kebun jeruk
2023-05-20,93.08333333333333,Sedang,5,5,29.2,76.7,5.7,21.2,18.1,0.0,kelapa gading
2023-05-20,121.79166666666667,Tidak Sehat,5,5,29.1,76.1,5.1,21.2,18.1,0.0,lubang buaya
2023-05-20,98.09458148915947,Sedang,5,5,29.27777777777778,76.6,3.6,13.2,18.4,0.0,us embassy 1
2023-05-20,103.8893698921009,Tidak Sehat,5,5,29.2,76.9,5.7,21.2,18.4,0.0,us embassy 2
2023-05-21,95.29166666666667,Sedang,5,6,29.1,79.8,5.3,19.4,18.9,2.029,bundaran hi
2023-05-21,87.625,Sedang,5,6,28.8,80.3,4.9,19.4,18.9,5.425,jagakarsa
2023-05-21,2.875,Baik,5,6,29.1,80.1,5.5,19.4,18.9,2.828,kebun jeruk
2023-05-21,95.16666666666667,Sedang,5,6,29.1,79.9,5.3,20.5,20.0,2.206,kelapa gading
2023-05-21,114.875,Tidak Sehat,5,6,28.8,80.4,4.5,20.5,20.0,3.015,lubang buaya
2023-05-21,98.46276349051941,Sedang,5,6,29.166666666666668,79.8,3.3,12.1,18.9,0.079,us embassy 1
2023-05-21,93.29144700274897,Sedang,5,6,29.0,80.0,5.2,19.4,18.9,2.66,us embassy 2
2023-05-22,87.83333333333333,Sedang,5,0,28.9,78.3,6.0,18.7,19.2,0.098,bundaran hi
2023-05-22,77.20833333333333,Sedang,5,0,28.6,79.0,5.9,18.7,19.2,2.42,jagakarsa
2023-05-22,0.0,Baik,5,0,29.0,78.1,6.1,18.7,19.2,3.4,kebun jeruk
2023-05-22,89.29166666666667,Sedang,5,0,28.9,78.6,6.1,20.5,19.8,0.611,kelapa gading
2023-05-22,80.125,Sedang,5,0,28.6,79.7,5.7,20.5,19.8,1.525,lubang buaya
2023-05-22,96.40218281210427,Sedang,5,0,28.944444444444443,78.3,3.7,11.6,19.2,0.001,us embassy 1
2023-05-22,93.78778405303188,Sedang,5,0,28.9,78.6,6.0,18.7,19.2,1.507,us embassy 2
2023-05-23,70.95833333333333,Sedang,5,1,29.1,76.8,5.9,18.4,18.0,0.008,bundaran hi
2023-05-23,66.125,Sedang,5,1,28.8,77.2,5.6,18.4,18.0,0.3,jagakarsa
2023-05-23,31.625,Baik,5,1,28.9,77.9,6.1,18.4,18.0,0.285,kebun jeruk
2023-05-23,73.58333333333333,Sedang,5,1,29.1,76.8,5.8,18.7,18.7,0.053,kelapa gading
2023-05-23,82.125,Sedang,5,1,29.0,76.1,5.4,18.7,18.7,0.154,lubang buaya
2023-05-23,106.20797270152762,Tidak Sehat,5,1,29.11111111111111,76.8,3.7,11.4,18.0,0.0,us embassy 1
2023-05-23,78.5540787760164,Sedang,5,1,29.0,77.0,5.8,18.4,18.0,0.14,us embassy 2
2023-05-24,91.08333333333333,Sedang,5,2,29.0,78.1,5.2,19.8,17.7,0.0,bundaran hi
2023-05-24,99.58333333333333,Sedang,5,2,28.6,79.4,4.8,19.8,17.7,0.0,jagakarsa
2023-05-24,25.875,Baik,5,2,28.7,79.4,5.3,19.8,17.7,0.0,kebun jeruk
2023-05-24,90.75,Sedang,5,2,28.9,78.4,5.1,19.8,18.0,0.0,kelapa gading
2023-05-24,139.04166666666666,Tidak Sehat,5,2,28.8,78.7,4.5,19.8,18.0,0.0,lubang buaya
2023-05-24,99.6462859869455,Sedang,5,2,28.944444444444443,78.1,3.2,12.3,17.7,0.0,us embassy 1
2023-05-24,76.63627269929205,Sedang,5,2,28.8,78.7,5.0,19.8,17.7,0.0,us embassy 2
2023-05-25,95.875,Sedang,5,3,29.2,75.5,5.3,16.6,19.0,0.0,bundaran hi
2023-05-25,105.04166666666667,Tidak Sehat,5,3,28.9,76.9,5.0,16.6,19.0,1.854,jagakarsa
2023-05-25,0.0,Baik,5,3,29.2,76.1,5.5,16.6,19.0,0.0,kebun jeruk
2023-05-25,98.66666666666667,Sedang,5,3,29.2,76.2,5.3,17.3,19.5,0.0,kelapa gading
2023-05-25,142.04166666666666,Tidak Sehat,5,3,28.9,77.1,4.7,17.3,19.5,0.0,lubang buaya
2023-05-25,102.213432922273,Tidak Sehat,5,3,29.27777777777778,75.4,3.3,10.3,19.0,0.0,us embassy 1
2023-05-25,76.63627269929205,Sedang,5,3,29.1,76.1,5.2,16.6,19.0,0.0,us embassy 2
2023-05-26,98.04166666666667,Sedang,5,4,29.7,73.1,5.9,17.6,18.6,0.0,bundaran hi
2023-05-26,91.08333333333333,Sedang,5,4,29.3,73.8,5.8,17.6,18.6,0.0,jagakarsa
2023-05-26,0.0,Baik,5,4,29.5,74.7,6.3,17.6,18.6,0.0,kebun jeruk
2023-05-26,101.5,Tidak Sehat,5,4,29.6,73.2,6.0,19.1,19.5,0.0,kelapa gading
2023-05-26,135.08333333333334,Tidak Sehat,5,4,29.4,72.8,5.4,19.1,19.5,0.0,lubang buaya
2023-05-26,73.36719579817931,Sedang,5,4,29.666666666666668,73.2,3.7,11.0,18.6,0.0,us embassy 1
2023-05-26,76.63627269929205,Sedang,5,4,29.6,73.6,5.9,17.6,18.6,0.0,us embassy 2
2023-05-27,97.08333333333333,Sedang,5,5,28.8,79.6,5.1,17.6,17.3,17.493,bundaran hi
2023-05-27,96.25,Sedang,5,5,28.5,80.2,4.6,17.6,17.3,7.186,jagakarsa
2023-05-27,0.0,Baik,5,5,28.9,80.1,5.4,17.6,17.3,9.707,kebun jeruk
2023-05-27,95.66666666666667,Sedang,5,5,28.8,79.5,5.0,18.7,18.4,7.265,kelapa gading
2023-05-27,137.58333333333334,Tidak Sehat,5,5,28.4,80.1,4.2,18.7,18.4,10.241,lubang buaya
2023-05-27,69.54086093501735,Sedang,5,5,28.83333333333333,79.6,3.2,11.0,17.3,0.705,us embassy 1
2023-05-27,76.63627269929205,Sedang,5,5,28.7,79.8,5.0,17.6,17.3,12.875,us embassy 2
2023-05-28,89.375,Sedang,5,6,28.8,78.3,5.4,19.8,19.0,0.312,bundaran hi
2023-05-28,101.29166666666667,Tidak Sehat,5,6,28.5,78.7,5.0,19.8,19.0,2.709,jagakarsa
2023-05-28,0.0,Baik,5,6,28.8,78.7,5.8,19.8,19.0,2.385,kebun jeruk
2023-05-28,85.625,Sedang,5,6,28.8,78.5,5.2,18.7,19.6,8.807,kelapa gading
2023-05-28,119.375,Tidak Sehat,5,6,28.6,78.3,4.5,18.7,19.6,3.843,lubang buaya
2023-05-28,69.54086093501735,Sedang,5,6,28.83333333333333,78.3,3.4,12.3,19.0,0.002,us embassy 1
2023-05-28,76.63627269929205,Sedang,5,6,28.7,78.4,5.3,19.8,19.0,2.059,us embassy 2
2023-05-29,95.375,Sedang,5,0,29.4,76.8,5.5,18.0,15.8,0.025,bundaran hi
2023-05-29,103.375,Tidak Sehat,5,0,29.0,77.7,5.1,18.0,15.8,3.145,jagakarsa
2023-05-29,0.0,Baik,5,0,29.3,78.1,5.6,18.0,15.8,0.772,kebun jeruk
2023-05-29,90.70833333333333,Sedang,5,0,29.3,76.9,5.5,18.0,16.9,0.172,kelapa gading
2023-05-29,122.125,Tidak Sehat,5,0,29.1,76.8,4.9,18.0,16.9,0.736,lubang buaya
2023-05-29,69.54086093501735,Sedang,5,0,29.38888888888889,76.8,3.5,11.2,15.8,0.0,us embassy 1
2023-05-29,76.63627269929205,Sedang,5,0,29.3,77.2,5.4,18.0,15.8,0.517,us embassy 2
2023-05-30,94.66666666666667,Sedang,5,1,29.1,78.8,5.1,20.9,17.7,0.015,bundaran hi
2023-05-30,109.25,Tidak Sehat,5,1,28.7,79.6,4.7,20.9,17.7,1.043,jagakarsa
2023-05-30,0.0,Baik,5,1,28.9,81.0,4.9,20.9,17.7,0.475,kebun jeruk
2023-05-30,94.5,Sedang,5,1,29.1,79.1,5.0,18.7,17.3,0.104,kelapa gading
2023-05-30,128.95833333333334,Tidak Sehat,5,1,28.8,79.1,4.5,18.7,17.3,0.43,lubang buaya
2023-05-30,69.54086093501735,Sedang,5,1,29.11111111111111,78.8,3.2,13.0,17.7,0.0,us embassy 1
2023-05-30,76.63627269929205,Sedang,5,1,29.0,79.4,4.9,20.9,17.7,0.307,us embassy 2
2023-05-31,90.29166666666667,Sedang,5,2,29.1,74.8,5.6,29.5,19.6,0.0,bundaran hi
2023-05-31,86.41666666666667,Sedang,5,2,28.8,75.1,5.5,29.5,19.6,0.0,jagakarsa
2023-05-31,0.0,Baik,5,2,28.9,76.2,5.6,29.5,19.6,0.0,kebun jeruk
2023-05-31,97.33333333333333,Sedang,5,2,29.1,74.7,5.8,29.5,19.6,0.0,kelapa gading
2023-05-31,112.875,Tidak Sehat,5,2,28.9,74.4,5.2,29.5,19.6,0.0,lubang buaya
2023-05-31,69.54086093501735,Sedang,5,2,29.11111111111111,74.8,3.5,18.3,19.6,0.0,us embassy 1
2023-05-31,76.63627269929205,Sedang,5,2,29.0,75.0,5.6,29.5,19.6,0.0,us embassy 2
2023-06-01,87.20833333333333,Sedang,6,3,29.0,73.9,6.2,19.1,19.3,0.0,bundaran hi
2023-06-01,75.83333333333333,Sedang,6,3,28.7,74.3,6.1,19.1,19.3,0.0,jagakarsa
2023-06-01,0.0,Baik,6,3,29.0,74.0,6.7,19.1,19.3,0.0,kebun jeruk
2023-06-01,96.33333333333333,Sedang,6,3,28.9,73.9,6.2,19.8,19.9,0.0,kelapa gading
2023-06-01,111.04166666666667,Tidak Sehat,6,3,28.7,74.1,5.6,19.8,19.9,0.0,lubang buaya
2023-06-01,93.71889246274593,Sedang,6,3,29.05555555555556,73.9,3.8,11.9,19.3,0.0,us embassy 1
2023-06-01,76.63627269929205,Sedang,6,3,28.9,73.9,6.2,19.1,19.3,0.0,us embassy 2
2023-06-02,88.625,Sedang,6,4,29.7,73.4,6.2,23.8,19.9,0.0,bundaran hi
2023-06-02,93.0,Sedang,6,4,29.3,73.7,5.9,23.8,19.9,0.0,jagakarsa
2023-06-02,0.0,Baik,6,4,29.6,74.5,6.6,23.8,19.9,0.0,kebun jeruk
2023-06-02,94.58333333333333,Sedang,6,4,29.7,73.2,6.1,25.9,20.7,0.0,kelapa gading
2023-06-02,128.125,Tidak Sehat,6,4,29.4,72.9,5.7,25.9,20.7,0.0,lubang buaya
2023-06-02,94.55739814308383,Sedang,6,4,29.72222222222222,73.5,3.8,14.8,19.9,0.0,us embassy 1
2023-06-02,76.63627269929205,Sedang,6,4,29.6,73.6,6.2,23.8,19.9,0.0,us embassy 2
2023-06-03,84.0,Sedang,6,5,29.7,74.4,6.0,20.2,19.8,0.0,bundaran hi
2023-06-03,88.41666666666667,Sedang,6,5,29.4,75.2,5.8,20.2,19.8,0.0,jagakarsa
2023-06-03,28.75,Baik,6,5,29.6,76.1,6.2,20.2,19.8,0.0,kebun jeruk
2023-06-03,85.54166666666667,Sedang,6,5,29.7,74.8,6.2,23.4,20.0,0.0,kelapa gading
2023-06-03,109.70833333333333,Tidak Sehat,6,5,29.5,74.0,5.6,23.4,20.0,0.0,lubang buaya
2023-06-03,98.40601721447631,Sedang,6,5,29.72222222222222,74.5,3.7,12.5,19.8,0.0,us embassy 1
2023-06-03,76.63627269929205,Sedang,6,5,29.6,74.9,6.0,20.2,19.8,0.0,us embassy 2
2023-06-04,74.0,Sedang,6,6,29.5,75.7,5.9,21.6,18.5,0.0,bundaran hi
2023-06-04,73.0,Sedang,6,6,29.1,76.4,5.9,21.6,18.5,2.561,jagakarsa
2023-06-04,69.0,Sedang,6,6,29.4,76.7,6.1,21.6,18.5,0.0,kebun jeruk
2023-06-04,76.0,Sedang,6,6,29.4,76.0,6.2,21.6,18.9,0.0,kelapa gading
2023-06-04,87.0,Sedang,6,6,29.3,75.7,5.7,21.6,18.9,0.0,lubang buaya
2023-06-04,88.17303013535088,Sedang,6,6,29.5,75.7,3.7,13.4,18.5,0.0,us embassy 1
2023-06-04,76.63627269929205,Sedang,6,6,29.4,76.0,5.9,21.6,18.5,0.0,us embassy 2
2023-06-05,74.0,Sedang,6,0,29.2,76.9,5.8,19.8,17.8,0.388,bundaran hi
2023-06-05,73.0,Sedang,6,0,28.8,78.2,5.5,19.8,17.8,3.703,jagakarsa
2023-06-05,69.0,Sedang,6,0,29.1,76.9,5.9,19.8,17.8,1.767,kebun jeruk
2023-06-05,76.0,Sedang,6,0,29.1,77.9,5.8,20.2,18.2,2.056,kelapa gading
2023-06-05,87.0,Sedang,6,0,28.8,78.8,5.2,20.2,18.2,2.147,lubang buaya
2023-06-05,86.78373797599079,Sedang,6,0,29.166666666666668,76.8,3.6,12.3,17.8,0.012,us embassy 1
2023-06-05,76.63627269929205,Sedang,6,0,29.1,77.4,5.7,19.8,17.8,1.391,us embassy 2
2023-06-06,74.0,Sedang,6,1,27.5,83.4,5.3,23.8,17.5,2.095,bundaran hi
2023-06-06,73.0,Sedang,6,1,27.2,84.0,5.0,23.8,17.5,7.667,jagakarsa
2023-06-06,69.0,Sedang,6,1,27.5,85.1,5.3,23.8,17.5,6.235,kebun jeruk
2023-06-06,76.0,Sedang,6,1,27.5,83.1,5.3,24.1,18.2,1.758,kelapa gading
2023-06-06,87.0,Sedang,6,1,27.2,83.3,4.9,24.1,18.2,4.232,lubang buaya
2023-06-06,84.87868508706228,Sedang,6,1,27.555555555555557,83.5,3.3,14.8,17.5,0.079,us embassy 1
2023-06-06,76.63627269929205,Sedang,6,1,27.4,83.7,5.2,23.8,17.5,4.048,us embassy 2
2023-06-07,74.0,Sedang,6,2,28.9,75.5,5.4,27.0,17.2,0.036,bundaran hi
2023-06-07,73.0,Sedang,6,2,28.6,75.8,5.0,27.0,17.2,2.63,jagakarsa
2023-06-07,69.0,Sedang,6,2,28.6,78.1,5.5,27.0,17.2,1.114,kebun jeruk
2023-06-07,76.0,Sedang,6,2,28.9,75.3,5.3,28.4,17.3,0.249,kelapa gading
2023-06-07,87.0,Sedang,6,2,28.8,74.1,4.7,28.4,17.3,1.062,lubang buaya
2023-06-07,85.32145473715444,Sedang,6,2,28.88888888888889,75.6,3.4,16.8,17.2,0.0,us embassy 1
2023-06-07,76.63627269929205,Sedang,6,2,28.8,75.9,5.2,27.0,17.2,0.747,us embassy 2
2023-06-08,74.0,Sedang,6,3,29.3,76.4,6.2,38.9,17.9,0.1,bundaran hi
2023-06-08,73.0,Sedang,6,3,29.0,76.8,6.0,38.9,17.9,0.018,jagakarsa
2023-06-08,69.0,Sedang,6,3,29.1,78.7,6.7,38.9,17.9,0.1,kebun jeruk
2023-06-08,76.0,Sedang,6,3,29.3,76.2,6.3,38.9,18.7,0.0,kelapa gading
2023-06-08,87.0,Sedang,6,3,29.2,75.7,5.7,38.9,18.7,0.0,lubang buaya
2023-06-08,87.3500480976845,Sedang,6,3,29.27777777777778,76.5,3.9,24.2,17.9,0.004,us embassy 1
2023-06-08,76.63627269929205,Sedang,6,3,29.2,76.8,6.2,38.9,17.9,0.1,us embassy 2
2023-06-09,74.29166666666667,Sedang,6,4,29.3,75.8,6.1,25.6,20.6,0.0,bundaran hi
2023-06-09,76.5,Sedang,6,4,29.0,76.3,5.9,25.6,20.6,0.0,jagakarsa
2023-06-09,48.875,Baik,6,4,29.1,77.7,6.4,25.6,20.6,0.0,kebun jeruk
2023-06-09,78.04166666666667,Sedang,6,4,29.3,76.0,6.1,24.8,20.8,0.0,kelapa gading
2023-06-09,95.45833333333333,Sedang,6,4,29.1,75.1,5.6,24.8,20.8,0.0,lubang buaya
2023-06-09,86.3695400924678,Sedang,6,4,29.27777777777778,75.9,3.8,15.9,20.6,0.0,us embassy 1
2023-06-09,76.63627269929205,Sedang,6,4,29.2,76.3,6.1,25.6,20.6,0.0,us embassy 2
2023-06-10,74.0,Sedang,6,5,29.4,75.3,5.9,21.6,19.0,0.0,bundaran hi
2023-06-10,73.0,Sedang,6,5,29.0,75.8,5.8,21.6,19.0,0.009,jagakarsa
2023-06-10,69.0,Sedang,6,5,29.1,77.1,6.2,21.6,19.0,0.0,kebun jeruk
2023-06-10,76.0,Sedang,6,5,29.3,75.6,6.1,21.6,20.0,0.0,kelapa gading
2023-06-10,87.0,Sedang,6,5,29.3,74.2,5.6,21.6,20.0,0.0,lubang buaya
2023-06-10,78.16484324224088,Sedang,6,5,29.38888888888889,75.4,3.7,13.4,19.0,0.0,us embassy 1
2023-06-10,76.63627269929205,Sedang,6,5,29.3,75.6,5.9,21.6,19.0,0.0,us embassy 2
2023-06-11,74.0,Sedang,6,6,29.4,71.5,5.9,18.7,20.6,0.0,bundaran hi
2023-06-11,73.0,Sedang,6,6,29.1,72.1,5.7,18.7,20.6,0.0,jagakarsa
2023-06-11,69.0,Sedang,6,6,29.1,73.4,6.2,18.7,20.6,0.0,kebun jeruk
2023-06-11,76.0,Sedang,6,6,29.4,72.0,5.9,20.2,21.5,0.0,kelapa gading
2023-06-11,87.0,Sedang,6,6,29.4,71.2,5.4,20.2,21.5,0.0,lubang buaya
2023-06-11,89.75933409822444,Sedang,6,6,29.38888888888889,71.6,3.7,11.6,20.6,0.0,us embassy 1
2023-06-11,76.63627269929205,Sedang,6,6,29.3,71.9,5.9,18.7,20.6,0.0,us embassy 2
2023-06-12,79.5,Sedang,6,0,29.5,73.6,6.1,24.8,19.9,0.022,bundaran hi
2023-06-12,48.666666666666664,Baik,6,0,29.0,74.6,6.0,24.8,19.9,1.618,jagakarsa
2023-06-12,46.0,Baik,6,0,29.2,76.2,6.2,24.8,19.9,0.677,kebun jeruk
2023-06-12,81.5,Sedang,6,0,29.4,73.9,6.2,27.7,20.1,0.152,kelapa gading
2023-06-12,96.0,Sedang,6,0,29.2,73.7,5.9,27.7,20.1,0.619,lubang buaya
2023-06-12,91.15789681554541,Sedang,6,0,29.5,73.7,3.8,15.4,19.9,0.0,us embassy 1
2023-06-12,76.63627269929205,Sedang,6,0,29.3,74.4,6.1,24.8,19.9,0.454,us embassy 2
2023-06-13,77.75,Sedang,6,1,29.8,76.1,5.8,28.4,19.3,0.182,bundaran hi
2023-06-13,80.125,Sedang,6,1,29.3,76.8,5.5,28.4,19.3,13.538,jagakarsa
2023-06-13,25.875,Baik,6,1,29.6,77.7,6.1,28.4,19.3,5.519,kebun jeruk
2023-06-13,81.33333333333333,Sedang,6,1,29.7,76.2,5.8,29.9,19.6,1.286,kelapa gading
2023-06-13,115.79166666666667,Tidak Sehat,6,1,29.5,76.0,5.2,29.9,19.6,5.623,lubang buaya
2023-06-13,46.79673617186173,Baik,6,1,29.83333333333333,76.1,3.6,17.7,19.3,0.001,us embassy 1
2023-06-13,76.63627269929205,Sedang,6,1,29.6,76.5,5.7,28.4,19.3,3.738,us embassy 2
2023-06-14,81.29166666666667,Sedang,6,2,29.0,78.6,5.4,29.2,14.3,0.004,bundaran hi
2023-06-14,85.95833333333333,Sedang,6,2,28.5,80.0,5.1,29.2,14.3,0.133,jagakarsa
2023-06-14,0.0,Baik,6,2,28.7,80.2,5.5,29.2,14.3,0.118,kebun jeruk
2023-06-14,84.58333333333333,Sedang,6,2,28.9,79.2,5.5,28.4,14.9,0.022,kelapa gading
2023-06-14,110.41666666666667,Tidak Sehat,6,2,28.7,79.5,4.9,28.4,14.9,0.067,lubang buaya
2023-06-14,86.60395652174118,Sedang,6,2,29.05555555555556,78.6,3.4,18.1,14.3,0.0,us embassy 1
2023-06-14,76.63627269929205,Sedang,6,2,28.8,79.3,5.3,29.2,14.3,0.058,us embassy 2
2023-06-15,87.54166666666667,Sedang,6,3,29.1,75.8,5.6,28.1,17.4,0.019,bundaran hi
2023-06-15,78.91666666666667,Sedang,6,3,28.8,76.4,5.4,28.1,17.4,1.355,jagakarsa
2023-06-15,5.75,Baik,6,3,28.9,77.6,5.8,28.1,17.4,0.574,kebun jeruk
2023-06-15,92.875,Sedang,6,3,29.1,76.0,5.6,29.2,17.6,0.128,kelapa gading
2023-06-15,111.95833333333333,Tidak Sehat,6,3,28.9,76.0,5.1,29.2,17.6,0.547,lubang buaya
2023-06-15,95.0904781027581,Sedang,6,3,29.166666666666668,75.8,3.5,17.4,17.4,0.016,us embassy 1
2023-06-15,76.63627269929205,Sedang,6,3,29.0,76.3,5.5,28.1,17.4,0.385,us embassy 2
2023-06-16,80.29166666666667,Sedang,6,4,25.9,91.9,4.7,22.0,11.2,40.441,bundaran hi
2023-06-16,85.79166666666667,Sedang,6,4,25.7,92.2,4.2,22.0,11.2,33.155,jagakarsa
2023-06-16,0.0,Baik,6,4,25.7,93.0,4.7,22.0,11.2,33.594,kebun jeruk
2023-06-16,86.16666666666667,Sedang,6,4,25.9,91.7,4.5,22.3,11.5,27.481,kelapa gading
2023-06-16,108.58333333333333,Tidak Sehat,6,4,25.8,91.9,3.8,22.3,11.5,33.899,lubang buaya
2023-06-16,91.70414448770968,Sedang,6,4,25.88888888888889,91.9,2.9,13.6,11.2,1.61,us embassy 1
2023-06-16,76.63627269929205,Sedang,6,4,25.8,92.1,4.5,22.0,11.2,36.505,us embassy 2
2023-06-17,80.41666666666667,Sedang,6,5,27.3,84.1,5.7,19.8,16.9,0.0,bundaran hi
2023-06-17,71.95833333333333,Sedang,6,5,27.0,84.7,5.4,19.8,16.9,0.0,jagakarsa
2023-06-17,0.0,Baik,6,5,27.3,84.0,6.1,19.8,16.9,0.0,kebun jeruk
2023-06-17,72.58333333333333,Sedang,6,5,27.3,84.5,5.6,19.8,17.4,0.0,kelapa gading
2023-06-17,90.41666666666667,Sedang,6,5,27.0,84.9,4.9,19.8,17.4,0.0,lubang buaya
2023-06-17,84.82241358032948,Sedang,6,5,27.27777777777777,84.0,3.6,12.3,16.9,0.0,us embassy 1
2023-06-17,76.63627269929205,Sedang,6,5,27.2,84.3,5.7,19.8,16.9,0.0,us embassy 2
2023-06-18,85.125,Sedang,6,6,28.0,83.8,5.7,23.4,18.8,0.011,bundaran hi
2023-06-18,89.08333333333333,Sedang,6,6,27.7,84.6,5.5,23.4,18.8,0.809,jagakarsa
2023-06-18,11.5,Baik,6,6,28.1,83.7,6.1,23.4,18.8,0.343,kebun jeruk
2023-06-18,86.33333333333333,Sedang,6,6,27.9,84.1,5.7,23.8,18.8,0.077,kelapa gading
2023-06-18,104.25,Tidak Sehat,6,6,27.6,85.0,5.1,23.8,18.8,0.327,lubang buaya
2023-06-18,93.31385546874304,Sedang,6,6,28.05555555555556,83.8,3.5,14.5,18.8,0.016,us embassy 1
2023-06-18,76.63627269929205,Sedang,6,6,27.9,84.1,5.7,23.4,18.8,0.23,us embassy 2
2023-06-19,67.95833333333333,Sedang,6,0,27.0,87.6,5.6,20.2,15.2,26.636,bundaran hi
2023-06-19,66.29166666666667,Sedang,6,0,26.8,87.8,5.6,20.2,15.2,15.863,jagakarsa
2023-06-19,0.0,Baik,6,0,27.0,87.5,5.8,20.2,15.2,19.298,kebun jeruk
2023-06-19,70.75,Sedang,6,0,27.0,87.6,5.7,19.4,15.4,20.783,kelapa gading
2023-06-19,80.70833333333333,Sedang,6,0,26.8,87.7,5.4,19.4,15.4,20.766,lubang buaya
2023-06-19,74.59530436414072,Sedang,6,0,27.05555555555556,87.6,3.5,12.5,15.2,1.061,us embassy 1
2023-06-19,76.63627269929205,Sedang,6,0,27.0,87.7,5.6,20.2,15.2,22.509,us embassy 2
2023-06-20,74.45833333333333,Sedang,6,1,28.7,77.6,6.1,20.2,19.3,0.0,bundaran hi
2023-06-20,63.041666666666664,Sedang,6,1,28.3,78.7,6.0,20.2,19.3,0.0,jagakarsa
2023-06-20,0.0,Baik,6,1,28.4,79.1,6.5,20.2,19.3,0.0,kebun jeruk
2023-06-20,73.41666666666667,Sedang,6,1,28.6,78.2,6.1,22.7,19.5,0.0,kelapa gading
2023-06-20,101.08333333333333,Tidak Sehat,6,1,28.4,79.1,5.6,22.7,19.5,0.0,lubang buaya
2023-06-20,76.19289127599342,Sedang,6,1,28.666666666666668,77.6,3.8,12.5,19.3,0.0,us embassy 1
2023-06-20,76.63627269929205,Sedang,6,1,28.6,78.2,6.1,20.2,19.3,0.0,us embassy 2
2023-06-21,84.41666666666667,Sedang,6,2,29.2,79.4,5.2,21.6,17.8,0.011,bundaran hi
2023-06-21,80.5,Sedang,6,2,28.8,80.1,4.8,21.6,17.8,0.809,jagakarsa
2023-06-21,5.75,Baik,6,2,29.1,79.7,5.5,21.6,17.8,0.343,kebun jeruk
2023-06-21,83.66666666666667,Sedang,6,2,29.1,79.5,5.2,19.8,18.3,0.077,kelapa gading
2023-06-21,105.04166666666667,Tidak Sehat,6,2,28.9,79.8,4.4,19.8,18.3,0.327,lubang buaya
2023-06-21,89.7511140145737,Sedang,6,2,29.166666666666668,79.4,3.2,13.4,17.8,0.0,us embassy 1
2023-06-21,76.63627269929205,Sedang,6,2,29.1,79.6,5.1,21.6,17.8,0.23,us embassy 2
2023-06-22,97.375,Sedang,6,3,29.1,77.8,5.3,23.0,18.9,2.935,bundaran hi
2023-06-22,96.29166666666667,Sedang,6,3,28.7,78.6,5.0,23.0,18.9,2.685,jagakarsa
2023-06-22,0.0,Baik,6,3,28.9,78.6,5.5,23.0,18.9,2.283,kebun jeruk
2023-06-22,79.45833333333333,Sedang,6,3,29.0,78.1,5.3,23.0,19.2,1.296,kelapa gading
2023-06-22,88.33333333333333,Sedang,6,3,28.8,78.4,4.5,23.0,19.2,2.205,lubang buaya
2023-06-22,101.0119922971748,Tidak Sehat,6,3,29.05555555555556,77.8,3.3,14.3,18.9,0.118,us embassy 1
2023-06-22,76.63627269929205,Sedang,6,3,29.0,78.2,5.2,23.0,18.9,2.531,us embassy 2
2023-06-23,81.33333333333333,Sedang,6,4,29.3,77.4,5.7,18.0,15.5,0.971,bundaran hi
2023-06-23,77.41666666666667,Sedang,6,4,29.0,77.7,5.5,18.0,15.5,0.683,jagakarsa
2023-06-23,0.0,Baik,6,4,29.1,79.1,6.2,18.0,15.5,0.534,kebun jeruk
2023-06-23,87.5,Sedang,6,4,29.3,77.2,5.8,18.0,16.5,0.385,kelapa gading
2023-06-23,100.29166666666667,Tidak Sehat,6,4,29.1,76.7,5.1,18.0,16.5,0.584,lubang buaya
2023-06-23,87.35491080567732,Sedang,6,4,29.27777777777778,77.5,3.6,11.2,15.5,0.039,us embassy 1
2023-06-23,76.63627269929205,Sedang,6,4,29.2,77.7,5.7,18.0,15.5,0.711,us embassy 2
2023-06-24,74.375,Sedang,6,5,29.0,79.6,5.4,18.0,18.5,0.078,bundaran hi
2023-06-24,75.625,Sedang,6,5,28.8,80.1,5.1,18.0,18.5,0.677,jagakarsa
2023-06-24,8.625,Baik,6,5,28.8,81.2,5.4,18.0,18.5,0.604,kebun jeruk
2023-06-24,75.125,Sedang,6,5,29.0,80.1,5.3,18.0,18.6,2.22,kelapa gading
2023-06-24,89.75,Sedang,6,5,29.0,79.2,4.7,18.0,18.6,1.011,lubang buaya
2023-06-24,77.76923239387503,Sedang,6,5,28.944444444444443,79.6,3.3,11.2,18.5,0.001,us embassy 1
2023-06-24,76.63627269929205,Sedang,6,5,28.9,80.0,5.3,18.0,18.5,0.521,us embassy 2
2023-06-25,74.0,Sedang,6,6,27.9,82.6,5.2,48.2,18.2,34.268,bundaran hi
2023-06-25,73.0,Sedang,6,6,27.7,82.6,4.9,23.4,18.2,26.718,jagakarsa
2023-06-25,69.0,Sedang,6,6,27.7,83.5,5.2,48.2,18.2,26.232,kebun jeruk
2023-06-25,76.0,Sedang,6,6,28.0,82.2,5.1,22.3,18.2,17.075,kelapa gading
2023-06-25,87.0,Sedang,6,6,27.8,82.0,4.6,22.3,18.2,25.277,lubang buaya
2023-06-25,80.39537454070603,Sedang,6,6,27.88888888888889,82.6,3.3,30.0,18.2,1.372,us embassy 1
2023-06-25,76.63627269929205,Sedang,6,6,27.8,82.7,5.1,48.2,18.2,29.33,us embassy 2
2023-06-26,77.75,Sedang,6,0,28.0,80.1,5.6,18.7,17.4,0.0,bundaran hi
2023-06-26,67.95833333333333,Sedang,6,0,27.8,80.2,5.4,18.7,17.4,0.0,jagakarsa
2023-06-26,14.375,Baik,6,0,27.7,81.6,5.6,18.7,17.4,0.0,kebun jeruk
2023-06-26,75.125,Sedang,6,0,28.1,80.2,5.6,18.7,17.9,0.0,kelapa gading
2023-06-26,76.0,Sedang,6,0,28.1,79.2,5.2,18.7,17.9,0.0,lubang buaya
2023-06-26,87.73890049503837,Sedang,6,0,28.000000000000004,80.2,3.5,11.6,17.4,0.0,us embassy 1
2023-06-26,76.63627269929205,Sedang,6,0,27.9,80.4,5.5,18.7,17.4,0.0,us embassy 2
2023-06-27,92.29166666666667,Sedang,6,1,28.2,78.6,5.8,17.6,17.9,0.322,bundaran hi
2023-06-27,72.08333333333333,Sedang,6,1,27.8,79.5,5.6,17.6,17.9,9.359,jagakarsa
2023-06-27,0.0,Baik,6,1,28.0,79.4,6.3,17.6,17.9,5.549,kebun jeruk
2023-06-27,90.375,Sedang,6,1,28.1,79.2,5.8,16.9,18.0,6.356,kelapa gading
2023-06-27,112.29166666666667,Tidak Sehat,6,1,27.9,79.3,5.2,16.9,18.0,5.697,lubang buaya
2023-06-27,95.01556510689583,Sedang,6,1,28.22222222222222,78.5,3.6,11.0,17.9,0.001,us embassy 1
2023-06-27,76.63627269929205,Sedang,6,1,28.1,79.0,5.8,17.6,17.9,3.746,us embassy 2
2023-06-28,73.75,Sedang,6,2,28.9,72.8,6.5,18.0,18.8,0.032,bundaran hi
2023-06-28,58.583333333333336,Sedang,6,2,28.5,73.5,6.4,18.0,18.8,0.789,jagakarsa
2023-06-28,0.0,Baik,6,2,28.6,75.0,7.0,18.0,18.8,1.131,kebun jeruk
2023-06-28,72.75,Sedang,6,2,28.8,73.0,6.5,19.4,19.2,0.202,kelapa gading
2023-06-28,77.20833333333333,Sedang,6,2,28.7,72.0,6.1,19.4,19.2,0.498,lubang buaya
2023-06-28,78.86030667705052,Sedang,6,2,28.88888888888889,72.9,4.0,11.2,18.8,0.0,us embassy 1
2023-06-28,76.63627269929205,Sedang,6,2,28.7,73.3,6.5,18.0,18.8,0.5,us embassy 2
2023-06-29,57.708333333333336,Sedang,6,3,28.7,78.0,6.8,19.4,18.4,30.83,bundaran hi
2023-06-29,49.666666666666664,Baik,6,3,28.4,78.4,6.9,19.4,18.4,18.144,jagakarsa
2023-06-29,0.0,Baik,6,3,28.5,79.3,7.2,19.4,18.4,22.075,kebun jeruk
2023-06-29,57.625,Sedang,6,3,28.6,78.4,6.9,17.3,18.7,32.294,kelapa gading
2023-06-29,0.0,Baik,6,3,28.6,77.6,6.7,17.3,18.7,26.248,lubang buaya
2023-06-29,57.73518175370116,Sedang,6,3,28.666666666666668,78.1,4.2,12.1,18.4,1.219,us embassy 1
2023-06-29,76.63627269929205,Sedang,6,3,28.6,78.3,6.9,19.4,18.4,26.8,us embassy 2
2023-06-30,62.125,Sedang,6,4,29.0,75.5,6.7,20.5,18.1,0.0,bundaran hi
2023-06-30,53.833333333333336,Sedang,6,4,28.8,75.9,6.7,20.5,18.1,0.097,jagakarsa
2023-06-30,0.0,Baik,6,4,28.8,77.0,7.1,20.5,18.1,0.0,kebun jeruk
2023-06-30,59.208333333333336,Sedang,6,4,29.0,75.6,6.8,18.7,18.7,0.0,kelapa gading
2023-06-30,34.958333333333336,Baik,6,4,28.9,74.8,6.4,18.7,18.7,0.0,lubang buaya
2023-06-30,61.85620454173275,Sedang,6,4,29.05555555555556,75.6,4.2,12.8,18.1,0.0,us embassy 1
2023-06-30,76.63627269929205,Sedang,6,4,29.0,75.8,6.8,20.5,18.1,0.0,us embassy 2
2023-07-01,79.75,Sedang,7,5,28.3,80.3,5.5,22.0,17.6,0.003,bundaran hi
2023-07-01,74.41666666666667,Sedang,7,5,27.9,81.5,5.3,22.0,17.6,0.353,jagakarsa
2023-07-01,0.0,Baik,7,5,28.4,80.5,5.8,22.0,17.6,0.053,kebun jeruk
2023-07-01,76.04166666666667,Sedang,7,5,28.2,81.0,5.5,20.2,18.2,0.035,kelapa gading
2023-07-01,95.125,Sedang,7,5,27.8,82.3,4.9,20.2,18.2,0.211,lubang buaya
2023-07-01,77.61143229355781,Sedang,7,5,28.33333333333333,80.2,3.4,13.6,17.6,0.0,us embassy 1
2023-07-01,76.63627269929205,Sedang,7,5,28.2,80.8,5.4,22.0,17.6,0.053,us embassy 2
2023-07-02,84.5,Sedang,7,6,28.8,78.1,5.9,25.2,17.2,0.0,bundaran hi
2023-07-02,80.83333333333333,Sedang,7,6,28.5,78.0,5.8,25.2,17.2,0.0,jagakarsa
2023-07-02,0.0,Baik,7,6,28.6,79.7,6.1,25.2,17.2,0.0,kebun jeruk
2023-07-02,79.54166666666667,Sedang,7,6,28.8,78.2,5.9,26.3,17.0,0.0,kelapa gading
2023-07-02,85.58333333333333,Sedang,7,6,28.6,77.1,5.6,26.3,17.0,0.0,lubang buaya
2023-07-02,91.9397628951913,Sedang,7,6,28.83333333333333,78.1,3.7,15.7,17.2,0.0,us embassy 1
2023-07-02,76.63627269929205,Sedang,7,6,28.7,78.3,5.9,25.2,17.2,0.0,us embassy 2
2023-07-03,78.83333333333333,Sedang,7,0,28.8,76.3,5.7,20.2,17.5,0.0,bundaran hi
2023-07-03,74.79166666666667,Sedang,7,0,28.5,76.2,5.6,20.2,17.5,0.0,jagakarsa
2023-07-03,0.0,Baik,7,0,28.6,77.4,5.9,20.2,17.5,0.0,kebun jeruk
2023-07-03,74.91666666666667,Sedang,7,0,28.8,76.3,5.8,18.4,18.5,0.0,kelapa gading
2023-07-03,88.79166666666667,Sedang,7,0,28.6,75.1,5.4,18.4,18.5,0.0,lubang buaya
2023-07-03,81.96973167171693,Sedang,7,0,28.83333333333333,76.4,3.6,12.5,17.5,0.0,us embassy 1
2023-07-03,76.63627269929205,Sedang,7,0,28.7,76.4,5.7,20.2,17.5,0.0,us embassy 2
2023-07-04,78.41666666666667,Sedang,7,1,28.4,77.1,6.4,17.6,17.9,0.0,bundaran hi
2023-07-04,74.125,Sedang,7,1,27.9,78.0,6.3,17.6,17.9,0.0,jagakarsa
2023-07-04,0.0,Baik,7,1,28.2,78.4,6.7,17.6,17.9,0.0,kebun jeruk
2023-07-04,75.625,Sedang,7,1,28.3,77.5,6.5,18.7,18.8,0.0,kelapa gading
2023-07-04,90.5,Sedang,7,1,27.9,77.9,6.0,18.7,18.8,0.0,lubang buaya
2023-07-04,85.17862950842424,Sedang,7,1,28.38888888888889,77.1,4.0,11.0,17.9,0.0,us embassy 1
2023-07-04,76.63627269929205,Sedang,7,1,28.2,77.6,6.4,17.6,17.9,0.0,us embassy 2
2023-07-05,90.08333333333333,Sedang,7,2,28.5,77.8,5.3,19.4,18.6,0.028,bundaran hi
2023-07-05,20.625,Baik,7,2,27.9,80.6,5.0,19.4,18.6,2.067,jagakarsa
2023-07-05,0.0,Baik,7,2,28.5,77.9,5.3,19.4,18.6,0.857,kebun jeruk
2023-07-05,97.91666666666667,Sedang,7,2,28.3,79.4,5.4,19.8,19.4,0.192,kelapa gading
2023-07-05,113.58333333333333,Tidak Sehat,7,2,27.6,82.5,4.6,19.8,19.4,0.817,lubang buaya
2023-07-05,90.45327056241702,Sedang,7,2,28.55555555555556,77.6,3.3,12.1,18.6,0.0,us embassy 1
2023-07-05,76.63627269929205,Sedang,7,2,28.3,78.9,5.2,19.4,18.6,0.575,us embassy 2
2023-07-06,101.91666666666667,Tidak Sehat,7,3,27.5,84.7,5.3,24.5,15.3,4.958,bundaran hi
2023-07-06,93.79166666666667,Sedang,7,3,27.1,85.3,4.9,24.5,15.3,4.421,jagakarsa
2023-07-06,0.0,Baik,7,3,27.3,86.3,4.9,24.5,15.3,4.006,kebun jeruk
2023-07-06,93.375,Sedang,7,3,27.4,84.9,5.1,23.0,15.7,4.324,kelapa gading
2023-07-06,117.08333333333333,Tidak Sehat,7,3,27.3,84.4,4.9,23.0,15.7,4.581,lubang buaya
2023-07-06,108.81335495114116,Tidak Sehat,7,3,27.444444444444446,84.8,3.3,15.2,15.3,0.196,us embassy 1
2023-07-06,76.63627269929205,Sedang,7,3,27.4,85.1,5.1,24.5,15.3,4.552,us embassy 2
2023-07-07,95.125,Sedang,7,4,26.6,87.2,4.8,29.5,16.8,1.401,bundaran hi
2023-07-07,94.58333333333333,Sedang,7,4,26.2,88.2,4.3,29.5,16.8,10.892,jagakarsa
2023-07-07,0.0,Baik,7,4,26.6,88.1,4.7,29.5,16.8,5.67,kebun jeruk
2023-07-07,82.25,Sedang,7,4,26.5,87.9,4.7,27.4,16.4,4.292,kelapa gading
2023-07-07,104.29166666666667,Tidak Sehat,7,4,26.1,88.4,4.0,27.4,16.4,5.465,lubang buaya
2023-07-07,99.7949054388364,Sedang,7,4,26.666666666666668,87.2,3.0,18.3,16.8,0.049,us embassy 1
2023-07-07,76.63627269929205,Sedang,7,4,26.5,87.8,4.6,29.5,16.8,4.117,us embassy 2
2023-07-08,72.79166666666667,Sedang,7,5,27.6,81.3,5.4,26.6,15.1,0.281,bundaran hi
2023-07-08,69.70833333333333,Sedang,7,5,27.2,82.0,5.1,26.6,15.1,21.693,jagakarsa
2023-07-08,0.0,Baik,7,5,27.5,82.4,5.7,26.6,15.1,8.691,kebun jeruk
2023-07-08,73.58333333333333,Sedang,7,5,27.5,81.5,5.3,28.1,15.9,1.943,kelapa gading
2023-07-08,98.33333333333333,Sedang,7,5,27.3,81.4,4.7,28.1,15.9,8.284,lubang buaya
2023-07-08,86.5940273056836,Sedang,7,5,27.61111111111111,81.3,3.4,16.6,15.1,0.001,us embassy 1
2023-07-08,76.63627269929205,Sedang,7,5,27.5,81.6,5.3,26.6,15.1,5.826,us embassy 2
2023-07-09,66.875,Sedang,7,6,28.4,76.9,6.0,27.4,18.9,0.0,bundaran hi
2023-07-09,58.833333333333336,Sedang,7,6,28.1,77.6,5.8,27.4,18.9,0.0,jagakarsa
2023-07-09,0.0,Baik,7,6,28.2,78.0,6.5,27.4,18.9,0.0,kebun jeruk
2023-07-09,69.91666666666667,Sedang,7,6,28.3,77.4,6.0,29.9,19.7,0.0,kelapa gading
2023-07-09,93.5,Sedang,7,6,28.1,77.4,5.4,29.9,19.7,0.0,lubang buaya
2023-07-09,72.26620992342836,Sedang,7,6,28.38888888888889,76.9,3.7,17.0,18.9,0.0,us embassy 1
2023-07-09,76.63627269929205,Sedang,7,6,28.3,77.3,6.0,27.4,18.9,0.0,us embassy 2
2023-07-10,64.5,Sedang,7,0,29.2,73.5,6.5,29.5,13.8,0.047,bundaran hi
2023-07-10,65.375,Sedang,7,0,28.9,74.2,6.4,29.5,13.8,2.9,jagakarsa
2023-07-10,0.0,Baik,7,0,29.1,75.6,7.1,29.5,13.8,1.26,kebun jeruk
2023-07-10,68.5,Sedang,7,0,29.2,74.1,6.5,30.6,14.6,0.49,kelapa gading
2023-07-10,87.25,Sedang,7,0,29.0,73.1,6.0,30.6,14.6,1.245,lubang buaya
2023-07-10,69.87489437567523,Sedang,7,0,29.22222222222222,73.6,4.1,18.3,13.8,0.0,us embassy 1
2023-07-10,76.63627269929205,Sedang,7,0,29.1,74.1,6.5,29.5,13.8,0.856,us embassy 2
2023-07-11,70.41666666666667,Sedang,7,1,29.0,73.6,6.0,20.2,21.0,0.0,bundaran hi
2023-07-11,77.125,Sedang,7,1,28.6,74.0,5.8,20.2,21.0,0.0,jagakarsa
2023-07-11,0.0,Baik,7,1,28.8,75.0,6.2,20.2,21.0,0.0,kebun jeruk
2023-07-11,79.25,Sedang,7,1,28.9,73.9,6.0,20.9,21.2,0.0,kelapa gading
2023-07-11,126.875,Tidak Sehat,7,1,28.8,73.1,5.6,20.9,21.2,0.0,lubang buaya
2023-07-11,75.14846386428658,Sedang,7,1,29.0,73.6,3.7,12.5,21.0,0.0,us embassy 1
2023-07-11,76.63627269929205,Sedang,7,1,28.9,73.9,5.9,20.2,21.0,0.0,us embassy 2
2023-07-12,84.375,Sedang,7,2,29.0,74.8,5.2,18.4,18.9,0.054,bundaran hi
2023-07-12,87.33333333333333,Sedang,7,2,28.7,74.7,4.9,18.4,18.9,0.816,jagakarsa
2023-07-12,0.0,Baik,7,2,28.7,77.8,4.9,18.4,18.9,0.829,kebun jeruk
2023-07-12,85.41666666666667,Sedang,7,2,29.0,74.6,5.1,18.7,19.8,1.207,kelapa gading
2023-07-12,152.5,Tidak Sehat,7,2,29.0,72.8,4.6,18.7,19.8,0.781,lubang buaya
2023-07-12,78.59747943923689,Sedang,7,2,28.944444444444443,75.0,3.2,11.4,18.9,0.0,us embassy 1
2023-07-12,76.63627269929205,Sedang,7,2,28.9,75.2,5.0,18.4,18.9,0.51,us embassy 2
2023-07-13,94.375,Sedang,7,3,28.8,73.9,5.9,19.1,17.7,0.002,bundaran hi
2023-07-13,83.16666666666667,Sedang,7,3,28.5,74.4,5.8,19.1,17.7,0.092,jagakarsa
2023-07-13,0.0,Baik,7,3,28.6,75.4,6.3,19.1,17.7,0.071,kebun jeruk
2023-07-13,92.66666666666667,Sedang,7,3,28.8,74.0,6.1,18.0,18.6,0.014,kelapa gading
2023-07-13,122.16666666666667,Tidak Sehat,7,3,28.7,73.5,5.5,18.0,18.6,0.043,lubang buaya
2023-07-13,45.078118684225736,Baik,7,3,28.77777777777778,73.9,3.7,11.9,17.7,0.0,us embassy 1
2023-07-13,76.63627269929205,Sedang,7,3,28.7,74.2,6.0,19.1,17.7,0.037,us embassy 2
2023-07-14,91.70833333333333,Sedang,7,4,28.7,73.3,5.9,20.2,19.5,0.003,bundaran hi
2023-07-14,77.58333333333333,Sedang,7,4,28.4,74.2,5.6,20.2,19.5,0.308,jagakarsa
2023-07-14,0.0,Baik,7,4,28.5,75.9,5.8,20.2,19.5,0.086,kebun jeruk
2023-07-14,87.54166666666667,Sedang,7,4,28.8,73.6,5.8,19.1,19.5,0.019,kelapa gading
2023-07-14,105.54166666666667,Tidak Sehat,7,4,28.6,72.8,5.5,19.1,19.5,0.082,lubang buaya
2023-07-14,96.06085614863173,Sedang,7,4,28.72222222222222,73.4,3.6,12.5,19.5,0.0,us embassy 1
2023-07-14,76.63627269929205,Sedang,7,4,28.6,74.0,5.8,20.2,19.5,0.057,us embassy 2
2023-07-15,84.0,Sedang,7,5,29.1,71.8,6.2,18.7,18.0,0.0,bundaran hi
2023-07-15,66.0,Sedang,7,5,28.8,71.8,6.1,18.7,18.0,0.0,jagakarsa
2023-07-15,0.0,Baik,7,5,28.8,74.2,6.7,18.7,18.0,0.0,kebun jeruk
2023-07-15,79.33333333333333,Sedang,7,5,29.1,71.5,6.3,18.7,19.0,0.0,kelapa gading
2023-07-15,92.54166666666667,Sedang,7,5,29.1,69.6,5.8,18.7,19.0,0.0,lubang buaya
2023-07-15,86.71798232129977,Sedang,7,5,29.05555555555556,72.0,3.9,11.6,18.0,0.0,us embassy 1
2023-07-15,76.63627269929205,Sedang,7,5,29.0,72.0,6.3,18.7,18.0,0.0,us embassy 2
2023-07-16,80.04166666666667,Sedang,7,6,29.0,73.6,5.9,20.5,17.4,0.0,bundaran hi
2023-07-16,64.625,Sedang,7,6,28.7,73.9,5.9,20.5,17.4,0.0,jagakarsa
2023-07-16,0.0,Baik,7,6,28.9,75.1,6.3,20.5,17.4,0.0,kebun jeruk
2023-07-16,73.75,Sedang,7,6,29.0,73.7,6.0,20.5,18.7,0.0,kelapa gading
2023-07-16,97.16666666666667,Sedang,7,6,28.9,72.8,5.6,20.5,18.7,0.0,lubang buaya
2023-07-16,77.98984319394911,Sedang,7,6,29.05555555555556,73.7,3.7,12.8,17.4,0.0,us embassy 1
2023-07-16,76.63627269929205,Sedang,7,6,29.0,73.9,6.0,20.5,17.4,0.0,us embassy 2
2023-07-17,76.66666666666667,Sedang,7,0,29.1,68.4,6.1,21.6,21.0,0.0,bundaran hi
2023-07-17,64.54166666666667,Sedang,7,0,28.8,69.1,6.0,21.6,21.0,0.0,jagakarsa
2023-07-17,0.0,Baik,7,0,28.9,71.0,6.5,21.6,21.0,0.0,kebun jeruk
2023-07-17,72.125,Sedang,7,0,29.1,68.8,6.2,23.8,21.9,0.0,kelapa gading
2023-07-17,95.75,Sedang,7,0,28.9,67.8,5.8,23.8,21.9,0.0,lubang buaya
2023-07-17,77.3846885790208,Sedang,7,0,29.11111111111111,68.4,3.8,13.4,21.0,0.0,us embassy 1
2023-07-17,76.63627269929205,Sedang,7,0,29.0,69.0,6.2,21.6,21.0,0.0,us embassy 2
2023-07-18,85.75,Sedang,7,1,28.6,68.2,6.3,25.9,21.9,0.0,bundaran hi
2023-07-18,80.70833333333333,Sedang,7,1,28.3,68.4,6.2,25.9,21.9,0.0,jagakarsa
2023-07-18,0.0,Baik,7,1,28.5,69.4,6.8,25.9,21.9,0.0,kebun jeruk
2023-07-18,89.375,Sedang,7,1,28.6,68.5,6.4,27.0,22.4,0.0,kelapa gading
2023-07-18,112.29166666666667,Tidak Sehat,7,1,28.4,67.5,5.8,27.0,22.4,0.0,lubang buaya
2023-07-18,70.35194897763442,Sedang,7,1,28.61111111111111,68.2,3.9,16.1,21.9,0.0,us embassy 1
2023-07-18,76.63627269929205,Sedang,7,1,28.5,68.4,6.3,25.9,21.9,0.0,us embassy 2
2023-07-19,84.91666666666667,Sedang,7,2,28.7,63.8,6.1,18.4,21.5,0.0,bundaran hi
2023-07-19,79.58333333333333,Sedang,7,2,28.3,64.3,6.1,18.4,21.5,0.0,jagakarsa
2023-07-19,0.0,Baik,7,2,28.4,65.8,6.2,18.4,21.5,0.0,kebun jeruk
2023-07-19,87.33333333333333,Sedang,7,2,28.7,64.0,6.3,20.2,21.7,0.0,kelapa gading
2023-07-19,134.5,Tidak Sehat,7,2,28.6,62.6,6.0,20.2,21.7,0.0,lubang buaya
2023-07-19,69.54086093501735,Sedang,7,2,28.72222222222222,63.8,3.8,11.4,21.5,0.0,us embassy 1
2023-07-19,76.63627269929205,Sedang,7,2,28.6,64.2,6.1,18.4,21.5,0.0,us embassy 2
2023-07-20,80.54166666666667,Sedang,7,3,28.2,61.2,6.4,19.8,18.5,0.0,bundaran hi
2023-07-20,73.0,Sedang,7,3,28.0,61.4,6.3,19.8,18.5,0.0,jagakarsa
2023-07-20,0.0,Baik,7,3,28.0,62.2,6.7,19.8,18.5,0.0,kebun jeruk
2023-07-20,58.416666666666664,Sedang,7,3,28.3,61.4,6.4,20.5,19.5,0.0,kelapa gading
2023-07-20,109.16666666666667,Tidak Sehat,7,3,28.2,60.1,6.1,20.5,19.5,0.0,lubang buaya
2023-07-20,69.54086093501735,Sedang,7,3,28.22222222222222,61.2,4.0,12.3,18.5,0.0,us embassy 1
2023-07-20,76.63627269929205,Sedang,7,3,28.1,61.3,6.4,19.8,18.5,0.0,us embassy 2
2023-07-21,91.5,Sedang,7,4,28.6,69.0,6.1,26.6,18.4,0.0,bundaran hi
2023-07-21,88.58333333333333,Sedang,7,4,28.3,68.9,6.0,26.6,18.4,0.0,jagakarsa
2023-07-21,0.0,Baik,7,4,28.2,71.3,6.2,26.6,18.4,0.0,kebun jeruk
2023-07-21,78.54166666666667,Sedang,7,4,28.6,68.7,6.2,27.0,19.1,0.0,kelapa gading
2023-07-21,108.16666666666667,Tidak Sehat,7,4,28.5,67.2,5.8,27.0,19.1,0.0,lubang buaya
2023-07-21,69.54086093501735,Sedang,7,4,28.55555555555556,69.2,3.8,16.6,18.4,0.0,us embassy 1
2023-07-21,76.63627269929205,Sedang,7,4,28.4,69.3,6.1,26.6,18.4,0.0,us embassy 2
2023-07-22,107.58333333333333,Tidak Sehat,7,5,28.8,70.3,5.9,25.2,17.5,0.0,bundaran hi
2023-07-22,101.70833333333333,Tidak Sehat,7,5,28.6,70.4,5.7,25.2,17.5,0.0,jagakarsa
2023-07-22,0.0,Baik,7,5,28.6,72.1,5.9,25.2,17.5,0.0,kebun jeruk
2023-07-22,91.625,Sedang,7,5,28.8,70.5,6.1,24.5,18.3,0.0,kelapa gading
2023-07-22,106.54166666666667,Tidak Sehat,7,5,28.8,68.8,5.7,24.5,18.3,0.0,lubang buaya
2023-07-22,69.54086093501735,Sedang,7,5,28.83333333333333,70.4,3.7,15.7,17.5,0.0,us embassy 1
2023-07-22,76.63627269929205,Sedang,7,5,28.8,70.6,5.9,25.2,17.5,0.0,us embassy 2
2023-07-23,88.83333333333333,Sedang,7,6,28.9,71.2,6.0,26.3,18.6,0.0,bundaran hi
2023-07-23,88.41666666666667,Sedang,7,6,28.5,71.7,5.8,26.3,18.6,0.0,jagakarsa
2023-07-23,0.0,Baik,7,6,28.7,73.4,6.3,26.3,18.6,0.0,kebun jeruk
2023-07-23,79.625,Sedang,7,6,28.8,71.5,6.0,29.2,19.6,0.0,kelapa gading
2023-07-23,142.25,Tidak Sehat,7,6,28.6,70.5,5.5,29.2,19.6,0.0,lubang buaya
2023-07-23,69.54086093501735,Sedang,7,6,28.88888888888889,71.3,3.7,16.3,18.6,0.0,us embassy 1
2023-07-23,76.63627269929205,Sedang,7,6,28.7,71.7,6.0,26.3,18.6,0.0,us embassy 2
2023-07-24,80.75,Sedang,7,0,27.7,82.6,5.2,25.6,17.7,0.134,bundaran hi
2023-07-24,84.5,Sedang,7,0,27.2,84.0,4.8,25.6,17.7,3.235,jagakarsa
2023-07-24,0.0,Baik,7,0,27.3,85.5,5.0,25.6,17.7,4.697,kebun jeruk
2023-07-24,77.45833333333333,Sedang,7,0,27.5,83.4,5.2,25.2,18.7,0.835,kelapa gading
2023-07-24,113.79166666666667,Tidak Sehat,7,0,27.3,83.6,4.7,25.2,18.7,2.155,lubang buaya
2023-07-24,69.54086093501735,Sedang,7,0,27.722222222222225,82.6,3.2,15.9,17.7,0.0,us embassy 1
2023-07-24,76.63627269929205,Sedang,7,0,27.5,83.7,5.0,25.6,17.7,2.077,us embassy 2
2023-07-25,91.58333333333333,Sedang,7,1,27.9,80.1,4.6,19.8,16.9,0.0,bundaran hi
2023-07-25,91.45833333333333,Sedang,7,1,27.5,80.5,4.2,19.8,16.9,0.0,jagakarsa
2023-07-25,8.625,Baik,7,1,27.6,82.2,4.5,19.8,16.9,0.0,kebun jeruk
2023-07-25,87.33333333333333,Sedang,7,1,27.8,80.2,4.7,19.8,17.6,0.0,kelapa gading
2023-07-25,111.33333333333333,Tidak Sehat,7,1,27.7,79.7,4.0,19.8,17.6,0.0,lubang buaya
2023-07-25,56.00546639885261,Sedang,7,1,27.83333333333333,80.2,2.8,12.3,16.9,0.0,us embassy 1
2023-07-25,76.63627269929205,Sedang,7,1,27.7,80.5,4.4,19.8,16.9,0.0,us embassy 2
2023-07-26,95.54166666666667,Sedang,7,2,27.9,76.2,5.4,22.0,17.9,0.015,bundaran hi
2023-07-26,88.54166666666667,Sedang,7,2,27.6,76.4,5.1,22.0,17.9,1.109,jagakarsa
2023-07-26,0.0,Baik,7,2,27.6,78.4,5.4,22.0,17.9,0.289,kebun jeruk
2023-07-26,90.125,Sedang,7,2,27.9,76.1,5.4,21.2,18.8,0.261,kelapa gading
2023-07-26,122.79166666666667,Tidak Sehat,7,2,27.8,75.0,5.1,21.2,18.8,0.201,lubang buaya
2023-07-26,104.20225172505077,Tidak Sehat,7,2,27.88888888888889,76.3,3.4,13.6,17.9,0.0,us embassy 1
2023-07-26,76.63627269929205,Sedang,7,2,27.8,76.5,5.3,22.0,17.9,0.152,us embassy 2
2023-07-27,102.95833333333333,Tidak Sehat,7,3,28.5,73.8,5.2,19.4,19.0,0.0,bundaran hi
2023-07-27,98.58333333333333,Sedang,7,3,28.2,74.0,4.9,19.4,19.0,0.0,jagakarsa
2023-07-27,0.0,Baik,7,3,28.2,76.1,4.9,19.4,19.0,0.0,kebun jeruk
2023-07-27,104.45833333333333,Tidak Sehat,7,3,28.5,73.8,5.2,18.0,19.6,0.0,kelapa gading
2023-07-27,126.75,Tidak Sehat,7,3,28.4,72.6,4.9,18.0,19.6,0.0,lubang buaya
2023-07-27,101.21295851893673,Tidak Sehat,7,3,28.444444444444443,73.9,3.2,12.1,19.0,0.0,us embassy 1
2023-07-27,76.63627269929205,Sedang,7,3,28.4,74.2,5.0,19.4,19.0,0.0,us embassy 2
2023-07-28,99.25,Sedang,7,4,28.8,67.3,6.1,20.5,16.1,0.0,bundaran hi
2023-07-28,94.45833333333333,Sedang,7,4,28.5,67.6,5.9,20.5,16.1,0.0,jagakarsa
2023-07-28,0.0,Baik,7,4,28.7,68.6,6.6,20.5,16.1,0.0,kebun jeruk
2023-07-28,100.875,Tidak Sehat,7,4,28.8,67.5,6.2,23.8,17.6,0.0,kelapa gading
2023-07-28,130.83333333333334,Tidak Sehat,7,4,28.6,66.4,5.5,23.8,17.6,0.0,lubang buaya
2023-07-28,109.48446266135305,Tidak Sehat,7,4,28.83333333333333,67.4,3.8,12.8,16.1,0.0,us embassy 1
2023-07-28,76.63627269929205,Sedang,7,4,28.7,67.6,6.1,20.5,16.1,0.0,us embassy 2
2023-07-29,46.375,Baik,7,5,28.2,69.9,6.3,25.9,20.9,0.0,bundaran hi
2023-07-29,79.58333333333333,Sedang,7,5,27.8,70.4,6.2,25.9,20.9,0.0,jagakarsa
2023-07-29,0.0,Baik,7,5,28.0,71.7,6.7,25.9,20.9,0.0,kebun jeruk
2023-07-29,97.25,Sedang,7,5,28.1,70.1,6.3,27.0,21.7,0.0,kelapa gading
2023-07-29,116.20833333333333,Tidak Sehat,7,5,27.8,69.5,5.9,27.0,21.7,0.0,lubang buaya
2023-07-29,97.09338521653048,Sedang,7,5,28.166666666666668,69.9,3.9,16.1,20.9,0.0,us embassy 1
2023-07-29,76.63627269929205,Sedang,7,5,28.0,70.3,6.4,25.9,20.9,0.0,us embassy 2
2023-07-30,36.791666666666664,Baik,7,6,28.4,69.8,6.3,22.3,20.7,0.0,bundaran hi
2023-07-30,79.83333333333333,Sedang,7,6,28.1,70.4,6.2,22.3,20.7,0.0,jagakarsa
2023-07-30,0.0,Baik,7,6,28.1,72.0,6.7,22.3,20.7,0.0,kebun jeruk
2023-07-30,93.125,Sedang,7,6,28.4,69.9,6.4,27.0,20.9,0.0,kelapa gading
2023-07-30,128.16666666666666,Tidak Sehat,7,6,28.2,69.4,5.9,27.0,20.9,0.0,lubang buaya
2023-07-30,93.51159752089787,Sedang,7,6,28.38888888888889,69.8,3.9,13.9,20.7,0.0,us embassy 1
2023-07-30,76.63627269929205,Sedang,7,6,28.3,70.3,6.3,22.3,20.7,0.0,us embassy 2
2023-07-31,60.125,Sedang,7,0,28.1,66.0,6.1,44.6,21.9,0.0,bundaran hi
2023-07-31,73.5,Sedang,7,0,27.7,66.8,6.2,44.6,21.9,0.0,jagakarsa
2023-07-31,0.0,Baik,7,0,27.9,67.4,6.5,44.6,21.9,0.0,kebun jeruk
2023-07-31,84.70833333333333,Sedang,7,0,28.0,67.1,6.3,44.6,22.4,0.0,kelapa gading
2023-07-31,116.0,Tidak Sehat,7,0,27.8,66.1,5.9,44.6,22.4,0.0,lubang buaya
2023-07-31,90.5682500640745,Sedang,7,0,28.111111111111107,66.0,3.8,27.7,21.9,0.0,us embassy 1
2023-07-31,76.63627269929205,Sedang,7,0,27.9,66.5,6.2,44.6,21.9,0.0,us embassy 2
2023-08-01,80.79166666666667,Sedang,8,1,28.8,69.6,7.0,33.5,21.6,0.0,bundaran hi
2023-08-01,71.83333333333333,Sedang,8,1,28.5,69.4,7.0,33.5,21.6,0.0,jagakarsa
2023-08-01,0.0,Baik,8,1,28.5,72.0,7.7,33.5,21.6,0.0,kebun jeruk
2023-08-01,81.04166666666667,Sedang,8,1,28.8,70.0,7.1,34.6,22.4,0.0,kelapa gading
2023-08-01,105.0,Tidak Sehat,8,1,28.7,68.1,6.7,34.6,22.4,0.0,lubang buaya
2023-08-01,84.72581971371694,Sedang,8,1,28.72222222222222,69.7,4.3,20.8,21.6,0.0,us embassy 1
2023-08-01,76.63627269929205,Sedang,8,1,28.7,69.9,7.1,33.5,21.6,0.0,us embassy 2
2023-08-02,74.375,Sedang,8,2,29.0,74.9,6.2,24.8,19.1,0.2,bundaran hi
2023-08-02,73.95833333333333,Sedang,8,2,28.6,74.8,6.0,24.8,19.1,14.616,jagakarsa
2023-08-02,0.0,Baik,8,2,28.7,77.0,6.2,24.8,19.1,6.171,kebun jeruk
2023-08-02,78.04166666666667,Sedang,8,2,29.0,74.7,6.2,25.2,19.8,1.38,kelapa gading
2023-08-02,98.95833333333333,Sedang,8,2,28.8,73.2,5.8,25.2,19.8,5.882,lubang buaya
2023-08-02,76.82277599388483,Sedang,8,2,29.0,75.0,3.8,15.4,19.1,0.001,us embassy 1
2023-08-02,76.63627269929205,Sedang,8,2,28.9,75.1,6.1,24.8,19.1,4.137,us embassy 2
2023-08-03,81.875,Sedang,8,3,29.5,74.2,5.7,24.8,20.2,0.018,bundaran hi
2023-08-03,83.91666666666667,Sedang,8,3,29.2,74.0,5.4,24.8,20.2,1.571,jagakarsa
2023-08-03,0.0,Baik,8,3,29.3,76.7,6.1,24.8,20.2,0.557,kebun jeruk
2023-08-03,77.83333333333333,Sedang,8,3,29.5,73.9,5.7,26.3,21.1,0.125,kelapa gading
2023-08-03,107.91666666666667,Tidak Sehat,8,3,29.5,71.8,5.1,26.3,21.1,0.531,lubang buaya
2023-08-03,85.24296085500562,Sedang,8,3,29.444444444444443,74.4,3.6,15.4,20.2,0.0,us embassy 1
2023-08-03,76.63627269929205,Sedang,8,3,29.4,74.4,5.7,24.8,20.2,0.374,us embassy 2
2023-08-04,89.20833333333333,Sedang,8,4,29.2,74.3,5.9,24.1,20.8,0.0,bundaran hi
2023-08-04,81.75,Sedang,8,4,28.9,74.3,5.6,24.1,20.8,0.0,jagakarsa
2023-08-04,0.0,Baik,8,4,29.0,76.3,6.0,24.1,20.8,0.0,kebun jeruk
2023-08-04,86.20833333333333,Sedang,8,4,29.2,74.2,5.9,28.4,21.5,0.0,kelapa gading
2023-08-04,106.91666666666667,Tidak Sehat,8,4,29.2,72.8,5.4,28.4,21.5,0.0,lubang buaya
2023-08-04,92.56370651582012,Sedang,8,4,29.22222222222222,74.4,3.6,15.0,20.8,0.0,us embassy 1
2023-08-04,76.63627269929205,Sedang,8,4,29.1,74.5,5.8,24.1,20.8,0.0,us embassy 2
2023-08-05,90.125,Sedang,8,5,29.1,69.3,5.8,27.4,21.1,0.0,bundaran hi
2023-08-05,76.66666666666667,Sedang,8,5,28.9,68.7,5.7,27.4,21.1,0.0,jagakarsa
2023-08-05,0.0,Baik,8,5,28.9,71.6,6.1,27.4,21.1,0.0,kebun jeruk
2023-08-05,85.625,Sedang,8,5,29.2,69.1,5.9,29.5,21.5,0.0,kelapa gading
2023-08-05,108.0,Tidak Sehat,8,5,29.2,66.4,5.4,29.5,21.5,0.0,lubang buaya
2023-08-05,87.25223363234893,Sedang,8,5,29.11111111111111,69.4,3.6,17.0,21.1,0.0,us embassy 1
2023-08-05,76.63627269929205,Sedang,8,5,29.1,69.3,5.8,27.4,21.1,0.0,us embassy 2
2023-08-06,94.875,Sedang,8,6,28.8,72.9,5.7,21.6,21.7,0.0,bundaran hi
2023-08-06,79.45833333333333,Sedang,8,6,28.5,72.7,5.6,21.6,21.7,0.0,jagakarsa
2023-08-06,0.0,Baik,8,6,28.5,74.3,5.6,21.6,21.7,0.0,kebun jeruk
2023-08-06,88.66666666666667,Sedang,8,6,28.8,72.7,5.9,22.3,22.2,0.0,kelapa gading
2023-08-06,119.91666666666667,Tidak Sehat,8,6,28.7,71.4,5.5,22.3,22.2,0.0,lubang buaya
2023-08-06,84.02936484017273,Sedang,8,6,28.77777777777778,73.0,3.6,13.4,21.7,0.0,us embassy 1
2023-08-06,76.63627269929205,Sedang,8,6,28.7,72.9,5.7,21.6,21.7,0.0,us embassy 2
2023-08-07,109.125,Tidak Sehat,8,0,28.6,74.8,5.3,24.8,21.2,0.2,bundaran hi
2023-08-07,106.04166666666667,Tidak Sehat,8,0,28.3,74.8,4.9,24.8,21.2,0.2,jagakarsa
2023-08-07,0.0,Baik,8,0,28.2,76.7,5.4,24.8,21.2,0.2,kebun jeruk
2023-08-07,94.45833333333333,Sedang,8,0,28.6,74.7,5.2,23.8,21.9,0.2,kelapa gading
2023-08-07,133.125,Tidak Sehat,8,0,28.6,73.5,4.7,23.8,21.9,0.2,lubang buaya
2023-08-07,107.57449198601192,Tidak Sehat,8,0,28.55555555555556,74.9,3.3,15.4,21.2,0.008,us embassy 1
2023-08-07,76.63627269929205,Sedang,8,0,28.5,75.0,5.2,24.8,21.2,0.2,us embassy 2
2023-08-08,97.375,Sedang,8,1,29.1,75.0,5.8,25.9,21.7,0.0,bundaran hi
2023-08-08,92.0,Sedang,8,1,28.8,74.6,5.6,25.9,21.7,0.0,jagakarsa
2023-08-08,0.0,Baik,8,1,28.9,76.4,6.2,25.9,21.7,0.0,kebun jeruk
2023-08-08,86.83333333333333,Sedang,8,1,29.1,75.0,5.8,28.8,22.4,0.0,kelapa gading
2023-08-08,112.625,Tidak Sehat,8,1,29.1,73.0,5.4,28.8,22.4,0.0,lubang buaya
2023-08-08,103.24366490985601,Tidak Sehat,8,1,29.05555555555556,75.0,3.6,16.1,21.7,0.0,us embassy 1
2023-08-08,76.63627269929205,Sedang,8,1,29.0,75.0,5.8,25.9,21.7,0.0,us embassy 2
2023-08-09,80.29166666666667,Sedang,8,2,28.9,74.0,6.1,29.9,21.3,0.0,bundaran hi
2023-08-09,75.54166666666667,Sedang,8,2,28.6,73.7,6.0,29.9,21.3,0.0,jagakarsa
2023-08-09,0.0,Baik,8,2,28.7,76.4,6.5,29.9,21.3,0.0,kebun jeruk
2023-08-09,73.41666666666667,Sedang,8,2,28.9,73.9,6.2,30.6,21.9,0.0,kelapa gading
2023-08-09,103.08333333333333,Tidak Sehat,8,2,28.8,72.4,5.6,30.6,21.9,0.0,lubang buaya
2023-08-09,85.36310502811733,Sedang,8,2,28.944444444444443,74.1,3.8,18.6,21.3,0.0,us embassy 1
2023-08-09,76.63627269929205,Sedang,8,2,28.9,74.2,6.2,29.9,21.3,0.0,us embassy 2
2023-08-10,85.04166666666667,Sedang,8,3,28.8,72.5,5.8,23.8,22.4,0.0,bundaran hi
2023-08-10,75.375,Sedang,8,3,28.7,72.0,5.6,23.8,22.4,0.0,jagakarsa
2023-08-10,0.0,Baik,8,3,28.6,73.9,6.1,23.8,22.4,0.0,kebun jeruk
2023-08-10,78.33333333333333,Sedang,8,3,28.9,72.3,5.8,26.6,22.5,0.0,kelapa gading
2023-08-10,102.79166666666667,Tidak Sehat,8,3,28.9,70.8,5.2,26.6,22.5,0.0,lubang buaya
2023-08-10,85.55999925017345,Sedang,8,3,28.77777777777778,72.6,3.6,14.8,22.4,0.0,us embassy 1
2023-08-10,76.63627269929205,Sedang,8,3,28.8,72.5,5.8,23.8,22.4,0.0,us embassy 2
2023-08-11,96.20833333333333,Sedang,8,4,28.6,75.2,5.2,25.9,22.6,0.0,bundaran hi
2023-08-11,87.54166666666667,Sedang,8,4,28.3,75.1,5.0,25.9,22.6,0.0,jagakarsa
2023-08-11,0.0,Baik,8,4,28.3,77.0,5.3,25.9,22.6,0.0,kebun jeruk
2023-08-11,87.66666666666667,Sedang,8,4,28.6,75.8,5.3,24.5,23.0,0.1,kelapa gading
2023-08-11,118.41666666666667,Tidak Sehat,8,4,28.6,73.7,4.7,24.5,23.0,0.1,lubang buaya
2023-08-11,97.40940044267528,Sedang,8,4,28.55555555555556,75.2,3.2,16.1,22.6,0.0,us embassy 1
2023-08-11,76.63627269929205,Sedang,8,4,28.5,75.4,5.1,25.9,22.6,0.0,us embassy 2
2023-08-12,96.20833333333333,Sedang,8,5,28.5,68.7,6.2,33.8,21.2,0.0,bundaran hi
2023-08-12,93.95833333333333,Sedang,8,5,28.3,69.1,6.1,33.8,21.2,0.0,jagakarsa
2023-08-12,0.0,Baik,8,5,28.1,71.7,6.5,33.8,21.2,0.0,kebun jeruk
2023-08-12,83.125,Sedang,8,5,28.4,69.0,6.3,33.5,21.9,0.0,kelapa gading
2023-08-12,122.875,Tidak Sehat,8,5,28.4,68.2,5.9,33.5,21.9,0.0,lubang buaya
2023-08-12,95.73547353034566,Sedang,8,5,28.444444444444443,68.8,3.9,21.0,21.2,0.0,us embassy 1
2023-08-12,76.63627269929205,Sedang,8,5,28.4,69.3,6.2,33.8,21.2,0.0,us embassy 2
2023-08-13,88.41666666666667,Sedang,8,6,27.9,72.9,5.8,32.4,20.4,0.0,bundaran hi
2023-08-13,87.45833333333333,Sedang,8,6,27.9,71.7,6.0,32.4,20.4,0.0,jagakarsa
2023-08-13,0.0,Baik,8,6,27.8,74.2,6.6,32.4,20.4,0.0,kebun jeruk
2023-08-13,78.70833333333333,Sedang,8,6,27.9,72.3,5.9,33.5,21.3,0.0,kelapa gading
2023-08-13,135.45833333333334,Tidak Sehat,8,6,28.0,70.2,5.6,33.5,21.3,0.0,lubang buaya
2023-08-13,88.41290282902973,Sedang,8,6,27.88888888888889,73.1,3.6,20.1,20.4,0.0,us embassy 1
2023-08-13,76.63627269929205,Sedang,8,6,27.9,72.5,6.0,32.4,20.4,0.0,us embassy 2
2023-08-14,83.0,Sedang,8,0,28.4,70.6,6.2,27.0,22.3,0.0,bundaran hi
2023-08-14,75.0,Sedang,8,0,28.1,70.3,6.4,27.0,22.3,0.0,jagakarsa
2023-08-14,0.0,Baik,8,0,28.1,71.7,6.7,27.0,22.3,0.0,kebun jeruk
2023-08-14,80.875,Sedang,8,0,28.4,70.6,6.4,28.8,23.0,0.0,kelapa gading
2023-08-14,117.70833333333333,Tidak Sehat,8,0,28.3,69.3,6.1,28.8,23.0,0.0,lubang buaya
2023-08-14,81.325300751412,Sedang,8,0,28.38888888888889,70.6,3.8,16.8,22.3,0.0,us embassy 1
2023-08-14,76.63627269929205,Sedang,8,0,28.3,70.6,6.3,27.0,22.3,0.0,us embassy 2
2023-08-15,88.29166666666667,Sedang,8,1,28.5,71.6,5.9,25.6,20.7,0.0,bundaran hi
2023-08-15,86.70833333333333,Sedang,8,1,28.2,71.3,5.7,25.6,20.7,0.0,jagakarsa
2023-08-15,0.0,Baik,8,1,28.1,73.4,6.2,25.6,20.7,0.0,kebun jeruk
2023-08-15,89.29166666666667,Sedang,8,1,28.5,71.5,5.9,30.2,21.6,0.0,kelapa gading
2023-08-15,120.79166666666667,Tidak Sehat,8,1,28.4,70.1,5.3,30.2,21.6,0.0,lubang buaya
2023-08-15,88.73356992620613,Sedang,8,1,28.444444444444443,71.7,3.7,15.9,20.7,0.0,us embassy 1
2023-08-15,76.63627269929205,Sedang,8,1,28.4,71.7,5.8,25.6,20.7,0.0,us embassy 2
2023-08-16,92.08333333333333,Sedang,8,2,28.8,69.2,5.7,28.1,21.2,0.0,bundaran hi
2023-08-16,84.25,Sedang,8,2,28.6,68.3,5.7,28.1,21.2,0.0,jagakarsa
2023-08-16,0.0,Baik,8,2,28.5,70.8,5.9,28.1,21.2,0.0,kebun jeruk
2023-08-16,90.0,Sedang,8,2,28.8,69.0,5.9,30.2,21.8,0.0,kelapa gading
2023-08-16,137.79166666666666,Tidak Sehat,8,2,28.9,66.7,5.5,30.2,21.8,0.0,lubang buaya
2023-08-16,96.07937279891462,Sedang,8,2,28.77777777777778,69.3,3.5,17.4,21.2,0.0,us embassy 1
2023-08-16,76.63627269929205,Sedang,8,2,28.7,69.0,5.7,28.1,21.2,0.0,us embassy 2
2023-08-17,89.20833333333333,Sedang,8,3,28.5,67.2,6.3,35.3,19.9,0.0,bundaran hi
2023-08-17,76.41666666666667,Sedang,8,3,28.3,66.3,6.2,36.4,19.9,0.0,jagakarsa
2023-08-17,0.0,Baik,8,3,28.3,68.7,6.6,35.3,19.9,0.0,kebun jeruk
2023-08-17,85.91666666666667,Sedang,8,3,28.6,66.8,6.3,36.0,20.8,0.0,kelapa gading
2023-08-17,64.25,Sedang,8,3,28.6,64.3,6.0,36.0,20.8,0.0,lubang buaya
2023-08-17,93.77860390759243,Sedang,8,3,28.55555555555556,67.3,3.9,21.9,19.9,0.0,us embassy 1
2023-08-17,76.63627269929205,Sedang,8,3,28.5,66.9,6.3,35.3,19.9,0.0,us embassy 2
2023-08-18,71.04166666666667,Sedang,8,4,28.5,68.6,6.3,29.9,20.0,0.0,bundaran hi
2023-08-18,62.666666666666664,Sedang,8,4,28.4,68.0,6.4,29.9,20.0,0.0,jagakarsa
2023-08-18,0.0,Baik,8,4,28.4,69.9,6.7,29.9,20.0,0.0,kebun jeruk
2023-08-18,63.416666666666664,Sedang,8,4,28.6,68.5,6.5,29.9,19.7,0.0,kelapa gading
2023-08-18,87.41666666666667,Sedang,8,4,28.6,66.4,6.1,29.9,19.7,0.0,lubang buaya
2023-08-18,70.19286265423888,Sedang,8,4,28.5,68.7,3.9,18.6,20.0,0.0,us embassy 1
2023-08-18,76.63627269929205,Sedang,8,4,28.5,68.5,6.4,29.9,20.0,0.0,us embassy 2
2023-08-19,79.625,Sedang,8,5,28.8,72.1,5.9,29.9,20.7,0.0,bundaran hi
2023-08-19,72.95833333333333,Sedang,8,5,28.5,72.1,5.7,29.9,20.7,0.0,jagakarsa
2023-08-19,0.0,Baik,8,5,28.5,73.6,6.1,29.9,20.7,0.0,kebun jeruk
2023-08-19,71.5,Sedang,8,5,28.8,72.0,5.8,31.3,21.5,0.0,kelapa gading
2023-08-19,120.33333333333333,Tidak Sehat,8,5,28.7,70.8,5.4,31.3,21.5,0.0,lubang buaya
2023-08-19,74.82862557709751,Sedang,8,5,28.77777777777778,72.1,3.7,18.6,20.7,0.0,us embassy 1
2023-08-19,76.63627269929205,Sedang,8,5,28.7,72.3,5.9,29.9,20.7,0.0,us embassy 2
2023-08-20,85.54166666666667,Sedang,8,6,29.5,69.3,6.6,33.5,21.3,0.0,bundaran hi
2023-08-20,80.33333333333333,Sedang,8,6,29.2,68.8,6.5,26.3,21.3,0.0,jagakarsa
2023-08-20,0.0,Baik,8,6,29.2,70.7,7.1,33.5,21.3,0.0,kebun jeruk
2023-08-20,75.625,Sedang,8,6,29.5,68.9,6.7,28.8,22.2,0.0,kelapa gading
2023-08-20,114.08333333333333,Tidak Sehat,8,6,29.5,67.3,6.2,28.8,22.2,0.0,lubang buaya
2023-08-20,82.61611145137316,Sedang,8,6,29.444444444444443,69.4,4.1,20.8,21.3,0.0,us embassy 1
2023-08-20,76.63627269929205,Sedang,8,6,29.4,69.1,6.6,33.5,21.3,0.0,us embassy 2
2023-08-21,83.625,Sedang,8,0,29.0,69.3,6.1,23.4,20.6,0.0,bundaran hi
2023-08-21,79.125,Sedang,8,0,28.7,69.0,6.0,23.4,20.6,0.0,jagakarsa
2023-08-21,0.0,Baik,8,0,28.8,71.4,6.7,23.4,20.6,0.0,kebun jeruk
2023-08-21,75.33333333333333,Sedang,8,0,29.0,69.1,6.2,26.6,21.4,0.0,kelapa gading
2023-08-21,106.91666666666667,Tidak Sehat,8,0,28.8,67.5,5.5,26.6,21.4,0.0,lubang buaya
2023-08-21,82.31735830146013,Sedang,8,0,29.0,69.4,3.8,14.5,20.6,0.0,us embassy 1
2023-08-21,76.63627269929205,Sedang,8,0,28.9,69.5,6.1,23.4,20.6,0.0,us embassy 2
2023-08-22,85.33333333333333,Sedang,8,1,28.6,69.9,6.1,29.5,23.0,0.0,bundaran hi
2023-08-22,85.66666666666667,Sedang,8,1,28.2,70.5,5.8,29.5,23.0,0.0,jagakarsa
2023-08-22,0.0,Baik,8,1,28.4,72.0,6.4,29.5,23.0,0.0,kebun jeruk
2023-08-22,77.16666666666667,Sedang,8,1,28.5,70.4,6.0,28.4,23.1,0.0,kelapa gading
2023-08-22,120.83333333333333,Tidak Sehat,8,1,28.4,69.6,5.4,28.4,23.1,0.0,lubang buaya
2023-08-22,85.50420135061921,Sedang,8,1,28.61111111111111,69.9,3.8,18.3,23.0,0.0,us embassy 1
2023-08-22,76.63627269929205,Sedang,8,1,28.5,70.4,6.0,29.5,23.0,0.0,us embassy 2
2023-08-23,95.95833333333333,Sedang,8,2,28.9,69.0,6.2,24.5,21.6,0.0,bundaran hi
2023-08-23,80.20833333333333,Sedang,8,2,28.6,69.0,6.1,24.5,21.6,0.0,jagakarsa
2023-08-23,0.0,Baik,8,2,28.6,71.4,6.2,24.5,21.6,0.0,kebun jeruk
2023-08-23,89.70833333333333,Sedang,8,2,28.9,68.9,6.4,25.9,22.7,0.0,kelapa gading
2023-08-23,112.04166666666667,Tidak Sehat,8,2,28.9,67.1,6.0,25.9,22.7,0.0,lubang buaya
2023-08-23,95.63282645036107,Sedang,8,2,28.88888888888889,69.1,3.8,15.2,21.6,0.0,us embassy 1
2023-08-23,76.63627269929205,Sedang,8,2,28.8,69.3,6.1,24.5,21.6,0.0,us embassy 2
2023-08-24,92.0,Sedang,8,3,29.2,70.7,6.2,28.4,23.1,0.0,bundaran hi
2023-08-24,83.79166666666667,Sedang,8,3,28.9,70.9,6.1,28.4,23.1,0.0,jagakarsa
2023-08-24,0.0,Baik,8,3,28.9,73.3,6.6,28.4,23.1,0.0,kebun jeruk
2023-08-24,90.29166666666667,Sedang,8,3,29.2,70.7,6.2,30.2,23.4,0.0,kelapa gading
2023-08-24,110.29166666666667,Tidak Sehat,8,3,29.1,69.6,5.7,30.2,23.4,0.0,lubang buaya
2023-08-24,93.31985887790064,Sedang,8,3,29.166666666666668,70.8,3.9,17.7,23.1,0.0,us embassy 1
2023-08-24,76.63627269929205,Sedang,8,3,29.1,71.1,6.2,28.4,23.1,0.0,us embassy 2
2023-08-25,87.95833333333333,Sedang,8,4,29.0,72.5,6.0,26.3,21.8,0.0,bundaran hi
2023-08-25,86.375,Sedang,8,4,28.8,72.3,5.8,26.3,21.8,0.088,jagakarsa
2023-08-25,0.0,Baik,8,4,28.8,73.6,6.1,26.3,21.8,0.0,kebun jeruk
2023-08-25,92.0,Sedang,8,4,28.9,72.4,6.0,25.6,22.6,0.0,kelapa gading
2023-08-25,111.83333333333333,Tidak Sehat,8,4,29.0,71.3,5.6,25.6,22.6,0.053,lubang buaya
2023-08-25,88.20024479487823,Sedang,8,4,29.0,72.6,3.7,16.3,21.8,0.0,us embassy 1
2023-08-25,76.63627269929205,Sedang,8,4,28.9,72.5,6.0,26.3,21.8,0.0,us embassy 2
2023-08-26,86.79166666666667,Sedang,8,5,29.3,73.6,5.9,22.7,20.4,0.0,bundaran hi
2023-08-26,87.08333333333333,Sedang,8,5,29.2,73.1,5.7,22.7,20.4,0.0,jagakarsa
2023-08-26,0.0,Baik,8,5,29.2,74.4,6.5,22.7,20.4,0.0,kebun jeruk
2023-08-26,81.41666666666667,Sedang,8,5,29.4,73.2,6.0,25.2,21.9,0.0,kelapa gading
2023-08-26,101.66666666666667,Tidak Sehat,8,5,29.5,71.7,5.3,25.2,21.9,0.0,lubang buaya
2023-08-26,84.27236089824137,Sedang,8,5,29.33333333333333,73.7,3.7,14.1,20.4,0.0,us embassy 1
2023-08-26,76.63627269929205,Sedang,8,5,29.3,73.4,5.9,22.7,20.4,0.0,us embassy 2
2023-08-27,88.41666666666667,Sedang,8,6,28.4,77.6,5.5,31.7,19.9,2.274,bundaran hi
2023-08-27,88.70833333333333,Sedang,8,6,28.2,76.9,5.4,31.7,19.9,9.06,jagakarsa
2023-08-27,0.0,Baik,8,6,28.3,78.8,5.6,31.7,19.9,12.754,kebun jeruk
2023-08-27,83.58333333333333,Sedang,8,6,28.4,77.3,5.5,31.7,20.2,2.849,kelapa gading
2023-08-27,121.5,Tidak Sehat,8,6,28.5,75.4,5.1,31.7,20.2,6.481,lubang buaya
2023-08-27,82.91460751756422,Sedang,8,6,28.38888888888889,77.7,3.4,19.7,19.9,0.08,us embassy 1
2023-08-27,76.63627269929205,Sedang,8,6,28.4,77.4,5.4,31.7,19.9,6.589,us embassy 2
2023-08-28,89.45833333333333,Sedang,8,0,28.1,72.8,5.8,24.1,19.1,0.013,bundaran hi
2023-08-28,76.83333333333333,Sedang,8,0,27.9,72.8,5.6,24.1,19.1,0.316,jagakarsa
2023-08-28,0.0,Baik,8,0,27.9,75.3,5.9,24.1,19.1,0.452,kebun jeruk
2023-08-28,89.625,Sedang,8,0,28.2,72.7,5.8,23.0,19.8,0.081,kelapa gading
2023-08-28,115.625,Tidak Sehat,8,0,28.1,71.3,5.4,23.0,19.8,0.199,lubang buaya
2023-08-28,94.98601788952038,Sedang,8,0,28.111111111111107,73.0,3.6,15.0,19.1,0.0,us embassy 1
2023-08-28,76.63627269929205,Sedang,8,0,28.1,73.1,5.7,24.1,19.1,0.2,us embassy 2
2023-08-29,89.25,Sedang,8,1,28.6,70.7,6.1,28.8,21.4,0.0,bundaran hi
2023-08-29,85.41666666666667,Sedang,8,1,28.3,70.8,5.9,28.8,21.4,0.0,jagakarsa
2023-08-29,0.0,Baik,8,1,28.3,73.0,6.4,28.8,21.4,0.0,kebun jeruk
2023-08-29,89.83333333333333,Sedang,8,1,28.6,70.7,6.2,31.7,22.1,0.0,kelapa gading
2023-08-29,106.91666666666667,Tidak Sehat,8,1,28.5,69.2,5.7,31.7,22.1,0.0,lubang buaya
2023-08-29,88.5034108711414,Sedang,8,1,28.61111111111111,70.8,3.8,17.9,21.4,0.0,us embassy 1
2023-08-29,76.63627269929205,Sedang,8,1,28.5,71.0,6.1,28.8,21.4,0.0,us embassy 2
2023-08-30,90.125,Sedang,8,2,28.5,71.8,6.2,28.4,23.2,0.0,bundaran hi
2023-08-30,92.20833333333333,Sedang,8,2,28.2,71.1,6.2,28.4,23.2,0.0,jagakarsa
2023-08-30,0.0,Baik,8,2,28.2,73.6,6.6,28.4,23.2,0.0,kebun jeruk
2023-08-30,95.04166666666667,Sedang,8,2,28.5,71.5,6.3,30.2,23.9,0.0,kelapa gading
2023-08-30,110.91666666666667,Tidak Sehat,8,2,28.5,69.7,5.9,30.2,23.9,0.0,lubang buaya
2023-08-30,91.23376481365659,Sedang,8,2,28.5,71.9,3.8,17.7,23.2,0.0,us embassy 1
2023-08-30,76.63627269929205,Sedang,8,2,28.4,71.8,6.3,28.4,23.2,0.0,us embassy 2
2023-08-31,95.375,Sedang,8,3,28.4,72.7,5.2,22.0,23.6,0.0,bundaran hi
2023-08-31,89.58333333333333,Sedang,8,3,28.2,72.3,5.1,22.0,23.6,0.0,jagakarsa
2023-08-31,11.5,Baik,8,3,28.1,75.0,5.1,22.0,23.6,0.0,kebun jeruk
2023-08-31,97.75,Sedang,8,3,28.4,72.8,5.3,23.4,23.7,0.0,kelapa gading
2023-08-31,105.66666666666667,Tidak Sehat,8,3,28.5,70.8,5.0,23.4,23.7,0.0,lubang buaya
2023-08-31,95.27742652073734,Sedang,8,3,28.38888888888889,72.9,3.3,13.6,23.6,0.0,us embassy 1
2023-08-31,73.73109943671663,Sedang,8,3,28.3,72.9,5.2,22.0,23.6,0.0,us embassy 2
2023-09-01,106.125,Tidak Sehat,9,4,28.2,72.0,5.5,27.0,24.5,0.0,bundaran hi
2023-09-01,90.79166666666667,Sedang,9,4,27.9,71.8,5.3,27.0,24.5,0.0,jagakarsa
2023-09-01,0.0,Baik,9,4,28.1,73.5,5.3,27.0,24.5,0.0,kebun jeruk
2023-09-01,104.25,Tidak Sehat,9,4,28.2,72.0,5.6,28.1,25.0,0.0,kelapa gading
2023-09-01,116.45833333333333,Tidak Sehat,9,4,28.1,70.8,5.3,28.1,25.0,0.0,lubang buaya
2023-09-01,107.2707507877546,Tidak Sehat,9,4,28.166666666666668,72.1,3.4,16.8,24.5,0.0,us embassy 1
2023-09-01,74.14931747566685,Sedang,9,4,28.1,72.1,5.4,27.0,24.5,0.0,us embassy 2
2023-09-02,107.79166666666667,Tidak Sehat,9,5,28.5,71.1,5.8,30.2,21.9,0.0,bundaran hi
2023-09-02,91.79166666666667,Sedang,9,5,28.3,70.7,5.8,30.2,21.9,0.0,jagakarsa
2023-09-02,0.0,Baik,9,5,28.2,72.9,6.1,30.2,21.9,0.0,kebun jeruk
2023-09-02,94.16666666666667,Sedang,9,5,28.6,70.8,5.8,32.8,23.4,0.0,kelapa gading
2023-09-02,112.66666666666667,Tidak Sehat,9,5,28.6,69.2,5.4,32.8,23.4,0.0,lubang buaya
2023-09-02,105.9077870374615,Tidak Sehat,9,5,28.444444444444443,71.2,3.6,18.8,21.9,0.0,us embassy 1
2023-09-02,108.81999135142983,Tidak Sehat,9,5,28.4,71.2,5.8,30.2,21.9,0.0,us embassy 2
2023-09-03,94.45833333333333,Sedang,9,6,28.6,65.8,5.7,25.2,19.3,0.0,bundaran hi
2023-09-03,80.29166666666667,Sedang,9,6,28.7,65.4,5.6,25.2,19.3,0.0,jagakarsa
2023-09-03,0.0,Baik,9,6,28.3,68.2,6.2,25.2,19.3,0.0,kebun jeruk
2023-09-03,88.08333333333333,Sedang,9,6,28.7,65.4,5.6,29.2,21.5,0.0,kelapa gading
2023-09-03,92.875,Sedang,9,6,28.8,64.4,5.3,29.2,21.5,0.0,lubang buaya
2023-09-03,95.33365913514558,Sedang,9,6,28.61111111111111,66.0,3.6,15.7,19.3,0.0,us embassy 1
2023-09-03,94.97771769170781,Sedang,9,6,28.6,65.9,5.7,25.2,19.3,0.0,us embassy 2
2023-09-04,63.458333333333336,Sedang,9,0,28.2,59.8,6.8,28.1,23.0,0.0,bundaran hi
2023-09-04,72.79166666666667,Sedang,9,0,27.9,59.3,7.0,28.1,23.0,0.0,jagakarsa
2023-09-04,2.875,Baik,9,0,28.0,60.3,7.4,28.1,23.0,0.0,kebun jeruk
2023-09-04,84.08333333333333,Sedang,9,0,28.2,59.7,7.0,28.8,24.5,0.0,kelapa gading
2023-09-04,68.29166666666667,Sedang,9,0,28.1,58.3,6.7,28.8,24.5,0.0,lubang buaya
2023-09-04,88.14755816816704,Sedang,9,0,28.22222222222222,59.9,4.2,17.4,23.0,0.0,us embassy 1
2023-09-04,86.36718074604369,Sedang,9,0,28.1,59.6,7.0,28.1,23.0,0.0,us embassy 2
2023-09-05,97.04166666666667,Sedang,9,1,28.3,61.4,6.5,37.1,24.9,0.0,bundaran hi
2023-09-05,79.0,Sedang,9,1,27.9,61.2,6.4,37.1,24.9,0.0,jagakarsa
2023-09-05,55.25,Sedang,9,1,27.9,63.0,7.3,37.1,24.9,0.0,kebun jeruk
2023-09-05,99.54166666666667,Sedang,9,1,28.3,61.4,6.6,37.1,25.6,0.0,kelapa gading
2023-09-05,127.625,Tidak Sehat,9,1,28.2,59.8,5.9,37.1,25.6,0.0,lubang buaya
2023-09-05,88.16836163562324,Sedang,9,1,28.277777777777786,61.5,4.1,23.0,24.9,0.0,us embassy 1
2023-09-05,84.0495966893518,Sedang,9,1,28.2,61.5,6.6,37.1,24.9,0.0,us embassy 2
2023-09-06,92.95833333333333,Sedang,9,2,28.9,62.4,6.3,27.7,24.6,0.0,bundaran hi
2023-09-06,80.41666666666667,Sedang,9,2,28.6,61.9,6.2,27.7,24.6,0.0,jagakarsa
2023-09-06,25.458333333333332,Baik,9,2,28.5,64.6,6.6,27.7,24.6,0.0,kebun jeruk
2023-09-06,90.625,Sedang,9,2,28.9,62.2,6.3,26.3,25.0,0.0,kelapa gading
2023-09-06,109.70833333333333,Tidak Sehat,9,2,29.0,59.8,6.1,26.3,25.0,0.0,lubang buaya
2023-09-06,86.17730766664037,Sedang,9,2,28.88888888888889,62.5,3.9,17.2,24.6,0.0,us embassy 1
2023-09-06,85.8980444731689,Sedang,9,2,28.8,62.4,6.3,27.7,24.6,0.0,us embassy 2
2023-09-07,95.625,Sedang,9,3,28.9,68.0,6.4,25.9,23.3,0.0,bundaran hi
2023-09-07,90.16666666666667,Sedang,9,3,28.7,67.2,6.3,25.9,23.3,0.0,jagakarsa
2023-09-07,79.83333333333333,Sedang,9,3,28.4,69.9,6.7,25.9,23.3,0.0,kebun jeruk
2023-09-07,94.83333333333333,Sedang,9,3,29.0,67.7,6.5,25.9,24.0,0.0,kelapa gading
2023-09-07,117.83333333333333,Tidak Sehat,9,3,29.1,65.1,6.1,25.9,24.0,0.0,lubang buaya
2023-09-07,87.41867193435466,Sedang,9,3,28.83333333333333,68.1,4.0,16.1,23.3,0.0,us embassy 1
2023-09-07,93.32658232263049,Sedang,9,3,28.8,67.9,6.4,25.9,23.3,0.0,us embassy 2
2023-09-08,100.0,Sedang,9,4,29.3,70.2,6.1,29.5,22.3,0.0,bundaran hi
2023-09-08,88.16666666666667,Sedang,9,4,29.0,69.1,5.9,29.5,22.3,0.0,jagakarsa
2023-09-08,83.66666666666667,Sedang,9,4,28.9,72.9,6.4,29.5,22.3,0.0,kebun jeruk
2023-09-08,95.25,Sedang,9,4,29.2,69.7,6.1,29.5,22.8,0.0,kelapa gading
2023-09-08,116.0,Tidak Sehat,9,4,29.4,66.8,5.6,29.5,22.8,0.0,lubang buaya
2023-09-08,94.31203004578758,Sedang,9,4,29.22222222222222,70.4,3.8,18.3,22.3,0.0,us embassy 1
2023-09-08,98.4686659293423,Sedang,9,4,29.2,70.1,6.1,29.5,22.3,0.0,us embassy 2
2023-09-09,89.25,Sedang,9,5,29.1,70.5,5.9,26.3,22.1,0.0,bundaran hi
2023-09-09,79.66666666666667,Sedang,9,5,28.8,70.0,5.7,26.3,22.1,0.0,jagakarsa
2023-09-09,78.125,Sedang,9,5,28.8,72.4,6.1,26.3,22.1,0.0,kebun jeruk
2023-09-09,90.83333333333333,Sedang,9,5,29.1,70.4,5.9,28.4,23.2,0.0,kelapa gading
2023-09-09,111.83333333333333,Tidak Sehat,9,5,29.1,68.4,5.5,28.4,23.2,0.0,lubang buaya
2023-09-09,91.66027690766661,Sedang,9,5,29.05555555555556,70.7,3.7,16.3,22.1,0.0,us embassy 1
2023-09-09,96.40101666305975,Sedang,9,5,29.0,70.5,5.9,26.3,22.1,0.0,us embassy 2
2023-09-10,84.91666666666667,Sedang,9,6,28.4,67.1,6.4,35.3,21.1,0.0,bundaran hi
2023-09-10,71.125,Sedang,9,6,28.3,66.7,6.4,35.3,21.1,0.009,jagakarsa
2023-09-10,74.79166666666667,Sedang,9,6,28.1,69.4,6.8,35.3,21.1,0.0,kebun jeruk
2023-09-10,90.29166666666667,Sedang,9,6,28.5,66.9,6.4,35.3,21.9,0.0,kelapa gading
2023-09-10,102.04166666666667,Tidak Sehat,9,6,28.6,64.5,6.1,35.3,21.9,0.0,lubang buaya
2023-09-10,85.95368805114818,Sedang,9,6,28.38888888888889,67.3,4.0,21.9,21.1,0.0,us embassy 1
2023-09-10,86.68725693266867,Sedang,9,6,28.4,67.2,6.5,35.3,21.1,0.0,us embassy 2
2023-09-11,87.91666666666667,Sedang,9,0,29.1,63.5,6.7,25.6,22.8,0.0,bundaran hi
2023-09-11,70.375,Sedang,9,0,29.0,62.5,6.8,25.6,22.8,0.0,jagakarsa
2023-09-11,74.29166666666667,Sedang,9,0,28.8,64.3,7.4,25.6,22.8,0.0,kebun jeruk
2023-09-11,87.20833333333333,Sedang,9,0,29.3,63.1,6.8,25.9,23.8,0.0,kelapa gading
2023-09-11,123.95833333333333,Tidak Sehat,9,0,29.3,60.9,6.4,25.9,23.8,0.0,lubang buaya
2023-09-11,86.38286569123146,Sedang,9,0,29.05555555555556,63.7,4.2,15.9,22.8,0.0,us embassy 1
2023-09-11,84.41634678620946,Sedang,9,0,29.1,63.1,6.8,25.6,22.8,0.0,us embassy 2
2023-09-12,85.75,Sedang,9,1,29.4,63.7,7.1,36.4,25.2,0.0,bundaran hi
2023-09-12,72.25,Sedang,9,1,29.1,63.4,7.3,36.4,25.2,0.0,jagakarsa
2023-09-12,73.25,Sedang,9,1,28.9,65.5,7.6,36.4,25.2,0.0,kebun jeruk
2023-09-12,89.33333333333333,Sedang,9,1,29.4,63.6,7.4,37.8,25.5,0.0,kelapa gading
2023-09-12,138.45833333333334,Tidak Sehat,9,1,29.5,61.7,7.2,37.8,25.5,0.0,lubang buaya
2023-09-12,84.6818109156312,Sedang,9,1,29.38888888888889,63.8,4.4,22.6,25.2,0.0,us embassy 1
2023-09-12,77.58997902128193,Sedang,9,1,29.3,63.8,7.3,36.4,25.2,0.0,us embassy 2
2023-09-13,84.125,Sedang,9,2,29.4,65.0,6.3,30.6,24.8,0.0,bundaran hi
2023-09-13,80.375,Sedang,9,2,29.1,64.6,6.3,30.6,24.8,0.0,jagakarsa
2023-09-13,74.79166666666667,Sedang,9,2,29.0,66.7,6.5,30.6,24.8,0.0,kebun jeruk
2023-09-13,83.75,Sedang,9,2,29.4,65.0,6.5,30.6,25.2,0.0,kelapa gading
2023-09-13,121.41666666666667,Tidak Sehat,9,2,29.4,62.5,6.2,30.6,25.2,0.0,lubang buaya
2023-09-13,76.3608183511963,Sedang,9,2,29.38888888888889,65.1,3.9,19.0,24.8,0.0,us embassy 1
2023-09-13,76.82681438611144,Sedang,9,2,29.3,65.0,6.4,30.6,24.8,0.0,us embassy 2
2023-09-14,76.83333333333333,Sedang,9,3,29.0,62.4,6.4,25.6,23.1,0.0,bundaran hi
2023-09-14,71.79166666666667,Sedang,9,3,28.7,62.4,6.3,25.6,23.1,0.0,jagakarsa
2023-09-14,70.125,Sedang,9,3,28.7,64.5,6.8,25.6,23.1,0.0,kebun jeruk
2023-09-14,81.5,Sedang,9,3,29.0,62.4,6.4,28.4,23.8,0.0,kelapa gading
2023-09-14,96.625,Sedang,9,3,29.0,60.5,6.1,28.4,23.8,0.0,lubang buaya
2023-09-14,81.469330955861,Sedang,9,3,29.0,62.6,4.0,15.9,23.1,0.0,us embassy 1
2023-09-14,76.6774037645648,Sedang,9,3,28.9,62.6,6.4,25.6,23.1,0.0,us embassy 2
2023-09-15,79.79166666666667,Sedang,9,4,29.3,64.3,6.5,31.0,23.3,0.0,bundaran hi
2023-09-15,74.5,Sedang,9,4,29.0,64.3,6.5,31.0,23.3,0.0,jagakarsa
2023-09-15,71.875,Sedang,9,4,29.1,66.8,6.7,31.0,23.3,0.0,kebun jeruk
2023-09-15,83.75,Sedang,9,4,29.3,64.3,6.6,31.0,24.3,0.0,kelapa gading
2023-09-15,104.20833333333333,Tidak Sehat,9,4,29.3,62.6,6.3,31.0,24.3,0.0,lubang buaya
2023-09-15,81.16349784327677,Sedang,9,4,29.33333333333333,64.4,4.1,19.2,23.3,0.0,us embassy 1
2023-09-15,68.13498283253168,Sedang,9,4,29.2,64.6,6.6,31.0,23.3,0.0,us embassy 2
2023-09-16,84.66666666666667,Sedang,9,5,29.4,66.2,6.4,33.1,24.6,0.0,bundaran hi
2023-09-16,82.375,Sedang,9,5,29.1,65.8,6.3,33.1,24.6,0.062,jagakarsa
2023-09-16,76.125,Sedang,9,5,29.2,67.8,7.0,33.1,24.6,0.0,kebun jeruk
2023-09-16,88.0,Sedang,9,5,29.3,66.0,6.5,33.5,25.1,0.0,kelapa gading
2023-09-16,112.5,Tidak Sehat,9,5,29.3,63.9,5.9,33.5,25.1,0.0,lubang buaya
2023-09-16,26.73006578499601,Baik,9,5,29.38888888888889,66.4,4.0,20.6,24.6,0.0,us embassy 1
2023-09-16,46.28283628794882,Baik,9,5,29.3,66.2,6.5,33.1,24.6,0.0,us embassy 2
2023-09-17,78.91666666666667,Sedang,9,6,29.6,66.5,6.2,23.4,22.8,0.0,bundaran hi
2023-09-17,77.58333333333333,Sedang,9,6,29.3,65.8,6.2,23.4,22.8,0.0,jagakarsa
2023-09-17,32.541666666666664,Baik,9,6,29.7,66.7,6.7,23.4,22.8,0.0,kebun jeruk
2023-09-17,81.5,Sedang,9,6,29.6,66.0,6.3,25.2,23.7,0.0,kelapa gading
2023-09-17,109.875,Tidak Sehat,9,6,29.5,64.3,5.9,25.2,23.7,0.0,lubang buaya
2023-09-17,77.7916550933923,Sedang,9,6,29.61111111111111,66.6,3.9,14.5,22.8,0.0,us embassy 1
2023-09-17,85.55940003982839,Sedang,9,6,29.5,66.1,6.3,23.4,22.8,0.0,us embassy 2
2023-09-18,75.70833333333333,Sedang,9,0,29.7,68.3,6.4,22.3,21.7,0.0,bundaran hi
2023-09-18,75.04166666666667,Sedang,9,0,29.5,67.6,6.4,22.3,21.7,0.221,jagakarsa
2023-09-18,31.833333333333332,Baik,9,0,29.7,68.8,6.8,22.3,21.7,0.007,kebun jeruk
2023-09-18,72.91666666666667,Sedang,9,0,29.7,67.9,6.5,22.7,22.4,0.004,kelapa gading
2023-09-18,90.58333333333333,Sedang,9,0,29.6,66.4,6.1,22.7,22.4,0.026,lubang buaya
2023-09-18,78.62480191526062,Sedang,9,0,29.72222222222222,68.4,4.0,13.9,21.7,0.0,us embassy 1
2023-09-18,77.44731450982972,Sedang,9,0,29.7,67.9,6.4,22.3,21.7,0.007,us embassy 2
2023-09-19,85.25,Sedang,9,1,29.4,70.9,5.7,25.6,21.6,2.0,bundaran hi
2023-09-19,76.20833333333333,Sedang,9,1,29.0,70.9,5.4,25.6,21.6,0.009,jagakarsa
2023-09-19,79.25,Sedang,9,1,29.4,71.8,5.8,25.6,21.6,2.0,kebun jeruk
2023-09-19,78.58333333333333,Sedang,9,1,29.3,70.8,5.8,25.9,22.6,0.6,kelapa gading
2023-09-19,103.70833333333333,Tidak Sehat,9,1,29.1,69.7,5.2,25.9,22.6,0.6,lubang buaya
2023-09-19,85.65080011457933,Sedang,9,1,29.38888888888889,71.0,3.6,15.9,21.6,0.078,us embassy 1
2023-09-19,76.63627269929205,Sedang,9,1,29.3,70.9,5.7,25.6,21.6,2.0,us embassy 2
2023-09-20,85.79166666666667,Sedang,9,2,29.4,69.0,6.5,20.9,22.0,0.4,bundaran hi
2023-09-20,79.875,Sedang,9,2,29.3,67.5,6.5,20.9,22.0,0.4,jagakarsa
2023-09-20,78.83333333333333,Sedang,9,2,29.5,69.2,7.2,20.9,22.0,0.4,kebun jeruk
2023-09-20,84.25,Sedang,9,2,29.4,68.2,6.6,20.9,22.8,0.2,kelapa gading
2023-09-20,100.08333333333333,Tidak Sehat,9,2,29.4,65.9,6.1,20.9,22.8,0.2,lubang buaya
2023-09-20,93.78288073932767,Sedang,9,2,29.33333333333333,69.1,4.1,13.0,22.0,0.016,us embassy 1
2023-09-20,76.63627269929205,Sedang,9,2,29.4,68.3,6.6,20.9,22.0,0.4,us embassy 2
2023-09-21,83.0,Sedang,9,3,29.7,67.5,6.1,23.4,22.8,0.059,bundaran hi
2023-09-21,75.875,Sedang,9,3,29.5,67.0,5.9,23.4,22.8,0.552,jagakarsa
2023-09-21,75.5,Sedang,9,3,29.7,68.8,6.5,23.4,22.8,0.453,kebun jeruk
2023-09-21,83.16666666666667,Sedang,9,3,29.7,67.4,6.1,24.8,22.5,1.665,kelapa gading
2023-09-21,100.70833333333333,Tidak Sehat,9,3,29.7,65.4,5.5,24.8,22.5,0.758,lubang buaya
2023-09-21,89.14253246546595,Sedang,9,3,29.72222222222222,67.6,3.8,14.5,22.8,0.0,us embassy 1
2023-09-21,87.0333647581841,Sedang,9,3,29.7,67.5,6.1,23.4,22.8,0.391,us embassy 2
2023-09-22,90.54166666666667,Sedang,9,4,29.5,65.8,6.4,37.1,25.2,0.0,bundaran hi
2023-09-22,72.625,Sedang,9,4,29.3,64.7,6.5,37.1,25.2,0.0,jagakarsa
2023-09-22,72.875,Sedang,9,4,29.5,66.2,6.8,37.1,25.2,0.0,kebun jeruk
2023-09-22,88.54166666666667,Sedang,9,4,29.5,65.5,6.6,37.1,24.6,0.0,kelapa gading
2023-09-22,97.29166666666667,Sedang,9,4,29.5,63.2,6.2,37.1,24.6,0.0,lubang buaya
2023-09-22,91.69823206484212,Sedang,9,4,29.5,65.9,4.0,23.0,25.2,0.0,us embassy 1
2023-09-22,91.2004244928939,Sedang,9,4,29.5,65.4,6.5,37.1,25.2,0.0,us embassy 2
2023-09-23,85.41666666666667,Sedang,9,5,28.8,64.3,6.2,24.5,22.2,0.0,bundaran hi
2023-09-23,66.25,Sedang,9,5,28.6,63.3,6.3,24.5,22.2,0.0,jagakarsa
2023-09-23,68.16666666666667,Sedang,9,5,28.7,65.1,6.6,24.5,22.2,0.0,kebun jeruk
2023-09-23,81.45833333333333,Sedang,9,5,28.9,64.0,6.4,25.6,23.4,0.0,kelapa gading
2023-09-23,103.58333333333333,Tidak Sehat,9,5,28.9,61.8,6.0,25.6,23.4,0.0,lubang buaya
2023-09-23,80.64130407429018,Sedang,9,5,28.83333333333333,64.5,3.9,15.2,22.2,0.0,us embassy 1
2023-09-23,76.11038375768793,Sedang,9,5,28.8,63.9,6.3,24.5,22.2,0.0,us embassy 2
2023-09-24,77.875,Sedang,9,6,29.1,65.6,6.2,25.2,25.0,0.0,bundaran hi
2023-09-24,65.91666666666667,Sedang,9,6,28.9,64.6,6.3,25.2,25.0,0.0,jagakarsa
2023-09-24,66.5,Sedang,9,6,28.9,67.1,6.6,25.2,25.0,0.0,kebun jeruk
2023-09-24,76.04166666666667,Sedang,9,6,29.2,65.2,6.4,27.7,25.9,0.0,kelapa gading
2023-09-24,98.66666666666667,Sedang,9,6,29.2,62.5,6.1,27.7,25.9,0.0,lubang buaya
2023-09-24,77.05889143290548,Sedang,9,6,29.11111111111111,65.7,3.8,15.7,25.0,0.0,us embassy 1
2023-09-24,72.47739375589967,Sedang,9,6,29.1,65.3,6.3,25.2,25.0,0.0,us embassy 2
2023-09-25,84.54166666666667,Sedang,9,0,29.9,60.3,6.6,25.6,24.9,0.0,bundaran hi
2023-09-25,71.16666666666667,Sedang,9,0,29.7,60.0,6.7,25.6,24.9,0.0,jagakarsa
2023-09-25,75.04166666666667,Sedang,9,0,29.8,61.4,7.2,25.6,24.9,0.0,kebun jeruk
2023-09-25,100.66666666666667,Tidak Sehat,9,0,29.9,60.6,6.7,26.6,25.3,0.0,kelapa gading
2023-09-25,111.79166666666667,Tidak Sehat,9,0,29.9,58.4,6.3,26.6,25.3,0.0,lubang buaya
2023-09-25,88.59347357603794,Sedang,9,0,29.88888888888889,60.4,4.1,15.9,24.9,0.0,us embassy 1
2023-09-25,81.46319645147668,Sedang,9,0,29.8,60.2,6.7,25.6,24.9,0.0,us embassy 2
2023-09-26,87.66666666666667,Sedang,9,1,30.1,57.8,6.3,30.6,24.5,0.0,bundaran hi
2023-09-26,67.58333333333333,Sedang,9,1,29.9,56.9,6.3,30.6,24.5,0.0,jagakarsa
2023-09-26,75.75,Sedang,9,1,30.1,58.8,6.6,30.6,24.5,0.0,kebun jeruk
2023-09-26,87.08333333333333,Sedang,9,1,30.1,57.4,6.4,31.7,25.7,0.0,kelapa gading
2023-09-26,206.83333333333334,Sangat Tidak Sehat,9,1,30.1,54.9,6.1,31.7,25.7,0.0,lubang buaya
2023-09-26,86.01976932912088,Sedang,9,1,30.11111111111111,57.9,3.9,19.0,24.5,0.0,us embassy 1
2023-09-26,81.67886775422102,Sedang,9,1,30.1,57.4,6.4,30.6,24.5,0.0,us embassy 2
2023-09-27,88.375,Sedang,9,2,29.9,56.0,7.1,42.5,26.0,0.0,bundaran hi
2023-09-27,71.16666666666667,Sedang,9,2,29.5,56.3,7.3,33.5,26.0,0.0,jagakarsa
2023-09-27,75.04166666666667,Sedang,9,2,29.8,57.2,6.9,42.5,26.0,0.0,kebun jeruk
2023-09-27,81.45833333333333,Sedang,9,2,29.8,56.7,7.3,31.0,26.7,0.0,kelapa gading
2023-09-27,222.04166666666666,Sangat Tidak Sehat,9,2,29.6,55.3,7.5,31.0,26.7,0.0,lubang buaya
2023-09-27,79.01295282164158,Sedang,9,2,29.944444444444443,56.0,4.4,26.4,26.0,0.0,us embassy 1
2023-09-27,74.8477781349817,Sedang,9,2,29.8,56.2,7.1,42.5,26.0,0.0,us embassy 2
2023-09-28,96.79166666666667,Sedang,9,3,29.9,58.4,6.9,51.8,26.6,0.0,bundaran hi
2023-09-28,72.95833333333333,Sedang,9,3,29.6,58.4,7.0,51.8,26.6,0.0,jagakarsa
2023-09-28,82.95833333333333,Sedang,9,3,29.8,59.6,7.2,51.8,26.6,0.0,kebun jeruk
2023-09-28,90.125,Sedang,9,3,29.8,58.6,7.1,51.8,26.9,0.0,kelapa gading
2023-09-28,224.875,Sangat Tidak Sehat,9,3,29.7,57.3,6.8,51.8,26.9,0.0,lubang buaya
2023-09-28,80.9513944655428,Sedang,9,3,29.88888888888889,58.4,4.3,32.2,26.6,0.0,us embassy 1
2023-09-28,79.76970367070223,Sedang,9,3,29.8,58.6,7.0,51.8,26.6,0.0,us embassy 2
2023-09-29,90.83333333333333,Sedang,9,4,30.2,58.9,6.5,31.7,25.4,0.0,bundaran hi
2023-09-29,80.16666666666667,Sedang,9,4,29.8,58.7,6.6,31.7,25.4,0.0,jagakarsa
2023-09-29,82.95833333333333,Sedang,9,4,30.0,60.5,7.0,31.7,25.4,0.0,kebun jeruk
2023-09-29,93.875,Sedang,9,4,30.1,59.2,6.7,33.1,25.7,0.0,kelapa gading
2023-09-29,174.29166666666666,Tidak Sehat,9,4,29.9,57.3,6.4,33.1,25.7,0.0,lubang buaya
2023-09-29,85.8487009109608,Sedang,9,4,30.166666666666668,58.9,4.1,19.7,25.4,0.0,us embassy 1
2023-09-29,86.38277209653059,Sedang,9,4,30.0,59.0,6.6,31.7,25.4,0.0,us embassy 2
2023-09-30,94.29166666666667,Sedang,9,5,29.4,69.1,6.1,24.8,24.9,0.0,bundaran hi
2023-09-30,81.29166666666667,Sedang,9,5,29.3,68.5,6.0,24.8,24.9,0.353,jagakarsa
2023-09-30,83.875,Sedang,9,5,29.4,71.1,6.3,24.8,24.9,0.0,kebun jeruk
2023-09-30,91.20833333333333,Sedang,9,5,29.5,68.6,6.2,28.1,25.4,0.0,kelapa gading
2023-09-30,139.375,Tidak Sehat,9,5,29.5,66.4,5.9,28.1,25.4,0.0,lubang buaya
2023-09-30,89.95240209596851,Sedang,9,5,29.444444444444443,69.3,3.8,15.4,24.9,0.0,us embassy 1
2023-09-30,93.25729339969746,Sedang,9,5,29.4,69.0,6.1,24.8,24.9,0.0,us embassy 2
2023-10-01,115.45833333333333,Tidak Sehat,10,6,29.3,69.8,5.7,29.2,24.2,0.0,bundaran hi
2023-10-01,88.04166666666667,Sedang,10,6,29.1,69.1,5.6,29.2,24.2,0.009,jagakarsa
2023-10-01,85.0,Sedang,10,6,29.2,71.4,5.9,29.2,24.2,0.0,kebun jeruk
2023-10-01,106.29166666666667,Tidak Sehat,10,6,29.4,69.2,5.8,28.8,24.6,0.0,kelapa gading
2023-10-01,179.375,Tidak Sehat,10,6,29.4,67.0,5.4,28.8,24.6,0.0,lubang buaya
2023-10-01,108.6926534463479,Tidak Sehat,10,6,29.27777777777778,70.0,3.5,18.1,24.2,0.0,us embassy 1
2023-10-01,108.54755492148888,Tidak Sehat,10,6,29.3,69.6,5.7,29.2,24.2,0.0,us embassy 2
2023-10-02,125.16666666666667,Tidak Sehat,10,0,29.5,66.6,6.2,31.3,23.5,0.0,bundaran hi
2023-10-02,87.83333333333333,Sedang,10,0,29.3,65.7,6.1,31.3,23.5,0.0,jagakarsa
2023-10-02,76.5,Sedang,10,0,29.5,66.9,6.7,31.3,23.5,0.0,kebun jeruk
2023-10-02,100.375,Tidak Sehat,10,0,29.5,66.0,6.1,33.5,24.1,0.0,kelapa gading
2023-10-02,140.0,Tidak Sehat,10,0,29.5,64.3,5.6,33.5,24.1,0.0,lubang buaya
2023-10-02,105.55523314444842,Tidak Sehat,10,0,29.5,66.7,3.9,19.5,23.5,0.0,us embassy 1
2023-10-02,109.2913908494217,Tidak Sehat,10,0,29.5,66.1,6.2,31.3,23.5,0.0,us embassy 2
2023-10-03,94.54166666666667,Sedang,10,1,29.6,64.2,6.7,30.6,23.0,0.0,bundaran hi
2023-10-03,69.58333333333333,Sedang,10,1,29.4,63.4,6.7,30.6,23.0,0.009,jagakarsa
2023-10-03,68.875,Sedang,10,1,29.6,64.5,7.4,30.6,23.0,0.0,kebun jeruk
2023-10-03,81.5,Sedang,10,1,29.7,63.9,6.7,32.4,23.9,0.0,kelapa gading
2023-10-03,98.83333333333333,Sedang,10,1,29.6,62.1,6.1,32.4,23.9,0.0,lubang buaya
2023-10-03,92.29213990865122,Sedang,10,1,29.666666666666668,64.3,4.2,19.0,23.0,0.0,us embassy 1
2023-10-03,89.94752124487644,Sedang,10,1,29.6,63.8,6.8,30.6,23.0,0.0,us embassy 2
2023-10-04,89.625,Sedang,10,2,29.7,68.6,6.4,25.2,23.5,0.0,bundaran hi
2023-10-04,70.75,Sedang,10,2,29.5,67.5,6.4,25.2,23.5,0.0,jagakarsa
2023-10-04,67.16666666666667,Sedang,10,2,29.7,69.4,6.9,25.2,23.5,0.0,kebun jeruk
2023-10-04,87.375,Sedang,10,2,29.8,67.8,6.4,26.3,24.2,0.0,kelapa gading
2023-10-04,109.5,Tidak Sehat,10,2,29.8,65.6,6.0,26.3,24.2,0.0,lubang buaya
2023-10-04,83.96447004453164,Sedang,10,2,29.666666666666668,68.7,4.0,15.7,23.5,0.0,us embassy 1
2023-10-04,85.86638828742946,Sedang,10,2,29.7,68.1,6.5,25.2,23.5,0.0,us embassy 2
2023-10-05,90.45833333333333,Sedang,10,3,29.9,69.9,6.2,33.5,25.7,0.0,bundaran hi
2023-10-05,77.5,Sedang,10,3,29.7,69.1,6.1,33.5,25.7,0.441,jagakarsa
2023-10-05,65.375,Sedang,10,3,29.8,71.8,6.6,33.5,25.7,0.0,kebun jeruk
2023-10-05,84.625,Sedang,10,3,29.9,69.5,6.2,35.6,26.2,0.0,kelapa gading
2023-10-05,120.29166666666667,Tidak Sehat,10,3,30.0,67.0,5.8,35.6,26.2,0.0,lubang buaya
2023-10-05,88.31075765246561,Sedang,10,3,29.88888888888889,70.1,3.8,20.8,25.7,0.0,us embassy 1
2023-10-05,85.29461419696432,Sedang,10,3,29.9,69.8,6.2,33.5,25.7,0.0,us embassy 2
2023-10-06,85.95833333333333,Sedang,10,4,29.7,71.3,5.6,33.5,25.1,0.0,bundaran hi
2023-10-06,78.91666666666667,Sedang,10,4,29.6,70.6,5.5,33.5,25.1,0.0,jagakarsa
2023-10-06,70.875,Sedang,10,4,29.7,72.0,5.6,33.5,25.1,0.0,kebun jeruk
2023-10-06,84.58333333333333,Sedang,10,4,29.7,71.0,5.6,33.5,25.6,0.0,kelapa gading
2023-10-06,113.29166666666667,Tidak Sehat,10,4,29.7,69.6,5.3,33.5,25.6,0.0,lubang buaya
2023-10-06,84.18802470907752,Sedang,10,4,29.72222222222222,71.4,3.5,20.8,25.1,0.0,us embassy 1
2023-10-06,85.75530614179549,Sedang,10,4,29.7,71.1,5.6,33.5,25.1,0.0,us embassy 2
2023-10-07,103.41666666666667,Tidak Sehat,10,5,29.9,70.3,6.1,24.8,23.5,0.0,bundaran hi
2023-10-07,87.66666666666667,Sedang,10,5,29.8,69.0,5.9,24.8,23.5,0.0,jagakarsa
2023-10-07,83.79166666666667,Sedang,10,5,29.9,72.2,6.2,24.8,23.5,0.0,kebun jeruk
2023-10-07,104.16666666666667,Tidak Sehat,10,5,30.0,69.4,6.0,25.9,23.9,0.0,kelapa gading
2023-10-07,137.08333333333334,Tidak Sehat,10,5,30.0,66.7,5.7,25.9,23.9,0.0,lubang buaya
2023-10-07,104.76702899431905,Tidak Sehat,10,5,29.944444444444443,70.5,3.8,15.4,23.5,0.0,us embassy 1
2023-10-07,107.96853590438496,Tidak Sehat,10,5,29.9,69.9,6.0,24.8,23.5,0.0,us embassy 2
2023-10-08,95.5,Sedang,10,6,30.1,67.5,6.2,32.8,21.9,0.0,bundaran hi
2023-10-08,81.66666666666667,Sedang,10,6,30.0,66.7,6.1,32.8,21.9,0.0,jagakarsa
2023-10-08,80.33333333333333,Sedang,10,6,30.1,68.7,6.7,32.8,21.9,0.0,kebun jeruk
2023-10-08,98.91666666666667,Sedang,10,6,30.2,67.0,6.3,32.4,22.7,0.0,kelapa gading
2023-10-08,122.58333333333333,Tidak Sehat,10,6,30.2,64.7,5.8,32.4,22.7,0.0,lubang buaya
2023-10-08,103.8041652887224,Tidak Sehat,10,6,30.166666666666668,67.6,3.9,20.4,21.9,0.0,us embassy 1
2023-10-08,98.4020700249294,Sedang,10,6,30.1,67.2,6.3,32.8,21.9,0.0,us embassy 2
2023-10-09,86.91666666666667,Sedang,10,0,30.3,67.5,6.7,35.3,23.0,0.0,bundaran hi
2023-10-09,72.41666666666667,Sedang,10,0,30.1,67.3,6.8,35.3,23.0,0.212,jagakarsa
2023-10-09,80.45833333333333,Sedang,10,0,30.1,69.6,7.2,35.3,23.0,0.0,kebun jeruk
2023-10-09,76.41666666666667,Sedang,10,0,30.3,67.5,6.8,36.7,24.1,0.0,kelapa gading
2023-10-09,131.33333333333334,Tidak Sehat,10,0,30.3,65.7,6.5,36.7,24.1,0.0,lubang buaya
2023-10-09,85.08209315918995,Sedang,10,0,30.27777777777778,67.7,4.1,21.9,23.0,0.0,us embassy 1
2023-10-09,88.95412507710664,Sedang,10,0,30.2,67.7,6.8,35.3,23.0,0.0,us embassy 2
2023-10-10,77.75,Sedang,10,1,30.9,65.9,6.8,29.5,24.1,0.0,bundaran hi
2023-10-10,67.25,Sedang,10,1,30.7,65.6,6.9,29.5,24.1,0.0,jagakarsa
2023-10-10,65.25,Sedang,10,1,31.0,66.6,7.4,29.5,24.1,0.0,kebun jeruk
2023-10-10,80.66666666666667,Sedang,10,1,30.9,66.3,6.9,29.2,24.6,0.0,kelapa gading
2023-10-10,120.66666666666667,Tidak Sehat,10,1,30.9,64.4,6.6,29.2,24.6,0.0,lubang buaya
2023-10-10,81.15299726051263,Sedang,10,1,30.944444444444443,66.0,4.2,18.3,24.1,0.0,us embassy 1
2023-10-10,83.11703160727306,Sedang,10,1,30.9,65.8,6.9,29.5,24.1,0.0,us embassy 2
2023-10-11,75.75,Sedang,10,2,30.5,67.4,6.1,25.2,24.3,0.5,bundaran hi
2023-10-11,73.25,Sedang,10,2,30.3,67.6,5.9,25.2,24.3,0.044,jagakarsa
2023-10-11,63.083333333333336,Sedang,10,2,30.6,68.4,6.5,25.2,24.3,0.007,kebun jeruk
2023-10-11,74.95833333333333,Sedang,10,2,30.6,67.8,6.1,27.7,25.3,0.004,kelapa gading
2023-10-11,108.25,Tidak Sehat,10,2,30.5,66.7,5.5,27.7,25.3,0.026,lubang buaya
2023-10-11,80.08068001990834,Sedang,10,2,30.55555555555556,67.5,3.8,15.7,24.3,0.02,us embassy 1
2023-10-11,79.81374561392771,Sedang,10,2,30.5,67.5,6.1,25.2,24.3,0.007,us embassy 2
2023-10-12,87.875,Sedang,10,3,30.7,68.3,6.1,29.2,22.9,0.0,bundaran hi
2023-10-12,80.125,Sedang,10,3,30.5,67.5,6.0,29.2,22.9,0.0,jagakarsa
2023-10-12,71.70833333333333,Sedang,10,3,30.6,69.1,6.5,29.2,22.9,0.0,kebun jeruk
2023-10-12,89.16666666666667,Sedang,10,3,30.7,68.2,6.2,34.6,23.6,0.0,kelapa gading
2023-10-12,117.375,Tidak Sehat,10,3,30.8,66.0,5.7,34.6,23.6,0.0,lubang buaya
2023-10-12,86.7145047573805,Sedang,10,3,30.666666666666668,68.4,3.8,18.1,22.9,0.0,us embassy 1
2023-10-12,88.5937681358332,Sedang,10,3,30.7,68.0,6.1,29.2,22.9,0.0,us embassy 2
2023-10-13,102.58333333333333,Tidak Sehat,10,4,30.6,68.3,5.8,26.3,21.4,0.1,bundaran hi
2023-10-13,89.375,Sedang,10,4,30.5,67.6,5.6,26.3,21.4,0.1,jagakarsa
2023-10-13,75.66666666666667,Sedang,10,4,30.6,69.3,6.1,26.3,21.4,0.1,kebun jeruk
2023-10-13,90.58333333333333,Sedang,10,4,30.7,68.0,5.7,27.0,22.2,0.1,kelapa gading
2023-10-13,123.95833333333333,Tidak Sehat,10,4,30.7,66.0,5.2,27.0,22.2,0.1,lubang buaya
2023-10-13,93.64986487859045,Sedang,10,4,30.61111111111111,68.4,3.6,16.3,21.4,0.004,us embassy 1
2023-10-13,96.42796860065782,Sedang,10,4,30.6,68.1,5.7,26.3,21.4,0.1,us embassy 2
2023-10-14,116.41666666666667,Tidak Sehat,10,5,30.5,64.3,6.2,21.6,23.2,0.0,bundaran hi
2023-10-14,80.79166666666667,Sedang,10,5,30.3,64.1,6.1,21.6,23.2,0.177,jagakarsa
2023-10-14,77.33333333333333,Sedang,10,5,30.5,64.5,6.6,21.6,23.2,0.0,kebun jeruk
2023-10-14,94.125,Sedang,10,5,30.5,64.5,6.2,23.8,24.2,0.0,kelapa gading
2023-10-14,113.25,Tidak Sehat,10,5,30.5,62.9,5.8,23.8,24.2,0.0,lubang buaya
2023-10-14,99.34687275357305,Sedang,10,5,30.5,64.3,3.9,13.4,23.2,0.0,us embassy 1
2023-10-14,100.01841474615868,Tidak Sehat,10,5,30.5,64.1,6.3,21.6,23.2,0.0,us embassy 2
2023-10-15,97.79166666666667,Sedang,10,6,30.9,61.0,6.6,24.5,22.5,0.0,bundaran hi
2023-10-15,74.70833333333333,Sedang,10,6,30.6,61.4,6.5,24.5,22.5,0.0,jagakarsa
2023-10-15,68.08333333333333,Sedang,10,6,30.6,62.9,7.4,24.5,22.5,0.0,kebun jeruk
2023-10-15,84.70833333333333,Sedang,10,6,30.9,61.5,6.6,26.6,23.4,0.0,kelapa gading
2023-10-15,119.04166666666667,Tidak Sehat,10,6,30.8,60.0,6.0,26.6,23.4,0.0,lubang buaya
2023-10-15,85.76584783404535,Sedang,10,6,30.88888888888889,61.1,4.1,15.2,22.5,0.0,us embassy 1
2023-10-15,89.36507178711554,Sedang,10,6,30.8,61.4,6.7,24.5,22.5,0.0,us embassy 2
2023-10-16,97.125,Sedang,10,0,30.8,65.9,6.3,30.2,25.2,0.0,bundaran hi
2023-10-16,75.91666666666667,Sedang,10,0,30.6,65.0,6.2,30.2,25.2,0.0,jagakarsa
2023-10-16,68.375,Sedang,10,0,30.7,66.9,6.5,30.2,25.2,0.0,kebun jeruk
2023-10-16,84.41666666666667,Sedang,10,0,30.8,65.8,6.3,33.1,26.2,0.0,kelapa gading
2023-10-16,120.79166666666667,Tidak Sehat,10,0,30.8,63.4,6.0,33.1,26.2,0.0,lubang buaya
2023-10-16,81.65988197565677,Sedang,10,0,30.77777777777778,66.0,3.9,18.8,25.2,0.0,us embassy 1
2023-10-16,81.9904336722702,Sedang,10,0,30.7,65.6,6.3,30.2,25.2,0.0,us embassy 2
2023-10-17,75.66666666666667,Sedang,10,1,31.3,59.2,6.0,38.2,25.8,0.0,bundaran hi
2023-10-17,73.66666666666667,Sedang,10,1,30.9,59.1,5.9,38.2,25.8,0.0,jagakarsa
2023-10-17,69.33333333333333,Sedang,10,1,31.0,61.1,6.3,38.2,25.8,0.0,kebun jeruk
2023-10-17,77.0,Sedang,10,1,31.2,59.5,6.1,42.1,26.7,0.0,kelapa gading
2023-10-17,88.58333333333333,Sedang,10,1,31.1,57.4,5.6,42.1,26.7,0.0,lubang buaya
2023-10-17,89.23662073970945,Sedang,10,1,31.22222222222222,59.3,3.7,23.7,25.8,0.0,us embassy 1
2023-10-17,93.12017792056942,Sedang,10,1,31.1,59.4,6.0,38.2,25.8,0.0,us embassy 2
2023-10-18,101.58333333333333,Tidak Sehat,10,2,30.4,62.5,6.7,33.1,24.7,0.0,bundaran hi
2023-10-18,90.08333333333333,Sedang,10,2,30.3,61.4,6.7,33.1,24.7,0.0,jagakarsa
2023-10-18,82.20833333333333,Sedang,10,2,30.1,64.8,7.3,33.1,24.7,0.0,kebun jeruk
2023-10-18,98.45833333333333,Sedang,10,2,30.5,62.2,6.8,35.3,25.3,0.0,kelapa gading
2023-10-18,124.16666666666667,Tidak Sehat,10,2,30.7,58.9,6.5,35.3,25.3,0.0,lubang buaya
2023-10-18,89.8337042286238,Sedang,10,2,30.38888888888889,62.6,4.2,20.6,24.7,0.0,us embassy 1
2023-10-18,75.18450401303775,Sedang,10,2,30.4,62.3,6.8,33.1,24.7,0.0,us embassy 2
2023-10-19,96.125,Sedang,10,3,30.4,65.3,6.8,42.5,26.0,0.0,bundaran hi
2023-10-19,80.625,Sedang,10,3,30.1,65.1,6.9,42.5,26.0,0.0,jagakarsa
2023-10-19,72.83333333333333,Sedang,10,3,30.4,66.4,7.3,42.5,26.0,0.0,kebun jeruk
2023-10-19,95.79166666666667,Sedang,10,3,30.4,65.7,6.9,42.5,26.4,0.0,kelapa gading
2023-10-19,118.29166666666667,Tidak Sehat,10,3,30.3,64.0,6.7,42.5,26.4,0.0,lubang buaya
2023-10-19,99.9179920673318,Sedang,10,3,30.444444444444443,65.4,4.2,26.4,26.0,0.0,us embassy 1
2023-10-19,76.63627269929205,Sedang,10,3,30.4,65.4,6.9,42.5,26.0,0.0,us embassy 2
2023-10-20,77.08333333333333,Sedang,10,4,30.2,67.6,6.5,27.0,22.8,0.0,bundaran hi
2023-10-20,71.375,Sedang,10,4,29.9,67.0,6.5,27.0,22.8,3.116,jagakarsa
2023-10-20,60.166666666666664,Sedang,10,4,30.2,67.8,7.0,27.0,22.8,0.0,kebun jeruk
2023-10-20,78.83333333333333,Sedang,10,4,30.1,67.7,6.6,28.4,23.4,0.0,kelapa gading
2023-10-20,102.25,Tidak Sehat,10,4,30.1,65.6,6.1,28.4,23.4,0.0,lubang buaya
2023-10-20,79.00582846454601,Sedang,10,4,30.166666666666668,67.6,4.1,16.8,22.8,0.0,us embassy 1
2023-10-20,76.63627269929205,Sedang,10,4,30.1,67.2,6.6,27.0,22.8,0.0,us embassy 2
2023-10-21,55.0,Sedang,10,5,30.5,66.5,6.1,35.3,23.4,0.0,bundaran hi
2023-10-21,79.70833333333333,Sedang,10,5,30.3,65.9,6.0,35.3,23.4,0.653,jagakarsa
2023-10-21,70.95833333333333,Sedang,10,5,30.3,66.9,6.4,35.3,23.4,0.0,kebun jeruk
2023-10-21,46.625,Baik,10,5,30.5,66.4,6.2,35.3,24.6,0.0,kelapa gading
2023-10-21,106.70833333333333,Tidak Sehat,10,5,30.6,64.5,5.7,35.3,24.6,0.0,lubang buaya
2023-10-21,89.20837034840656,Sedang,10,5,30.444444444444443,66.6,3.8,21.9,23.4,0.0,us embassy 1
2023-10-21,76.63627269929205,Sedang,10,5,30.4,66.2,6.1,35.3,23.4,0.0,us embassy 2
2023-10-22,89.75,Sedang,10,6,30.7,63.6,6.2,26.6,21.8,0.0,bundaran hi
2023-10-22,82.41666666666667,Sedang,10,6,30.6,63.1,6.1,26.6,21.8,0.883,jagakarsa
2023-10-22,12.666666666666666,Baik,10,6,30.7,64.4,6.7,26.6,21.8,0.0,kebun jeruk
2023-10-22,0.0,Baik,10,6,30.8,63.6,6.3,24.8,22.2,0.0,kelapa gading
2023-10-22,111.33333333333333,Tidak Sehat,10,6,31.0,61.4,5.7,24.8,22.2,0.0,lubang buaya
2023-10-22,87.1658667884739,Sedang,10,6,30.72222222222222,63.7,3.8,16.6,21.8,0.0,us embassy 1
2023-10-22,76.63627269929205,Sedang,10,6,30.8,63.4,6.2,26.6,21.8,0.0,us embassy 2
2023-10-23,87.20833333333333,Sedang,10,0,30.2,64.0,6.2,25.6,24.9,0.0,bundaran hi
2023-10-23,86.83333333333333,Sedang,10,0,30.0,62.9,6.2,25.6,24.9,0.0,jagakarsa
2023-10-23,0.0,Baik,10,0,30.0,65.1,6.8,25.6,24.9,0.0,kebun jeruk
2023-10-23,46.25,Baik,10,0,30.2,63.7,6.3,27.4,25.3,0.0,kelapa gading
2023-10-23,127.5,Tidak Sehat,10,0,30.2,61.1,5.9,27.4,25.3,0.0,lubang buaya
2023-10-23,90.160607079457,Sedang,10,0,30.22222222222222,64.2,3.9,15.9,24.9,0.0,us embassy 1
2023-10-23,76.63627269929205,Sedang,10,0,30.2,63.6,6.3,25.6,24.9,0.0,us embassy 2
2023-10-24,92.79166666666667,Sedang,10,1,29.6,66.4,5.8,28.1,21.1,0.0,bundaran hi
2023-10-24,86.5,Sedang,10,1,29.4,65.6,5.6,28.1,21.1,1.324,jagakarsa
2023-10-24,46.5,Baik,10,1,29.5,66.6,6.0,28.1,21.1,0.0,kebun jeruk
2023-10-24,88.25,Sedang,10,1,29.7,66.2,5.7,28.1,21.4,0.0,kelapa gading
2023-10-24,115.79166666666667,Tidak Sehat,10,1,29.6,64.5,5.3,28.1,21.4,0.0,lubang buaya
2023-10-24,93.21755367481182,Sedang,10,1,29.666666666666668,66.4,3.6,17.4,21.1,0.0,us embassy 1
2023-10-24,76.63627269929205,Sedang,10,1,29.6,66.0,5.7,28.1,21.1,0.0,us embassy 2
2023-10-25,86.29166666666667,Sedang,10,2,29.0,73.3,5.6,27.0,22.6,0.167,bundaran hi
2023-10-25,73.625,Sedang,10,2,28.7,73.5,5.2,27.0,22.6,6.435,jagakarsa
2023-10-25,72.29166666666667,Sedang,10,2,28.7,75.2,5.6,27.0,22.6,5.682,kebun jeruk
2023-10-25,88.20833333333333,Sedang,10,2,29.0,73.1,5.5,26.6,23.2,1.065,kelapa gading
2023-10-25,102.25,Tidak Sehat,10,2,28.8,72.5,5.0,26.6,23.2,3.074,lubang buaya
2023-10-25,92.8924380472951,Sedang,10,2,29.0,73.5,3.5,16.8,22.6,0.001,us embassy 1
2023-10-25,83.53974547453612,Sedang,10,2,28.9,73.6,5.4,27.0,22.6,2.766,us embassy 2
2023-10-26,97.0,Sedang,10,3,29.8,69.3,6.0,28.4,29.9,0.0,bundaran hi
2023-10-26,78.33333333333333,Sedang,10,3,29.5,69.5,5.8,28.4,29.9,0.0,jagakarsa
2023-10-26,81.16666666666667,Sedang,10,3,29.5,70.1,6.3,28.4,29.9,0.0,kebun jeruk
2023-10-26,102.70833333333333,Tidak Sehat,10,3,29.9,69.9,6.1,28.4,28.6,0.0,kelapa gading
2023-10-26,115.0,Tidak Sehat,10,3,29.9,68.3,5.6,28.4,28.6,0.0,lubang buaya
2023-10-26,100.71449810403021,Tidak Sehat,10,3,29.77777777777778,69.4,3.7,17.7,29.9,0.0,us embassy 1
2023-10-26,106.71331803321188,Tidak Sehat,10,3,29.7,69.4,6.0,28.4,29.9,0.0,us embassy 2
2023-10-27,101.25,Tidak Sehat,10,4,29.8,69.5,6.0,27.7,23.4,0.0,bundaran hi
2023-10-27,78.58333333333333,Sedang,10,4,29.5,69.9,5.9,27.7,23.4,0.0,jagakarsa
2023-10-27,81.875,Sedang,10,4,29.5,70.4,6.4,27.7,23.4,0.0,kebun jeruk
2023-10-27,107.54166666666667,Tidak Sehat,10,4,29.8,70.5,6.1,27.7,24.2,0.0,kelapa gading
2023-10-27,114.08333333333333,Tidak Sehat,10,4,29.8,69.2,5.5,27.7,24.2,0.0,lubang buaya
2023-10-27,108.23202158415762,Tidak Sehat,10,4,29.83333333333333,69.5,3.8,17.2,23.4,0.0,us embassy 1
2023-10-27,107.9693115099554,Tidak Sehat,10,4,29.7,69.8,6.0,27.7,23.4,0.0,us embassy 2
2023-10-28,98.25,Sedang,10,5,30.4,65.2,6.6,37.1,27.3,0.0,bundaran hi
2023-10-28,82.625,Sedang,10,5,30.2,64.2,6.5,37.1,27.3,0.0,jagakarsa
2023-10-28,75.29166666666667,Sedang,10,5,29.9,68.5,7.0,37.1,27.3,0.0,kebun jeruk
2023-10-28,96.66666666666667,Sedang,10,5,30.4,65.1,6.6,34.9,27.7,0.0,kelapa gading
2023-10-28,119.125,Tidak Sehat,10,5,30.6,61.6,6.2,34.9,27.7,0.0,lubang buaya
2023-10-28,102.56316997460054,Tidak Sehat,10,5,30.33333333333333,65.4,4.1,23.0,27.3,0.0,us embassy 1
2023-10-28,103.11879131389946,Tidak Sehat,10,5,30.3,65.2,6.6,37.1,27.3,0.0,us embassy 2
2023-10-29,93.125,Sedang,10,6,30.0,67.4,6.4,35.3,24.7,0.0,bundaran hi
2023-10-29,48.583333333333336,Baik,10,6,29.9,66.1,6.4,31.3,24.7,0.0,jagakarsa
2023-10-29,70.125,Sedang,10,6,29.7,69.7,7.0,35.3,24.7,0.0,kebun jeruk
2023-10-29,92.5,Sedang,10,6,30.1,67.3,6.5,30.6,25.7,0.0,kelapa gading
2023-10-29,136.125,Tidak Sehat,10,6,30.2,63.7,6.0,30.6,25.7,0.0,lubang buaya
2023-10-29,97.99762869327644,Sedang,10,6,30.0,67.7,4.0,21.9,24.7,0.0,us embassy 1
2023-10-29,97.27752097953253,Sedang,10,6,30.0,67.1,6.5,35.3,24.7,0.0,us embassy 2
2023-10-30,86.41666666666667,Sedang,10,0,30.2,66.7,6.8,23.8,23.8,0.0,bundaran hi
2023-10-30,40.5,Baik,10,0,30.0,66.6,6.8,23.8,23.8,0.0,jagakarsa
2023-10-30,69.5,Sedang,10,0,29.8,69.2,7.5,23.8,23.8,0.0,kebun jeruk
2023-10-30,87.41666666666667,Sedang,10,0,30.3,66.9,6.9,25.6,24.1,0.0,kelapa gading
2023-10-30,128.83333333333334,Tidak Sehat,10,0,30.4,64.5,6.4,25.6,24.1,0.0,lubang buaya
2023-10-30,92.63524300151978,Sedang,10,0,30.166666666666668,66.8,4.2,14.8,23.8,0.0,us embassy 1
2023-10-30,91.83134769596391,Sedang,10,0,30.2,67.0,6.9,23.8,23.8,0.0,us embassy 2
2023-10-31,90.66666666666667,Sedang,10,1,30.3,69.9,6.1,28.4,24.1,7.828,bundaran hi
2023-10-31,77.54166666666667,Sedang,10,1,30.1,69.5,5.9,28.4,24.1,4.291,jagakarsa
2023-10-31,33.166666666666664,Baik,10,1,30.2,70.8,6.6,28.4,24.1,4.727,kebun jeruk
2023-10-31,92.04166666666667,Sedang,10,1,30.4,69.9,6.2,30.2,24.9,4.746,kelapa gading
2023-10-31,105.0,Tidak Sehat,10,1,30.3,67.8,5.6,30.2,24.9,5.242,lubang buaya
2023-10-31,94.15504820848456,Sedang,10,1,30.33333333333333,70.0,3.8,17.7,24.1,0.314,us embassy 1
2023-10-31,103.53570974894429,Tidak Sehat,10,1,30.3,69.7,6.1,28.4,24.1,6.078,us embassy 2
2023-11-01,88.08333333333333,Sedang,11,2,29.6,71.1,6.3,24.8,22.7,0.042,bundaran hi
2023-11-01,72.33333333333333,Sedang,11,2,29.4,71.2,6.1,24.8,22.7,3.052,jagakarsa
2023-11-01,87.79166666666667,Sedang,11,2,29.4,71.3,6.9,24.8,22.7,1.286,kebun jeruk
2023-11-01,90.66666666666667,Sedang,11,2,29.7,71.1,6.4,26.6,23.3,0.287,kelapa gading
2023-11-01,105.75,Tidak Sehat,11,2,29.6,70.5,5.8,26.6,23.3,1.225,lubang buaya
2023-11-01,99.20609685196479,Sedang,11,2,29.61111111111111,71.1,3.9,15.4,22.7,0.0,us embassy 1
2023-11-01,98.75267502146058,Sedang,11,2,29.6,71.0,6.4,24.8,22.7,0.862,us embassy 2
2023-11-02,84.20833333333333,Sedang,11,3,29.6,72.5,6.0,27.0,23.0,0.0,bundaran hi
2023-11-02,68.20833333333333,Sedang,11,3,29.2,73.3,5.8,27.0,23.0,0.248,jagakarsa
2023-11-02,75.75,Sedang,11,3,29.5,73.3,6.5,27.0,23.0,0.0,kebun jeruk
2023-11-02,84.91666666666667,Sedang,11,3,29.6,73.1,5.9,24.8,23.9,0.0,kelapa gading
2023-11-02,108.08333333333333,Tidak Sehat,11,3,29.4,72.4,5.4,24.8,23.9,0.0,lubang buaya
2023-11-02,88.68154779196084,Sedang,11,3,29.61111111111111,72.5,3.8,16.8,23.0,0.0,us embassy 1
2023-11-02,92.08238116343972,Sedang,11,3,29.5,72.9,6.0,27.0,23.0,0.0,us embassy 2
2023-11-03,89.16666666666667,Sedang,11,4,29.8,71.1,5.9,27.7,22.9,0.012,bundaran hi
2023-11-03,71.83333333333333,Sedang,11,4,29.5,71.7,5.6,27.7,22.9,3.008,jagakarsa
2023-11-03,100.125,Tidak Sehat,11,4,29.5,72.8,6.2,27.7,22.9,0.377,kebun jeruk
2023-11-03,97.70833333333333,Sedang,11,4,29.8,71.5,5.8,26.3,23.0,0.085,kelapa gading
2023-11-03,108.54166666666667,Tidak Sehat,11,4,29.8,70.4,5.3,26.3,23.0,0.36,lubang buaya
2023-11-03,96.19453279047501,Sedang,11,4,29.72222222222222,71.2,3.6,17.2,22.9,0.0,us embassy 1
2023-11-03,96.84959430146834,Sedang,11,4,29.7,71.5,5.8,27.7,22.9,0.253,us embassy 2
2023-11-04,93.41666666666667,Sedang,11,5,29.0,77.2,5.5,37.1,22.3,0.252,bundaran hi
2023-11-04,73.58333333333333,Sedang,11,5,28.7,77.6,5.1,37.1,22.3,19.65,jagakarsa
2023-11-04,101.5,Tidak Sehat,11,5,28.8,78.4,5.6,37.1,22.3,6.935,kebun jeruk
2023-11-04,99.45833333333333,Sedang,11,5,29.1,77.5,5.3,37.1,23.0,2.574,kelapa gading
2023-11-04,117.29166666666667,Tidak Sehat,11,5,28.9,76.6,4.7,37.1,23.0,6.609,lubang buaya
2023-11-04,98.6524107815091,Sedang,11,5,29.05555555555556,77.2,3.4,23.0,22.3,0.001,us embassy 1
2023-11-04,98.56831346282438,Sedang,11,5,28.9,77.4,5.3,37.1,22.3,4.602,us embassy 2
2023-11-05,69.91666666666667,Sedang,11,6,27.7,82.9,5.4,28.8,17.6,27.338,bundaran hi
2023-11-05,55.958333333333336,Sedang,11,6,27.4,83.7,5.3,28.8,17.6,14.138,jagakarsa
2023-11-05,76.25,Sedang,11,6,27.7,83.8,5.9,28.8,17.6,17.124,kebun jeruk
2023-11-05,65.83333333333333,Sedang,11,6,27.7,83.4,5.4,28.1,18.7,14.392,kelapa gading
2023-11-05,88.04166666666667,Sedang,11,6,27.4,83.6,5.0,28.1,18.7,17.325,lubang buaya
2023-11-05,85.12888100103024,Sedang,11,6,27.722222222222225,82.9,3.4,17.9,17.6,1.098,us embassy 1
2023-11-05,86.6329616886009,Sedang,11,6,27.6,83.3,5.5,28.8,17.6,21.207,us embassy 2
2023-11-06,71.91666666666667,Sedang,11,0,29.6,75.7,6.0,25.6,23.0,0.011,bundaran hi
2023-11-06,58.625,Sedang,11,0,29.4,75.6,5.7,25.6,23.0,0.809,jagakarsa
2023-11-06,82.25,Sedang,11,0,29.3,77.4,6.5,25.6,23.0,0.343,kebun jeruk
2023-11-06,74.41666666666667,Sedang,11,0,29.6,75.6,5.9,25.6,23.9,0.077,kelapa gading
2023-11-06,66.375,Sedang,11,0,29.6,73.8,5.3,25.6,23.9,0.327,lubang buaya
2023-11-06,77.47874541176442,Sedang,11,0,29.61111111111111,75.8,3.7,15.9,23.0,0.0,us embassy 1
2023-11-06,79.83462090691916,Sedang,11,0,29.5,75.8,6.0,25.6,23.0,0.23,us embassy 2
2023-11-07,82.5,Sedang,11,1,29.9,73.7,6.6,29.5,23.5,0.0,bundaran hi
2023-11-07,79.95833333333333,Sedang,11,1,29.7,73.5,6.6,29.5,23.5,0.0,jagakarsa
2023-11-07,87.0,Sedang,11,1,29.8,74.3,7.2,29.5,23.5,0.0,kebun jeruk
2023-11-07,80.29166666666667,Sedang,11,1,29.9,74.0,6.8,29.5,23.7,0.0,kelapa gading
2023-11-07,103.66666666666667,Tidak Sehat,11,1,29.9,72.7,6.4,29.5,23.7,0.0,lubang buaya
2023-11-07,83.86257536834547,Sedang,11,1,29.88888888888889,73.7,4.1,18.3,23.5,0.0,us embassy 1
2023-11-07,92.4962436794158,Sedang,11,1,29.9,73.7,6.7,29.5,23.5,0.0,us embassy 2
2023-11-08,75.70833333333333,Sedang,11,2,30.2,72.7,6.1,20.5,23.7,0.0,bundaran hi
2023-11-08,75.25,Sedang,11,2,30.0,73.0,6.0,20.5,23.7,0.0,jagakarsa
2023-11-08,79.79166666666667,Sedang,11,2,29.9,74.6,6.3,20.5,23.7,0.0,kebun jeruk
2023-11-08,76.33333333333333,Sedang,11,2,30.3,73.1,6.1,22.0,24.4,0.0,kelapa gading
2023-11-08,95.33333333333333,Sedang,11,2,30.2,71.6,5.8,22.0,24.4,0.0,lubang buaya
2023-11-08,77.54450983942819,Sedang,11,2,30.166666666666668,72.8,3.8,12.8,23.7,0.0,us embassy 1
2023-11-08,88.16065518313873,Sedang,11,2,30.1,73.0,6.1,20.5,23.7,0.0,us embassy 2
2023-11-09,86.70833333333333,Sedang,11,3,29.9,72.6,5.3,24.8,22.5,0.0,bundaran hi
2023-11-09,72.83333333333333,Sedang,11,3,29.6,73.0,5.0,24.8,22.5,0.0,jagakarsa
2023-11-09,89.125,Sedang,11,3,29.6,73.7,5.7,24.8,22.5,0.0,kebun jeruk
2023-11-09,93.375,Sedang,11,3,29.8,73.1,5.2,25.9,22.8,0.0,kelapa gading
2023-11-09,102.33333333333333,Tidak Sehat,11,3,29.8,71.7,4.6,25.9,22.8,0.0,lubang buaya
2023-11-09,90.06145953642711,Sedang,11,3,29.83333333333333,72.6,3.3,15.4,22.5,0.0,us embassy 1
2023-11-09,96.29145999336687,Sedang,11,3,29.7,72.8,5.2,24.8,22.5,0.0,us embassy 2
2023-11-10,103.79166666666667,Tidak Sehat,11,4,29.2,76.6,5.5,23.0,22.6,0.796,bundaran hi
2023-11-10,70.91666666666667,Sedang,11,4,28.9,77.3,5.2,23.0,22.6,1.861,jagakarsa
2023-11-10,92.79166666666667,Sedang,11,4,29.3,76.7,6.2,23.0,22.6,1.758,kebun jeruk
2023-11-10,104.08333333333333,Tidak Sehat,11,4,29.2,77.2,5.4,26.3,23.3,3.164,kelapa gading
2023-11-10,111.66666666666667,Tidak Sehat,11,4,29.0,77.4,4.6,26.3,23.3,2.029,lubang buaya
2023-11-10,99.27272034791064,Sedang,11,4,29.22222222222222,76.6,3.5,14.3,22.6,0.028,us embassy 1
2023-11-10,101.11101204246559,Tidak Sehat,11,4,29.2,76.9,5.5,23.0,22.6,1.467,us embassy 2
2023-11-11,93.58333333333333,Sedang,11,5,28.9,79.5,5.2,28.4,22.5,4.287,bundaran hi
2023-11-11,65.95833333333333,Sedang,11,5,28.6,79.6,4.9,28.4,22.5,3.083,jagakarsa
2023-11-11,92.25,Sedang,11,5,28.8,81.3,5.8,28.4,22.5,3.565,kebun jeruk
2023-11-11,91.91666666666667,Sedang,11,5,28.9,79.8,5.2,26.6,23.3,4.496,kelapa gading
2023-11-11,95.125,Sedang,11,5,28.7,78.8,4.4,26.6,23.3,3.772,lubang buaya
2023-11-11,98.82170599331921,Sedang,11,5,28.88888888888889,79.6,3.3,17.7,22.5,0.169,us embassy 1
2023-11-11,105.30560875525076,Tidak Sehat,11,5,28.8,79.8,5.2,28.4,22.5,3.927,us embassy 2
2023-11-12,80.83333333333333,Sedang,11,6,29.4,74.1,6.0,24.1,21.2,0.09,bundaran hi
2023-11-12,57.208333333333336,Sedang,11,6,28.9,75.1,5.9,24.1,21.2,2.764,jagakarsa
2023-11-12,81.79166666666667,Sedang,11,6,29.0,76.6,6.6,24.1,21.2,3.119,kebun jeruk
2023-11-12,90.33333333333333,Sedang,11,6,29.3,75.0,6.1,22.3,22.2,0.572,kelapa gading
2023-11-12,92.70833333333333,Sedang,11,6,29.1,73.8,5.5,22.3,22.2,1.613,lubang buaya
2023-11-12,90.68003656246515,Sedang,11,6,29.38888888888889,74.1,3.8,15.0,21.2,0.0,us embassy 1
2023-11-12,92.14534536799187,Sedang,11,6,29.2,74.8,6.1,24.1,21.2,1.463,us embassy 2
2023-11-13,81.16666666666667,Sedang,11,0,30.4,69.5,6.0,25.6,22.0,0.0,bundaran hi
2023-11-13,59.166666666666664,Sedang,11,0,29.9,70.8,5.8,25.6,22.0,0.009,jagakarsa
2023-11-13,83.20833333333333,Sedang,11,0,30.1,72.5,6.7,25.6,22.0,0.0,kebun jeruk
2023-11-13,92.66666666666667,Sedang,11,0,30.3,70.7,5.9,25.6,23.0,0.0,kelapa gading
2023-11-13,23.958333333333332,Baik,11,0,30.1,69.3,5.3,25.6,23.0,0.0,lubang buaya
2023-11-13,85.45277398423269,Sedang,11,0,30.444444444444443,69.5,3.7,15.9,22.0,0.0,us embassy 1
2023-11-13,82.61411336860428,Sedang,11,0,30.2,70.4,6.0,25.6,22.0,0.0,us embassy 2
2023-11-14,79.33333333333333,Sedang,11,1,29.7,76.5,6.1,29.2,20.0,28.329,bundaran hi
2023-11-14,62.875,Sedang,11,1,29.3,77.4,5.9,29.2,20.0,15.908,jagakarsa
2023-11-14,79.75,Sedang,11,1,29.5,77.7,6.9,29.2,20.0,16.76,kebun jeruk
2023-11-14,81.41666666666667,Sedang,11,1,29.6,77.1,6.1,28.1,20.6,15.829,kelapa gading
2023-11-14,104.20833333333333,Tidak Sehat,11,1,29.4,76.5,5.4,28.1,20.6,18.378,lubang buaya
2023-11-14,56.15286511791668,Sedang,11,1,29.72222222222222,76.5,3.8,18.1,20.0,1.137,us embassy 1
2023-11-14,81.86239674564023,Sedang,11,1,29.6,76.9,6.2,29.2,20.0,21.712,us embassy 2
2023-11-15,68.875,Sedang,11,2,28.9,79.2,5.9,22.0,22.1,10.401,bundaran hi
2023-11-15,66.08333333333333,Sedang,11,2,28.6,79.7,5.7,22.0,22.1,25.01,jagakarsa
2023-11-15,67.0,Sedang,11,2,28.8,79.0,6.7,22.0,22.1,16.493,kebun jeruk
2023-11-15,69.95833333333333,Sedang,11,2,28.9,79.9,5.9,21.2,22.9,18.109,kelapa gading
2023-11-15,85.45833333333333,Sedang,11,2,28.8,79.5,5.3,21.2,22.9,18.442,lubang buaya
2023-11-15,78.40199770233599,Sedang,11,2,28.83333333333333,79.1,3.7,13.6,22.1,0.396,us embassy 1
2023-11-15,71.74098022477719,Sedang,11,2,28.8,79.3,6.0,22.0,22.1,15.095,us embassy 2
2023-11-16,79.41666666666667,Sedang,11,3,29.8,73.2,6.4,24.8,22.6,11.269,bundaran hi
2023-11-16,75.70833333333333,Sedang,11,3,29.5,73.6,6.4,24.8,22.6,13.101,jagakarsa
2023-11-16,75.0,Sedang,11,3,29.6,74.1,7.0,24.8,22.6,10.413,kebun jeruk
2023-11-16,80.75,Sedang,11,3,29.8,73.7,6.5,24.8,22.1,20.888,kelapa gading
2023-11-16,92.66666666666667,Sedang,11,3,29.6,72.7,6.0,24.8,22.1,13.755,lubang buaya
2023-11-16,38.94633525925102,Baik,11,3,29.77777777777778,73.2,4.0,15.4,22.6,0.435,us embassy 1
2023-11-16,77.29433375902457,Sedang,11,3,29.7,73.4,6.5,24.8,22.6,11.735,us embassy 2
2023-11-17,87.0,Sedang,11,4,29.4,76.2,6.1,33.5,19.6,0.388,bundaran hi
2023-11-17,73.125,Sedang,11,4,29.2,76.2,5.9,24.5,19.6,0.382,jagakarsa
2023-11-17,78.58333333333333,Sedang,11,4,29.5,76.3,6.5,33.5,19.6,0.221,kebun jeruk
2023-11-17,80.58333333333333,Sedang,11,4,29.4,76.5,6.0,25.6,19.8,0.158,kelapa gading
2023-11-17,86.08333333333333,Sedang,11,4,29.3,75.4,5.4,25.6,19.8,0.25,lubang buaya
2023-11-17,18.496205352796707,Baik,11,4,29.444444444444443,76.3,3.8,20.8,19.6,0.016,us embassy 1
2023-11-17,78.72963477169232,Sedang,11,4,29.4,76.1,6.1,33.5,19.6,0.291,us embassy 2
2023-11-18,106.375,Tidak Sehat,11,5,29.0,77.9,5.7,29.2,22.0,0.007,bundaran hi
2023-11-18,73.08333333333333,Sedang,11,5,28.7,78.7,5.7,29.2,22.0,0.352,jagakarsa
2023-11-18,76.08333333333333,Sedang,11,5,29.1,78.0,6.3,29.2,22.0,0.229,kebun jeruk
2023-11-18,69.70833333333333,Sedang,11,5,29.0,78.8,5.9,28.1,22.4,0.041,kelapa gading
2023-11-18,31.166666666666668,Baik,11,5,28.7,78.8,5.4,28.1,22.4,0.105,lubang buaya
2023-11-18,63.136918369778584,Sedang,11,5,29.0,77.8,3.5,18.1,22.0,0.0,us embassy 1
2023-11-18,80.14712367843676,Sedang,11,5,29.0,78.2,5.8,29.2,22.0,0.101,us embassy 2
2023-11-19,79.875,Sedang,11,6,29.8,75.7,6.1,19.8,25.0,2.978,bundaran hi
2023-11-19,69.08333333333333,Sedang,11,6,29.5,75.4,6.1,19.8,25.0,2.725,jagakarsa
2023-11-19,66.79166666666667,Sedang,11,6,29.8,76.1,6.8,19.8,25.0,3.894,kebun jeruk
2023-11-19,75.66666666666667,Sedang,11,6,29.8,75.7,6.3,19.8,25.4,1.563,kelapa gading
2023-11-19,4.541666666666667,Baik,11,6,29.6,74.8,5.6,19.8,25.4,2.733,lubang buaya
2023-11-19,69.54086093501735,Sedang,11,6,29.77777777777778,75.8,3.8,12.3,25.0,0.118,us embassy 1
2023-11-19,77.37385266427036,Sedang,11,6,29.7,75.6,6.2,19.8,25.0,3.146,us embassy 2
2023-11-20,75.91666666666667,Sedang,11,0,29.6,75.0,6.0,19.8,23.3,1.95,bundaran hi
2023-11-20,67.16666666666667,Sedang,11,0,29.4,75.0,6.1,19.8,23.3,1.299,jagakarsa
2023-11-20,71.75,Sedang,11,0,29.5,76.4,6.5,19.8,23.3,1.364,kebun jeruk
2023-11-20,69.45833333333333,Sedang,11,0,29.8,74.9,6.2,19.1,24.4,0.83,kelapa gading
2023-11-20,0.0,Baik,11,0,29.7,74.0,5.8,19.1,24.4,1.297,lubang buaya
2023-11-20,69.54086093501735,Sedang,11,0,29.55555555555556,75.1,3.8,12.3,23.3,0.078,us embassy 1
2023-11-20,77.50045800179235,Sedang,11,0,29.6,75.1,6.1,19.8,23.3,1.581,us embassy 2
2023-11-21,83.0,Sedang,11,1,30.0,74.7,6.0,26.3,21.3,0.181,bundaran hi
2023-11-21,71.75,Sedang,11,1,29.7,75.5,5.9,26.3,21.3,5.719,jagakarsa
2023-11-21,77.91666666666667,Sedang,11,1,29.8,76.1,6.7,26.3,21.3,6.343,kebun jeruk
2023-11-21,75.41666666666667,Sedang,11,1,30.0,75.3,6.1,26.3,21.7,1.146,kelapa gading
2023-11-21,76.41666666666667,Sedang,11,1,29.9,74.4,5.4,26.3,21.7,3.1,lubang buaya
2023-11-21,69.54086093501735,Sedang,11,1,29.944444444444443,74.7,3.8,16.3,21.3,0.001,us embassy 1
2023-11-21,78.99449930960111,Sedang,11,1,29.9,75.2,6.1,26.3,21.3,2.893,us embassy 2
2023-11-22,73.16666666666667,Sedang,11,2,29.7,76.1,6.7,25.9,21.3,18.08,bundaran hi
2023-11-22,65.66666666666667,Sedang,11,2,29.5,76.4,6.8,25.9,21.3,16.23,jagakarsa
2023-11-22,71.375,Sedang,11,2,29.5,77.1,7.3,25.9,21.3,14.309,kebun jeruk
2023-11-22,68.25,Sedang,11,2,29.8,76.3,6.9,27.4,22.2,23.966,kelapa gading
2023-11-22,79.5,Sedang,11,2,29.7,75.3,6.6,27.4,22.2,17.145,lubang buaya
2023-11-22,69.54086093501735,Sedang,11,2,29.666666666666668,76.2,4.2,16.1,21.3,0.71,us embassy 1
2023-11-22,72.89454337880306,Sedang,11,2,29.7,76.3,6.9,25.9,21.3,16.722,us embassy 2
2023-11-23,84.41666666666667,Sedang,11,3,28.6,80.0,5.6,25.9,19.5,0.0,bundaran hi
2023-11-23,75.5,Sedang,11,3,28.4,80.5,5.6,25.9,19.5,0.0,jagakarsa
2023-11-23,79.66666666666667,Sedang,11,3,28.6,80.8,6.4,25.9,19.5,0.0,kebun jeruk
2023-11-23,79.45833333333333,Sedang,11,3,28.7,80.4,5.7,25.2,19.9,0.0,kelapa gading
2023-11-23,71.41666666666667,Sedang,11,3,28.5,80.0,5.0,25.2,19.9,0.0,lubang buaya
2023-11-23,69.54086093501735,Sedang,11,3,28.61111111111111,80.0,3.5,16.1,19.5,0.0,us embassy 1
2023-11-23,77.9621468032394,Sedang,11,3,28.6,80.3,5.7,25.9,19.5,0.0,us embassy 2
2023-11-24,102.625,Tidak Sehat,11,4,28.6,82.4,5.0,44.6,18.6,26.26,bundaran hi
2023-11-24,98.41666666666667,Sedang,11,4,28.3,83.3,4.4,23.0,18.6,11.908,jagakarsa
2023-11-24,109.75,Tidak Sehat,11,4,28.5,83.1,5.5,44.6,18.6,15.431,kebun jeruk
2023-11-24,95.91666666666667,Sedang,11,4,28.6,83.1,4.8,24.1,19.3,10.845,kelapa gading
2023-11-24,80.125,Sedang,11,4,28.4,83.0,3.8,24.1,19.3,15.751,lubang buaya
2023-11-24,69.54086093501735,Sedang,11,4,28.61111111111111,82.3,3.2,27.7,18.6,1.058,us embassy 1
2023-11-24,98.69420343919283,Sedang,11,4,28.5,82.8,4.9,44.6,18.6,19.701,us embassy 2
2023-11-25,89.75,Sedang,11,5,26.1,90.9,5.1,24.1,13.7,18.662,bundaran hi
2023-11-25,81.25,Sedang,11,5,25.9,91.0,4.8,24.1,13.7,24.753,jagakarsa
2023-11-25,100.45833333333333,Tidak Sehat,11,5,26.0,92.4,4.9,24.1,13.7,23.603,kebun jeruk
2023-11-25,79.29166666666667,Sedang,11,5,26.1,90.9,5.0,23.0,14.0,46.21,kelapa gading
2023-11-25,56.75,Sedang,11,5,26.0,89.8,4.9,23.0,14.0,30.635,lubang buaya
2023-11-25,69.54086093501735,Sedang,11,5,26.11111111111111,91.0,3.2,15.0,13.7,0.705,us embassy 1
2023-11-25,63.70449871272927,Sedang,11,5,26.1,91.2,5.0,24.1,13.7,23.695,us embassy 2
2023-11-26,73.04166666666667,Sedang,11,6,28.3,78.8,6.0,35.3,20.8,0.49,bundaran hi
2023-11-26,62.791666666666664,Sedang,11,6,28.0,79.1,6.1,35.3,20.8,8.348,jagakarsa
2023-11-26,74.45833333333333,Sedang,11,6,28.2,80.3,6.6,35.3,20.8,10.815,kebun jeruk
2023-11-26,66.08333333333333,Sedang,11,6,28.2,79.6,6.2,35.3,21.7,8.265,kelapa gading
2023-11-26,14.833333333333334,Baik,11,6,28.1,78.5,5.8,35.3,21.7,7.192,lubang buaya
2023-11-26,69.54086093501735,Sedang,11,6,28.277777777777786,78.8,3.7,21.9,20.8,0.003,us embassy 1
2023-11-26,79.87510651163497,Sedang,11,6,28.2,79.1,6.1,35.3,20.8,5.56,us embassy 2
2023-11-27,77.41666666666667,Sedang,11,0,27.7,81.9,5.6,20.2,10.8,0.067,bundaran hi
2023-11-27,74.04166666666667,Sedang,11,0,27.4,83.1,5.6,20.2,10.8,4.855,jagakarsa
2023-11-27,77.625,Sedang,11,0,27.6,84.6,6.1,20.2,10.8,2.057,kebun jeruk
2023-11-27,69.91666666666667,Sedang,11,0,27.6,83.0,5.8,20.9,11.8,0.46,kelapa gading
2023-11-27,34.041666666666664,Baik,11,0,27.4,82.0,5.3,20.9,11.8,1.96,lubang buaya
2023-11-27,69.54086093501735,Sedang,11,0,27.722222222222225,81.9,3.5,12.5,10.8,0.0,us embassy 1
2023-11-27,81.26041603888366,Sedang,11,0,27.6,82.8,5.7,20.2,10.8,1.379,us embassy 2
2023-11-28,91.375,Sedang,11,1,28.9,75.9,5.9,24.5,16.4,0.07,bundaran hi
2023-11-28,79.58333333333333,Sedang,11,1,28.6,76.6,5.7,24.5,16.4,7.384,jagakarsa
2023-11-28,83.95833333333333,Sedang,11,1,28.7,78.2,6.2,24.5,16.4,2.189,kebun jeruk
2023-11-28,70.54166666666667,Sedang,11,1,28.9,76.8,5.9,23.4,17.1,0.487,kelapa gading
2023-11-28,39.25,Baik,11,1,28.8,75.1,5.4,23.4,17.1,2.063,lubang buaya
2023-11-28,69.54086093501735,Sedang,11,1,28.944444444444443,75.9,3.7,15.2,16.4,0.0,us embassy 1
2023-11-28,80.82518501137024,Sedang,11,1,28.8,76.5,5.9,24.5,16.4,1.456,us embassy 2
2023-11-29,84.625,Sedang,11,2,29.4,76.8,5.8,23.4,21.5,5.955,bundaran hi
2023-11-29,83.5,Sedang,11,2,29.1,77.5,5.8,23.4,21.5,10.274,jagakarsa
2023-11-29,88.75,Sedang,11,2,29.0,79.8,5.8,23.4,21.5,5.514,kebun jeruk
2023-11-29,78.41666666666667,Sedang,11,2,29.4,77.5,6.0,23.4,22.9,4.838,kelapa gading
2023-11-29,80.91666666666667,Sedang,11,2,29.4,75.4,5.8,23.4,22.9,5.274,lubang buaya
2023-11-29,69.54086093501735,Sedang,11,2,29.444444444444443,76.9,3.6,14.5,21.5,0.236,us embassy 1
2023-11-29,96.51401729157864,Sedang,11,2,29.3,77.5,5.8,23.4,21.5,5.619,us embassy 2
2023-11-30,68.08333333333333,Sedang,11,3,27.8,84.3,6.0,19.8,20.9,14.247,bundaran hi
2023-11-30,67.83333333333333,Sedang,11,3,27.6,84.7,5.8,19.8,20.9,24.638,jagakarsa
2023-11-30,63.166666666666664,Sedang,11,3,27.5,86.3,6.3,19.8,20.9,21.408,kebun jeruk
2023-11-30,65.08333333333333,Sedang,11,3,27.8,84.8,6.0,19.1,21.5,16.376,kelapa gading
2023-11-30,80.41666666666667,Sedang,11,3,27.8,83.5,5.6,19.1,21.5,18.671,lubang buaya
2023-11-30,69.54086093501735,Sedang,11,3,27.77777777777778,84.4,3.7,12.3,20.9,0.552,us embassy 1
2023-11-30,70.9724627943189,Sedang,11,3,27.7,84.7,6.0,19.8,20.9,17.905,us embassy 2
2023-12-01,75.0,Sedang,12,4,26.6,89.6,5.5,14.8,8.1,2.782,bundaran hi
2023-12-01,67.66666666666667,Sedang,12,4,26.4,90.1,5.5,14.8,8.1,2.109,jagakarsa
2023-12-01,69.25,Sedang,12,4,26.5,91.4,5.5,14.8,8.1,2.352,kebun jeruk
2023-12-01,68.91666666666667,Sedang,12,4,26.6,90.0,5.5,14.0,8.0,2.565,kelapa gading
2023-12-01,76.66666666666667,Sedang,12,4,26.4,89.3,5.5,14.0,8.0,2.501,lubang buaya
2023-12-01,69.54086093501735,Sedang,12,4,26.611111111111114,89.7,3.5,9.2,8.1,0.111,us embassy 1
2023-12-01,76.29823340246539,Sedang,12,4,26.5,90.0,5.5,14.8,8.1,2.54,us embassy 2
2023-12-02,92.54166666666667,Sedang,12,5,28.8,78.5,5.8,20.5,22.3,0.021,bundaran hi
2023-12-02,76.125,Sedang,12,5,28.5,78.9,5.9,20.5,22.3,1.452,jagakarsa
2023-12-02,75.66666666666667,Sedang,12,5,28.7,80.3,6.7,20.5,22.3,0.715,kebun jeruk
2023-12-02,83.125,Sedang,12,5,28.8,79.2,6.0,21.2,22.3,0.139,kelapa gading
2023-12-02,85.16666666666667,Sedang,12,5,28.6,78.1,5.3,21.2,22.3,0.455,lubang buaya
2023-12-02,69.54086093501735,Sedang,12,5,28.77777777777778,78.5,3.6,12.8,22.3,0.0,us embassy 1
2023-12-02,86.16282664257402,Sedang,12,5,28.7,78.9,6.0,20.5,22.3,0.375,us embassy 2
2023-12-03,81.83333333333333,Sedang,12,6,28.0,81.7,6.7,24.1,18.6,0.008,bundaran hi
2023-12-03,65.375,Sedang,12,6,27.7,82.6,6.6,24.1,18.6,4.037,jagakarsa
2023-12-03,69.75,Sedang,12,6,27.9,83.6,7.1,24.1,18.6,0.254,kebun jeruk
2023-12-03,69.58333333333333,Sedang,12,6,28.0,82.3,6.7,23.8,19.1,0.057,kelapa gading
2023-12-03,73.375,Sedang,12,6,27.8,81.9,6.4,23.8,19.1,2.936,lubang buaya
2023-12-03,69.54086093501735,Sedang,12,6,28.05555555555556,81.7,4.2,15.0,18.6,0.0,us embassy 1
2023-12-03,76.5482526129785,Sedang,12,6,27.9,82.4,6.7,24.1,18.6,0.17,us embassy 2
2023-12-04,66.29166666666667,Sedang,12,0,26.5,89.6,5.2,21.2,8.9,3.09,bundaran hi
2023-12-04,60.666666666666664,Sedang,12,0,26.2,90.3,4.9,21.2,8.9,12.367,jagakarsa
2023-12-04,69.58333333333333,Sedang,12,0,26.5,91.5,5.5,21.2,8.9,6.334,kebun jeruk
2023-12-04,59.375,Sedang,12,0,26.5,90.0,5.1,22.0,9.7,3.018,kelapa gading
2023-12-04,67.75,Sedang,12,0,26.2,89.9,4.6,22.0,9.7,6.457,lubang buaya
2023-12-04,69.54086093501735,Sedang,12,0,26.55555555555556,89.7,3.3,13.2,8.9,0.118,us embassy 1
2023-12-04,68.20810097582962,Sedang,12,0,26.4,90.2,5.1,21.2,8.9,5.279,us embassy 2
2023-12-05,79.83333333333333,Sedang,12,1,28.7,76.6,6.3,35.3,19.5,0.0,bundaran hi
2023-12-05,79.91666666666667,Sedang,12,1,28.5,76.5,6.2,35.3,19.5,0.706,jagakarsa
2023-12-05,95.70833333333333,Sedang,12,1,28.6,78.2,6.9,35.3,19.5,0.0,kebun jeruk
2023-12-05,76.20833333333333,Sedang,12,1,28.8,76.8,6.3,35.3,19.0,0.0,kelapa gading
2023-12-05,85.16666666666667,Sedang,12,1,28.7,74.9,5.7,35.3,19.0,0.0,lubang buaya
2023-12-05,69.54086093501735,Sedang,12,1,28.72222222222222,76.7,3.9,21.9,19.5,0.0,us embassy 1
2023-12-05,95.82603368134733,Sedang,12,1,28.7,76.8,6.3,35.3,19.5,0.0,us embassy 2
2023-12-06,82.0,Sedang,12,2,28.6,78.8,6.1,26.3,18.8,0.0,bundaran hi
2023-12-06,81.66666666666667,Sedang,12,2,28.2,80.1,6.0,26.3,18.8,0.141,jagakarsa
2023-12-06,91.25,Sedang,12,2,28.6,80.7,6.7,26.3,18.8,0.0,kebun jeruk
2023-12-06,78.79166666666667,Sedang,12,2,28.5,79.9,6.2,25.9,19.1,0.0,kelapa gading
2023-12-06,91.79166666666667,Sedang,12,2,28.2,79.5,5.5,25.9,19.1,0.0,lubang buaya
2023-12-06,73.06921761412856,Sedang,12,2,28.666666666666668,78.7,3.8,16.3,18.8,0.0,us embassy 1
2023-12-06,87.36138346886474,Sedang,12,2,28.5,79.6,6.2,26.3,18.8,0.0,us embassy 2
2023-12-07,77.29166666666667,Sedang,12,3,28.9,80.6,6.1,18.0,20.0,0.0,bundaran hi
2023-12-07,76.54166666666667,Sedang,12,3,28.6,80.9,6.0,18.0,20.0,0.044,jagakarsa
2023-12-07,80.70833333333333,Sedang,12,3,28.6,83.5,6.5,18.0,20.0,0.007,kebun jeruk
2023-12-07,75.125,Sedang,12,3,28.8,80.5,6.1,19.1,20.4,0.004,kelapa gading
2023-12-07,89.0,Sedang,12,3,28.6,79.7,5.6,19.1,20.4,0.026,lubang buaya
2023-12-07,70.80343483393828,Sedang,12,3,28.88888888888889,80.7,3.8,11.2,20.0,0.0,us embassy 1
2023-12-07,79.20891928102618,Sedang,12,3,28.8,81.0,6.1,18.0,20.0,0.007,us embassy 2
2023-12-08,84.5,Sedang,12,4,28.5,81.6,6.1,24.8,17.6,0.045,bundaran hi
2023-12-08,79.25,Sedang,12,4,28.2,82.9,6.1,24.8,17.6,3.779,jagakarsa
2023-12-08,75.75,Sedang,12,4,28.4,83.2,6.5,24.8,17.6,1.396,kebun jeruk
2023-12-08,76.20833333333333,Sedang,12,4,28.5,82.4,6.1,25.9,18.3,0.314,kelapa gading
2023-12-08,90.79166666666667,Sedang,12,4,28.3,82.4,5.9,25.9,18.3,1.279,lubang buaya
2023-12-08,75.00553691711009,Sedang,12,4,28.444444444444443,81.6,3.8,15.4,17.6,0.0,us embassy 1
2023-12-08,83.94904476803242,Sedang,12,4,28.4,82.3,6.2,24.8,17.6,0.936,us embassy 2
2023-12-09,79.29166666666667,Sedang,12,5,28.6,79.0,6.2,18.4,17.5,0.0,bundaran hi
2023-12-09,76.91666666666667,Sedang,12,5,28.2,79.6,6.3,18.4,17.5,0.026,jagakarsa
2023-12-09,80.75,Sedang,12,5,28.4,81.7,6.6,18.4,17.5,0.0,kebun jeruk
2023-12-09,84.33333333333333,Sedang,12,5,28.5,79.5,6.3,18.7,17.6,0.0,kelapa gading
2023-12-09,61.458333333333336,Sedang,12,5,28.4,78.2,5.9,18.7,17.6,0.0,lubang buaya
2023-12-09,78.88047913977725,Sedang,12,5,28.61111111111111,79.1,3.8,11.4,17.5,0.0,us embassy 1
2023-12-09,93.0669485088083,Sedang,12,5,28.5,79.6,6.3,18.4,17.5,0.0,us embassy 2
2023-12-10,78.125,Sedang,12,6,28.5,79.6,6.1,20.5,18.0,0.0,bundaran hi
2023-12-10,81.16666666666667,Sedang,12,6,28.3,80.1,6.0,20.5,18.0,0.0,jagakarsa
2023-12-10,77.70833333333333,Sedang,12,6,28.4,82.2,6.3,20.5,18.0,0.0,kebun jeruk
2023-12-10,73.0,Sedang,12,6,28.5,80.2,6.0,19.1,17.4,0.0,kelapa gading
2023-12-10,90.79166666666667,Sedang,12,6,28.3,79.0,5.7,19.1,17.4,0.0,lubang buaya
2023-12-10,73.2931315245883,Sedang,12,6,28.55555555555556,79.7,3.8,12.8,18.0,0.0,us embassy 1
2023-12-10,84.08777770017564,Sedang,12,6,28.5,80.2,6.1,20.5,18.0,0.0,us embassy 2
2023-12-11,81.95833333333333,Sedang,12,0,29.4,76.7,6.5,23.4,22.9,0.0,bundaran hi
2023-12-11,79.04166666666667,Sedang,12,0,29.1,77.0,6.5,23.4,22.9,0.0,jagakarsa
2023-12-11,79.95833333333333,Sedang,12,0,29.2,78.0,7.2,23.4,22.9,0.0,kebun jeruk
2023-12-11,84.125,Sedang,12,0,29.4,77.2,6.7,23.4,23.4,0.0,kelapa gading
2023-12-11,97.29166666666667,Sedang,12,0,29.3,75.9,6.0,23.4,23.4,0.0,lubang buaya
2023-12-11,82.95519751127924,Sedang,12,0,29.33333333333333,76.7,4.1,14.5,22.9,0.0,us embassy 1
2023-12-11,89.05464952652149,Sedang,12,0,29.3,77.0,6.7,23.4,22.9,0.0,us embassy 2
2023-12-12,82.91666666666667,Sedang,12,1,29.4,76.3,6.5,20.9,22.4,0.0,bundaran hi
2023-12-12,76.04166666666667,Sedang,12,1,29.2,76.9,6.4,20.9,22.4,0.0,jagakarsa
2023-12-12,82.45833333333333,Sedang,12,1,29.2,78.5,7.2,20.9,22.4,0.0,kebun jeruk
2023-12-12,84.83333333333333,Sedang,12,1,29.5,76.7,6.5,22.3,22.0,0.0,kelapa gading
2023-12-12,90.91666666666667,Sedang,12,1,29.4,75.9,5.9,22.3,22.0,0.0,lubang buaya
2023-12-12,77.21991090783236,Sedang,12,1,29.38888888888889,76.3,4.0,13.0,22.4,0.0,us embassy 1
2023-12-12,80.01870094999792,Sedang,12,1,29.3,76.8,6.6,20.9,22.4,0.0,us embassy 2
2023-12-13,78.58333333333333,Sedang,12,2,29.5,73.4,6.5,14.0,25.7,0.0,bundaran hi
2023-12-13,81.04166666666667,Sedang,12,2,29.2,74.1,6.6,14.0,25.7,0.0,jagakarsa
2023-12-13,70.125,Sedang,12,2,29.2,75.7,7.2,14.0,25.7,0.0,kebun jeruk
2023-12-13,63.083333333333336,Sedang,12,2,29.5,74.3,6.5,16.6,25.0,0.0,kelapa gading
2023-12-13,102.04166666666667,Tidak Sehat,12,2,29.4,72.9,6.1,16.6,25.0,0.0,lubang buaya
2023-12-13,72.18509864063266,Sedang,12,2,29.444444444444443,73.5,4.1,8.7,25.7,0.0,us embassy 1
2023-12-13,82.42763829712884,Sedang,12,2,29.4,74.0,6.6,14.0,25.7,0.0,us embassy 2
2023-12-14,86.5,Sedang,12,3,30.0,72.3,6.8,18.0,25.4,0.0,bundaran hi
2023-12-14,73.54166666666667,Sedang,12,3,29.8,72.5,7.0,18.0,25.4,0.0,jagakarsa
2023-12-14,72.875,Sedang,12,3,29.8,73.9,7.6,18.0,25.4,0.0,kebun jeruk
2023-12-14,85.58333333333333,Sedang,12,3,30.0,73.0,6.9,21.2,25.3,0.0,kelapa gading
2023-12-14,103.16666666666667,Tidak Sehat,12,3,29.9,71.6,6.6,21.2,25.3,0.0,lubang buaya
2023-12-14,80.79672418925098,Sedang,12,3,30.0,72.3,4.2,11.2,25.4,0.0,us embassy 1
2023-12-14,88.24942670066868,Sedang,12,3,29.9,72.6,7.0,18.0,25.4,0.0,us embassy 2
2023-12-15,82.0,Sedang,12,4,30.2,67.3,7.4,18.4,24.2,0.0,bundaran hi
2023-12-15,70.0,Sedang,12,4,29.9,67.4,7.8,18.4,24.2,0.0,jagakarsa
2023-12-15,81.16666666666667,Sedang,12,4,29.8,70.6,8.0,18.4,24.2,0.0,kebun jeruk
2023-12-15,85.79166666666667,Sedang,12,4,30.2,67.5,7.6,24.8,23.8,0.0,kelapa gading
2023-12-15,97.875,Sedang,12,4,30.2,65.5,7.6,24.8,23.8,0.0,lubang buaya
2023-12-15,78.17911090813544,Sedang,12,4,30.11111111111111,67.5,4.6,11.4,24.2,0.0,us embassy 1
2023-12-15,77.92558995711109,Sedang,12,4,30.1,67.8,7.6,18.4,24.2,0.0,us embassy 2
2023-12-16,82.08333333333333,Sedang,12,5,30.0,66.6,7.5,18.0,23.9,0.0,bundaran hi
2023-12-16,73.5,Sedang,12,5,29.7,67.1,7.7,18.0,23.9,0.0,jagakarsa
2023-12-16,75.58333333333333,Sedang,12,5,29.5,69.2,8.1,18.0,23.9,0.0,kebun jeruk
2023-12-16,85.625,Sedang,12,5,29.9,66.9,7.7,19.8,23.1,0.0,kelapa gading
2023-12-16,93.04166666666667,Sedang,12,5,30.0,65.6,7.5,19.8,23.1,0.0,lubang buaya
2023-12-16,70.63817133037047,Sedang,12,5,29.944444444444443,66.7,4.7,11.2,23.9,0.0,us embassy 1
2023-12-16,76.63627269929205,Sedang,12,5,29.8,67.1,7.7,18.0,23.9,0.0,us embassy 2
2023-12-17,86.04166666666667,Sedang,12,6,29.9,68.7,7.4,27.7,24.4,0.0,bundaran hi
2023-12-17,75.625,Sedang,12,6,29.6,69.0,7.7,18.0,24.4,0.0,jagakarsa
2023-12-17,79.91666666666667,Sedang,12,6,29.4,71.6,8.0,27.7,24.4,0.0,kebun jeruk
2023-12-17,81.20833333333333,Sedang,12,6,29.9,68.7,7.6,19.8,23.2,0.0,kelapa gading
2023-12-17,89.58333333333333,Sedang,12,6,29.9,67.2,7.4,19.8,23.2,0.0,lubang buaya
2023-12-17,73.13056229522282,Sedang,12,6,29.83333333333333,68.8,4.6,17.2,24.4,0.0,us embassy 1
2023-12-17,76.63627269929205,Sedang,12,6,29.7,69.1,7.6,27.7,24.4,0.0,us embassy 2
2023-12-18,76.16666666666667,Sedang,12,0,30.2,69.7,6.6,19.8,24.5,0.0,bundaran hi
2023-12-18,74.91666666666667,Sedang,12,0,29.9,69.6,6.8,19.8,24.5,0.018,jagakarsa
2023-12-18,70.45833333333333,Sedang,12,0,29.8,72.0,7.2,19.8,24.5,0.0,kebun jeruk
2023-12-18,75.58333333333333,Sedang,12,0,30.2,69.8,6.8,21.2,24.0,0.0,kelapa gading
2023-12-18,94.04166666666667,Sedang,12,0,30.4,67.6,6.4,21.2,24.0,0.0,lubang buaya
2023-12-18,66.80716864253657,Sedang,12,0,30.11111111111111,69.8,4.1,12.3,24.5,0.0,us embassy 1
2023-12-18,76.63627269929205,Sedang,12,0,30.1,69.9,6.8,19.8,24.5,0.0,us embassy 2
2023-12-19,79.33333333333333,Sedang,12,1,30.3,63.1,6.9,23.8,23.8,0.0,bundaran hi
2023-12-19,75.41666666666667,Sedang,12,1,30.1,62.4,7.1,23.8,23.8,0.0,jagakarsa
2023-12-19,68.08333333333333,Sedang,12,1,29.9,64.9,7.5,23.8,23.8,0.0,kebun jeruk
2023-12-19,80.70833333333333,Sedang,12,1,30.3,62.9,7.0,22.7,23.6,0.0,kelapa gading
2023-12-19,87.79166666666667,Sedang,12,1,30.5,60.5,6.8,22.7,23.6,0.0,lubang buaya
2023-12-19,68.10000456864621,Sedang,12,1,30.27777777777778,63.2,4.3,14.8,23.8,0.0,us embassy 1
2023-12-19,72.03643108841742,Sedang,12,1,30.2,63.0,7.1,23.8,23.8,0.0,us embassy 2
2023-12-20,70.75,Sedang,12,2,30.1,57.1,7.8,27.7,27.5,0.0,bundaran hi
2023-12-20,70.0,Sedang,12,2,29.8,57.0,8.3,23.8,27.5,0.0,jagakarsa
2023-12-20,68.20833333333333,Sedang,12,2,29.5,60.2,8.1,27.7,27.5,0.0,kebun jeruk
2023-12-20,78.125,Sedang,12,2,30.1,57.5,8.1,23.0,27.4,0.0,kelapa gading
2023-12-20,77.70833333333333,Sedang,12,2,30.2,54.6,8.3,23.0,27.4,0.0,lubang buaya
2023-12-20,62.21145155765842,Sedang,12,2,30.05555555555556,57.2,4.8,17.2,27.5,0.0,us embassy 1
2023-12-20,68.44743938256573,Sedang,12,2,29.9,57.5,8.0,27.7,27.5,0.0,us embassy 2
2023-12-21,37.833333333333336,Baik,12,3,29.2,62.2,7.6,29.9,25.4,0.0,bundaran hi
2023-12-21,74.41666666666667,Sedang,12,3,29.0,61.9,7.9,29.9,25.4,0.0,jagakarsa
2023-12-21,65.41666666666667,Sedang,12,3,28.8,65.1,8.3,29.9,25.4,0.0,kebun jeruk
2023-12-21,82.375,Sedang,12,3,29.3,62.3,7.8,29.9,24.8,0.0,kelapa gading
2023-12-21,84.625,Sedang,12,3,29.5,59.8,7.6,29.9,24.8,0.0,lubang buaya
2023-12-21,60.74052664663484,Sedang,12,3,29.22222222222222,62.4,4.7,18.6,25.4,0.0,us embassy 1
2023-12-21,68.65040847407411,Sedang,12,3,29.1,62.5,7.9,29.9,25.4,0.0,us embassy 2
2023-12-22,36.333333333333336,Baik,12,4,29.2,66.8,6.7,21.2,21.5,0.0,bundaran hi
2023-12-22,86.45833333333333,Sedang,12,4,29.0,66.3,6.9,21.2,21.5,0.0,jagakarsa
2023-12-22,73.33333333333333,Sedang,12,4,28.9,69.4,7.3,21.2,21.5,0.0,kebun jeruk
2023-12-22,76.875,Sedang,12,4,29.2,67.0,6.8,23.4,21.8,0.0,kelapa gading
2023-12-22,93.29166666666667,Sedang,12,4,29.3,64.2,6.5,23.4,21.8,0.0,lubang buaya
2023-12-22,62.583415436150396,Sedang,12,4,29.166666666666668,67.0,4.2,13.2,21.5,0.0,us embassy 1
2023-12-22,76.54116585316932,Sedang,12,4,29.1,67.0,6.9,21.2,21.5,0.0,us embassy 2
2023-12-23,88.25,Sedang,12,5,30.4,65.7,6.6,21.2,20.7,0.0,bundaran hi
2023-12-23,93.70833333333333,Sedang,12,5,30.1,65.7,6.7,21.2,20.7,0.0,jagakarsa
2023-12-23,83.20833333333333,Sedang,12,5,30.1,67.4,7.1,21.2,20.7,0.0,kebun jeruk
2023-12-23,85.0,Sedang,12,5,30.4,65.9,6.6,23.0,21.4,0.0,kelapa gading
2023-12-23,124.41666666666667,Tidak Sehat,12,5,30.5,64.1,6.3,23.0,21.4,0.0,lubang buaya
2023-12-23,68.15618931079023,Sedang,12,5,30.33333333333333,65.8,4.1,13.2,20.7,0.0,us embassy 1
2023-12-23,84.71322368770826,Sedang,12,5,30.3,65.8,6.7,21.2,20.7,0.0,us embassy 2
2023-12-24,107.75,Tidak Sehat,12,6,30.6,68.7,6.0,29.9,21.6,0.002,bundaran hi
2023-12-24,105.625,Tidak Sehat,12,6,30.2,69.2,5.9,29.9,21.6,1.678,jagakarsa
2023-12-24,104.04166666666667,Tidak Sehat,12,6,30.3,69.7,6.9,29.9,21.6,0.026,kebun jeruk
2023-12-24,100.91666666666667,Tidak Sehat,12,6,30.5,69.1,6.0,26.6,21.9,0.018,kelapa gading
2023-12-24,115.45833333333333,Tidak Sehat,12,6,30.3,68.4,5.3,26.6,21.9,0.106,lubang buaya
2023-12-24,93.10847034080075,Sedang,12,6,30.55555555555556,68.8,3.7,18.6,21.6,0.0,us embassy 1
2023-12-24,106.07355807756856,Tidak Sehat,12,6,30.4,68.9,6.1,29.9,21.6,0.026,us embassy 2
2023-12-25,91.33333333333333,Sedang,12,0,28.7,78.9,5.9,27.0,17.9,35.018,bundaran hi
2023-12-25,82.70833333333333,Sedang,12,0,28.3,79.9,5.8,27.0,17.9,16.365,jagakarsa
2023-12-25,89.70833333333333,Sedang,12,0,28.5,80.8,6.4,27.0,17.9,21.064,kebun jeruk
2023-12-25,84.375,Sedang,12,0,28.6,79.0,6.0,27.0,17.4,14.22,kelapa gading
2023-12-25,97.54166666666667,Sedang,12,0,28.2,79.7,5.4,27.0,17.4,21.358,lubang buaya
2023-12-25,87.96425159118523,Sedang,12,0,28.666666666666668,78.9,3.6,16.8,17.9,1.41,us embassy 1
2023-12-25,105.23547756121883,Tidak Sehat,12,0,28.5,79.5,5.9,27.0,17.9,26.559,us embassy 2
2023-12-26,74.83333333333333,Sedang,12,1,27.9,82.2,5.2,28.4,16.8,0.0,bundaran hi
2023-12-26,72.83333333333333,Sedang,12,1,27.7,82.2,4.9,28.4,16.8,0.857,jagakarsa
2023-12-26,70.08333333333333,Sedang,12,1,27.9,82.9,5.8,28.4,16.8,0.0,kebun jeruk
2023-12-26,76.08333333333333,Sedang,12,1,28.0,81.9,5.2,27.4,17.5,0.0,kelapa gading
2023-12-26,87.08333333333333,Sedang,12,1,27.8,81.8,4.5,27.4,17.5,0.0,lubang buaya
2023-12-26,76.9277731386192,Sedang,12,1,27.944444444444443,82.2,3.2,17.7,16.8,0.0,us embassy 1
2023-12-26,90.48462296664785,Sedang,12,1,27.9,82.2,5.2,28.4,16.8,0.0,us embassy 2
2023-12-27,78.58333333333333,Sedang,12,2,28.3,82.9,5.6,25.6,17.1,2.557,bundaran hi
2023-12-27,77.29166666666667,Sedang,12,2,28.0,83.2,5.4,25.6,17.1,12.262,jagakarsa
2023-12-27,84.5,Sedang,12,2,28.4,83.3,5.9,25.6,17.1,5.354,kebun jeruk
2023-12-27,82.0,Sedang,12,2,28.3,82.8,5.7,25.9,17.3,1.838,kelapa gading
2023-12-27,91.04166666666667,Sedang,12,2,28.1,82.8,5.1,25.9,17.3,4.982,lubang buaya
2023-12-27,77.30409389818138,Sedang,12,2,28.33333333333333,82.9,3.5,15.9,17.1,0.098,us embassy 1
2023-12-27,91.61751459008065,Sedang,12,2,28.2,83.0,5.6,25.6,17.1,4.355,us embassy 2
2023-12-28,76.5,Sedang,12,3,29.1,79.9,5.8,20.9,23.1,0.0,bundaran hi
2023-12-28,73.04166666666667,Sedang,12,3,28.8,80.7,5.5,20.9,23.1,0.706,jagakarsa
2023-12-28,81.875,Sedang,12,3,29.1,80.2,6.4,20.9,23.1,0.0,kebun jeruk
2023-12-28,79.83333333333333,Sedang,12,3,29.1,80.2,5.9,21.6,23.6,0.0,kelapa gading
2023-12-28,61.75,Sedang,12,3,28.8,80.7,5.1,21.6,23.6,0.0,lubang buaya
2023-12-28,70.54048115049478,Sedang,12,3,29.11111111111111,79.9,3.6,13.0,23.1,0.0,us embassy 1
2023-12-28,89.40093994249072,Sedang,12,3,29.0,80.2,5.8,20.9,23.1,0.0,us embassy 2
2023-12-29,83.375,Sedang,12,4,28.8,81.8,5.5,26.3,20.0,0.033,bundaran hi
2023-12-29,79.79166666666667,Sedang,12,4,28.5,82.8,5.1,26.3,20.0,2.604,jagakarsa
2023-12-29,81.95833333333333,Sedang,12,4,28.8,82.2,5.8,26.3,20.0,1.029,kebun jeruk
2023-12-29,85.58333333333333,Sedang,12,4,28.9,81.9,5.4,27.7,21.1,0.23,kelapa gading
2023-12-29,92.125,Sedang,12,4,28.5,82.9,4.7,27.7,21.1,0.981,lubang buaya
2023-12-29,69.54086093501735,Sedang,12,4,28.88888888888889,81.8,3.4,16.3,20.0,0.0,us embassy 1
2023-12-29,86.13500208691545,Sedang,12,4,28.7,82.2,5.4,26.3,20.0,0.69,us embassy 2
2023-12-30,82.375,Sedang,12,5,28.4,84.5,5.8,25.2,20.2,2.081,bundaran hi
2023-12-30,78.20833333333333,Sedang,12,5,27.9,86.0,5.5,25.2,20.2,9.11,jagakarsa
2023-12-30,85.875,Sedang,12,5,28.3,85.7,6.3,25.2,20.2,5.532,kebun jeruk
2023-12-30,84.41666666666667,Sedang,12,5,28.2,85.2,5.8,25.6,20.2,1.768,kelapa gading
2023-12-30,93.875,Sedang,12,5,27.8,86.6,5.1,25.6,20.2,4.265,lubang buaya
2023-12-30,69.54086093501735,Sedang,12,5,28.38888888888889,84.5,3.6,15.7,20.2,0.079,us embassy 1
2023-12-30,95.39532966325085,Sedang,12,5,28.2,85.2,5.8,25.2,20.2,3.898,us embassy 2
2023-12-31,82.45833333333333,Sedang,12,6,28.3,81.9,5.6,26.6,16.9,1.956,bundaran hi
2023-12-31,76.16666666666667,Sedang,12,6,28.0,83.1,5.6,26.6,16.9,3.083,jagakarsa
2023-12-31,89.125,Sedang,12,6,28.3,83.5,6.0,26.6,16.9,1.553,kebun jeruk
2023-12-31,85.5,Sedang,12,6,28.4,82.2,5.8,27.4,17.2,0.858,kelapa gading
2023-12-31,90.125,Sedang,12,6,28.1,82.6,5.4,27.4,17.2,1.356,lubang buaya
2023-12-31,69.54086093501735,Sedang,12,6,28.38888888888889,81.9,3.5,16.6,16.9,0.078,us embassy 1
2023-12-31,96.42213694249875,Sedang,12,6,28.3,82.5,5.7,26.6,16.9,1.641,us embassy 2
2024-01-01,88.20833333333333,Sedang,1,0,28.8,80.7,5.4,22.7,17.7,1.972,bundaran hi
2024-01-01,88.91666666666667,Sedang,1,0,28.5,81.5,5.3,22.7,17.7,3.778,jagakarsa
2024-01-01,98.58333333333333,Sedang,1,0,28.7,82.9,5.9,22.7,17.7,1.682,kebun jeruk
2024-01-01,99.91666666666667,Sedang,1,0,28.8,80.9,5.5,23.8,18.8,1.303,kelapa gading
2024-01-01,104.91666666666667,Tidak Sehat,1,0,28.7,80.6,5.0,23.8,18.8,1.566,lubang buaya
2024-01-01,69.54086093501735,Sedang,1,0,28.83333333333333,80.8,3.4,14.1,17.7,0.079,us embassy 1
2024-01-01,99.11116539043441,Sedang,1,0,28.7,81.3,5.5,22.7,17.7,1.752,us embassy 2
2024-01-02,80.375,Sedang,1,1,29.1,81.7,6.8,19.4,15.1,0.0,bundaran hi
2024-01-02,73.0,Sedang,1,1,28.9,82.5,6.8,19.4,15.1,1.589,jagakarsa
2024-01-02,71.875,Sedang,1,1,29.1,82.8,7.4,19.4,15.1,0.0,kebun jeruk
2024-01-02,77.5,Sedang,1,1,29.1,82.1,6.8,16.9,15.8,0.0,kelapa gading
2024-01-02,83.20833333333333,Sedang,1,1,29.0,82.1,6.5,16.9,15.8,0.0,lubang buaya
2024-01-02,66.7096078570641,Sedang,1,1,29.11111111111111,81.7,4.2,12.1,15.1,0.0,us embassy 1
2024-01-02,85.17265259053131,Sedang,1,1,29.0,82.1,6.9,19.4,15.1,0.0,us embassy 2
2024-01-03,75.41666666666667,Sedang,1,2,27.7,87.7,5.4,22.0,9.5,11.496,bundaran hi
2024-01-03,64.04166666666667,Sedang,1,2,27.4,88.1,5.1,22.0,9.5,7.962,jagakarsa
2024-01-03,57.75,Sedang,1,2,27.4,90.0,5.6,22.0,9.5,9.324,kebun jeruk
2024-01-03,61.0,Sedang,1,2,27.6,87.9,5.2,23.0,9.8,13.134,kelapa gading
2024-01-03,72.0,Sedang,1,2,27.6,87.1,4.9,23.0,9.8,10.809,lubang buaya
2024-01-03,59.968417200244254,Sedang,1,2,27.666666666666668,87.8,3.4,13.6,9.5,0.452,us embassy 1
2024-01-03,69.28684894116198,Sedang,1,2,27.6,88.2,5.3,22.0,9.5,10.601,us embassy 2
2024-01-04,51.416666666666664,Sedang,1,3,27.2,87.7,5.8,31.3,10.3,28.679,bundaran hi
2024-01-04,70.625,Sedang,1,3,27.0,88.0,5.8,31.3,10.3,26.005,jagakarsa
2024-01-04,63.166666666666664,Sedang,1,3,27.0,88.8,6.2,31.3,10.3,24.449,kebun jeruk
2024-01-04,67.875,Sedang,1,3,27.2,87.8,5.7,31.3,10.8,21.835,kelapa gading
2024-01-04,77.16666666666667,Sedang,1,3,27.1,87.6,5.5,31.3,10.8,23.886,lubang buaya
2024-01-04,60.12871766183886,Sedang,1,3,27.22222222222222,87.7,3.6,19.5,10.3,1.14,us embassy 1
2024-01-04,72.8340324232053,Sedang,1,3,27.1,88.0,5.9,31.3,10.3,25.856,us embassy 2
2024-01-05,74.0,Sedang,1,4,27.6,84.7,5.6,38.9,18.2,3.811,bundaran hi
2024-01-05,73.0,Sedang,1,4,27.3,85.4,5.5,19.1,18.2,17.214,jagakarsa
2024-01-05,69.0,Sedang,1,4,27.6,85.1,6.2,38.9,18.2,18.618,kebun jeruk
2024-01-05,76.0,Sedang,1,4,27.6,85.3,5.6,20.5,18.0,8.436,kelapa gading
2024-01-05,87.0,Sedang,1,4,27.3,85.9,5.1,20.5,18.0,11.579,lubang buaya
2024-01-05,68.14914886911953,Sedang,1,4,27.61111111111111,84.7,3.5,24.2,18.2,0.133,us embassy 1
2024-01-05,76.0217090276106,Sedang,1,4,27.6,85.1,5.6,38.9,18.2,10.64,us embassy 2
2024-01-06,72.66666666666667,Sedang,1,5,27.6,85.2,5.4,25.6,20.5,0.625,bundaran hi
2024-01-06,72.33333333333333,Sedang,1,5,27.3,86.1,5.0,25.6,20.5,5.715,jagakarsa
2024-01-06,69.0,Sedang,1,5,27.5,86.5,6.1,25.6,20.5,1.781,kebun jeruk
2024-01-06,76.0,Sedang,1,5,27.6,85.3,5.4,20.9,19.4,0.494,kelapa gading
2024-01-06,86.0,Sedang,1,5,27.3,86.3,4.5,20.9,19.4,1.1,lubang buaya
2024-01-06,69.54086093501735,Sedang,1,5,27.61111111111111,85.3,3.4,15.9,20.5,0.024,us embassy 1
2024-01-06,76.63627269929205,Sedang,1,5,27.5,85.8,5.4,25.6,20.5,1.092,us embassy 2
2024-01-07,73.66666666666667,Sedang,1,6,27.2,87.6,5.5,25.9,18.1,0.002,bundaran hi
2024-01-07,71.95833333333333,Sedang,1,6,26.7,89.2,5.0,25.9,18.1,3.287,jagakarsa
2024-01-07,82.5,Sedang,1,6,27.2,88.3,6.1,25.9,18.1,0.044,kebun jeruk
2024-01-07,82.95833333333333,Sedang,1,6,27.1,88.2,5.3,26.3,18.4,0.011,kelapa gading
2024-01-07,83.95833333333333,Sedang,1,6,26.6,90.0,4.3,26.3,18.4,0.046,lubang buaya
2024-01-07,74.17222591577165,Sedang,1,6,27.22222222222222,87.5,3.4,16.1,18.1,0.0,us embassy 1
2024-01-07,88.91348527749739,Sedang,1,6,27.0,88.3,5.4,25.9,18.1,0.03,us embassy 2
2024-01-08,60.75,Sedang,1,0,27.7,81.7,6.0,25.6,15.8,0.0,bundaran hi
2024-01-08,71.5,Sedang,1,0,27.5,82.0,6.1,25.6,15.8,4.237,jagakarsa
2024-01-08,64.58333333333333,Sedang,1,0,27.5,83.6,6.7,25.6,15.8,0.0,kebun jeruk
2024-01-08,63.833333333333336,Sedang,1,0,27.7,81.6,6.1,23.4,15.0,0.0,kelapa gading
2024-01-08,75.70833333333333,Sedang,1,0,27.7,80.7,5.6,23.4,15.0,0.0,lubang buaya
2024-01-08,64.24790622095115,Sedang,1,0,27.722222222222225,81.8,3.8,15.9,15.8,0.0,us embassy 1
2024-01-08,78.11690787184763,Sedang,1,0,27.7,82.0,6.1,25.6,15.8,0.0,us embassy 2
2024-01-09,48.25,Baik,1,1,28.4,79.1,6.3,19.8,19.5,0.0,bundaran hi
2024-01-09,70.125,Sedang,1,1,28.0,79.7,6.3,19.8,19.5,0.202,jagakarsa
2024-01-09,77.04166666666667,Sedang,1,1,28.3,80.2,7.1,19.8,19.5,0.0,kebun jeruk
2024-01-09,63.375,Sedang,1,1,28.3,79.5,6.3,19.1,20.2,0.0,kelapa gading
2024-01-09,78.5,Sedang,1,1,28.1,79.3,5.7,19.1,20.2,0.0,lubang buaya
2024-01-09,56.77108746659468,Sedang,1,1,28.38888888888889,79.1,3.9,12.3,19.5,0.0,us embassy 1
2024-01-09,73.3056050460879,Sedang,1,1,28.2,79.5,6.5,19.8,19.5,0.0,us embassy 2
2024-01-10,63.25,Sedang,1,2,28.4,81.5,6.2,37.1,19.3,0.208,bundaran hi
2024-01-10,65.75,Sedang,1,2,28.0,82.8,6.2,37.1,19.3,15.411,jagakarsa
2024-01-10,71.66666666666667,Sedang,1,2,28.3,83.3,6.7,37.1,19.3,6.437,kebun jeruk
2024-01-10,73.91666666666667,Sedang,1,2,28.4,82.0,6.3,37.1,19.4,1.439,kelapa gading
2024-01-10,82.41666666666667,Sedang,1,2,28.0,82.3,5.8,37.1,19.4,6.135,lubang buaya
2024-01-10,63.84662350844612,Sedang,1,2,28.444444444444443,81.5,3.8,23.0,19.3,0.001,us embassy 1
2024-01-10,71.78410751345992,Sedang,1,2,28.3,82.2,6.3,37.1,19.3,4.315,us embassy 2
2024-01-11,60.958333333333336,Sedang,1,3,27.5,87.1,6.1,23.0,15.7,41.078,bundaran hi
2024-01-11,77.04166666666667,Sedang,1,3,27.3,87.6,6.2,23.0,15.7,21.409,jagakarsa
2024-01-11,63.583333333333336,Sedang,1,3,27.5,87.7,6.5,23.0,15.7,25.925,kebun jeruk
2024-01-11,60.958333333333336,Sedang,1,3,27.5,87.0,6.2,23.4,16.6,23.102,kelapa gading
2024-01-11,82.625,Sedang,1,3,27.4,87.3,6.0,23.4,16.6,27.877,lubang buaya
2024-01-11,64.10748581752559,Sedang,1,3,27.5,87.1,3.8,14.3,15.7,1.647,us embassy 1
2024-01-11,79.32945634871861,Sedang,1,3,27.4,87.3,6.2,23.0,15.7,32.327,us embassy 2
2024-01-12,40.875,Baik,1,4,27.6,83.3,6.6,38.9,12.2,0.078,bundaran hi
2024-01-12,57.291666666666664,Sedang,1,4,27.2,84.7,6.7,38.9,12.2,2.001,jagakarsa
2024-01-12,36.958333333333336,Baik,1,4,27.4,85.1,7.3,38.9,12.2,0.604,kebun jeruk
2024-01-12,45.125,Baik,1,4,27.6,84.1,6.6,38.9,13.0,2.22,kelapa gading
2024-01-12,60.75,Sedang,1,4,27.2,85.2,6.3,38.9,13.0,1.011,lubang buaya
2024-01-12,46.87277493421313,Baik,1,4,27.61111111111111,83.3,4.1,24.2,12.2,0.001,us embassy 1
2024-01-12,44.261713034490896,Baik,1,4,27.5,84.2,6.7,38.9,12.2,0.521,us embassy 2
2024-01-13,74.0,Sedang,1,5,27.8,82.0,6.7,23.0,15.8,2.585,bundaran hi
2024-01-13,73.0,Sedang,1,5,27.6,82.2,6.9,23.0,15.8,13.624,jagakarsa
2024-01-13,69.0,Sedang,1,5,27.7,84.1,7.4,23.0,15.8,17.736,kebun jeruk
2024-01-13,76.0,Sedang,1,5,27.8,82.1,6.9,20.9,16.8,9.56,kelapa gading
2024-01-13,87.0,Sedang,1,5,27.7,80.9,6.4,20.9,16.8,10.953,lubang buaya
2024-01-13,40.93823272964169,Baik,1,5,27.83333333333333,82.1,4.2,14.3,15.8,0.082,us embassy 1
2024-01-13,68.54557580033533,Sedang,1,5,27.7,82.4,6.9,23.0,15.8,9.569,us embassy 2
2024-01-14,74.0,Sedang,1,6,28.5,80.2,7.1,20.9,22.9,0.002,bundaran hi
2024-01-14,73.0,Sedang,1,6,28.2,81.3,7.3,20.9,22.9,2.545,jagakarsa
2024-01-14,69.0,Sedang,1,6,28.3,82.2,7.6,20.9,22.9,0.069,kebun jeruk
2024-01-14,76.0,Sedang,1,6,28.5,80.8,7.2,24.1,23.1,0.015,kelapa gading
2024-01-14,87.0,Sedang,1,6,28.3,80.6,7.1,24.1,23.1,0.065,lubang buaya
2024-01-14,50.33840425861411,Sedang,1,6,28.55555555555556,80.3,4.4,13.0,22.9,0.0,us embassy 1
2024-01-14,59.2334622426882,Sedang,1,6,28.4,80.9,7.3,20.9,22.9,0.046,us embassy 2
2024-01-15,69.45833333333333,Sedang,1,0,29.0,78.9,6.9,26.6,20.7,0.0,bundaran hi
2024-01-15,76.58333333333333,Sedang,1,0,28.8,79.6,7.1,26.6,20.7,0.0,jagakarsa
2024-01-15,77.0,Sedang,1,0,28.9,81.0,7.2,26.6,20.7,0.0,kebun jeruk
2024-01-15,68.54166666666667,Sedang,1,0,29.0,79.4,7.1,27.4,20.8,0.0,kelapa gading
2024-01-15,80.16666666666667,Sedang,1,0,29.0,78.8,6.9,27.4,20.8,0.0,lubang buaya
2024-01-15,61.76696609515176,Sedang,1,0,29.0,79.0,4.3,16.6,20.7,0.0,us embassy 1
2024-01-15,74.8626877088692,Sedang,1,0,29.0,79.5,7.0,26.6,20.7,0.0,us embassy 2
2024-01-16,54.833333333333336,Sedang,1,1,29.5,73.3,7.3,38.9,22.0,0.0,bundaran hi
2024-01-16,63.75,Sedang,1,1,29.2,73.6,7.7,38.9,22.0,0.009,jagakarsa
2024-01-16,54.875,Sedang,1,1,29.2,76.3,8.0,38.9,22.0,0.0,kebun jeruk
2024-01-16,54.291666666666664,Sedang,1,1,29.5,73.7,7.6,38.9,22.8,0.0,kelapa gading
2024-01-16,66.20833333333333,Sedang,1,1,29.5,71.7,7.5,38.9,22.8,0.0,lubang buaya
2024-01-16,40.61000767998311,Baik,1,1,29.55555555555556,73.5,4.5,24.2,22.0,0.0,us embassy 1
2024-01-16,62.473463185461526,Sedang,1,1,29.4,73.8,7.6,38.9,22.0,0.0,us embassy 2
2024-01-17,52.458333333333336,Sedang,1,2,27.5,87.2,6.3,32.0,14.6,2.242,bundaran hi
2024-01-17,65.83333333333333,Sedang,1,2,27.0,89.1,6.2,32.0,14.6,4.923,jagakarsa
2024-01-17,52.833333333333336,Sedang,1,2,27.4,89.1,6.7,32.0,14.6,4.098,kebun jeruk
2024-01-17,52.208333333333336,Sedang,1,2,27.3,88.3,6.2,35.6,14.9,8.703,kelapa gading
2024-01-17,58.041666666666664,Sedang,1,2,26.8,89.7,5.6,35.6,14.9,5.079,lubang buaya
2024-01-17,61.970512540951916,Sedang,1,2,27.555555555555557,87.1,3.9,19.9,14.6,0.08,us embassy 1
2024-01-17,58.21541213927005,Sedang,1,2,27.3,88.4,6.3,32.0,14.6,3.651,us embassy 2
2024-01-18,74.0,Sedang,1,3,27.9,80.7,6.8,44.6,13.3,0.593,bundaran hi
2024-01-18,73.0,Sedang,1,3,27.5,81.4,7.2,44.6,13.3,7.585,jagakarsa
2024-01-18,69.0,Sedang,1,3,27.6,83.3,7.0,44.6,13.3,10.679,kebun jeruk
2024-01-18,76.0,Sedang,1,3,27.8,80.8,7.1,44.6,14.3,2.101,kelapa gading
2024-01-18,87.0,Sedang,1,3,27.6,80.5,7.1,44.6,14.3,5.102,lubang buaya
2024-01-18,54.454114198115036,Sedang,1,3,27.88888888888889,80.8,4.2,27.7,13.3,0.013,us embassy 1
2024-01-18,72.35990311743872,Sedang,1,3,27.7,81.4,7.0,44.6,13.3,4.903,us embassy 2
2024-01-19,44.958333333333336,Baik,1,4,25.6,90.7,5.6,37.8,7.3,15.663,bundaran hi
2024-01-19,48.166666666666664,Baik,1,4,25.3,91.1,5.6,37.8,7.3,22.878,jagakarsa
2024-01-19,42.833333333333336,Baik,1,4,25.4,92.4,5.6,37.8,7.3,18.951,kebun jeruk
2024-01-19,47.583333333333336,Baik,1,4,25.5,90.9,5.7,43.2,8.4,14.906,kelapa gading
2024-01-19,54.5,Sedang,1,4,25.5,90.5,5.6,43.2,8.4,17.502,lubang buaya
2024-01-19,25.25746330252012,Baik,1,4,25.55555555555556,90.8,3.5,23.5,7.3,0.614,us embassy 1
2024-01-19,49.286049153588834,Baik,1,4,25.5,91.2,5.6,37.8,7.3,17.338,us embassy 2
2024-01-20,28.333333333333332,Baik,1,5,29.1,71.2,7.4,48.2,18.4,0.041,bundaran hi
2024-01-20,40.916666666666664,Baik,1,5,28.7,72.0,7.8,48.2,18.4,2.973,jagakarsa
2024-01-20,28.916666666666668,Baik,1,5,28.8,73.8,8.1,48.2,18.4,1.26,kebun jeruk
2024-01-20,32.041666666666664,Baik,1,5,29.0,71.5,7.7,48.2,19.9,0.282,kelapa gading
2024-01-20,40.875,Baik,1,5,28.9,70.9,7.5,48.2,19.9,1.201,lubang buaya
2024-01-20,19.647973078873083,Baik,1,5,29.11111111111111,71.2,4.6,30.0,18.4,0.0,us embassy 1
2024-01-20,41.48132609410728,Baik,1,5,29.0,71.9,7.7,48.2,18.4,0.845,us embassy 2
2024-01-21,46.166666666666664,Baik,1,6,28.0,81.3,6.4,50.0,21.5,6.916,bundaran hi
2024-01-21,63.0,Sedang,1,6,27.6,82.4,6.6,50.0,21.5,7.282,jagakarsa
2024-01-21,45.708333333333336,Baik,1,6,27.8,83.7,6.8,50.0,21.5,6.182,kebun jeruk
2024-01-21,45.625,Baik,1,6,27.9,82.1,6.5,50.0,22.1,4.667,kelapa gading
2024-01-21,43.833333333333336,Baik,1,6,27.7,81.4,6.2,50.0,22.1,6.193,lubang buaya
2024-01-21,26.03985123031792,Baik,1,6,28.000000000000004,81.4,4.0,31.1,21.5,0.275,us embassy 1
2024-01-21,53.481812355418064,Sedang,1,6,27.8,82.1,6.5,50.0,21.5,6.527,us embassy 2
2024-01-22,29.875,Baik,1,0,29.4,72.1,7.1,48.2,17.2,0.002,bundaran hi
2024-01-22,40.25,Baik,1,0,29.0,72.8,7.5,40.7,17.2,0.883,jagakarsa
2024-01-22,28.833333333333332,Baik,1,0,29.0,75.1,7.9,48.2,17.2,0.026,kebun jeruk
2024-01-22,32.625,Baik,1,0,29.2,72.8,7.3,40.7,17.7,0.018,kelapa gading
2024-01-22,51.875,Sedang,1,0,29.2,71.3,7.0,40.7,17.7,0.106,lubang buaya
2024-01-22,19.960090005990278,Baik,1,0,29.38888888888889,72.2,4.5,30.0,17.2,0.0,us embassy 1
2024-01-22,51.19582067016515,Sedang,1,0,29.2,72.9,7.4,48.2,17.2,0.026,us embassy 2
2024-01-23,42.083333333333336,Baik,1,1,29.3,74.4,7.3,44.6,18.9,0.002,bundaran hi
2024-01-23,55.708333333333336,Sedang,1,1,28.8,75.5,7.6,44.6,18.9,3.443,jagakarsa
2024-01-23,42.583333333333336,Baik,1,1,29.0,76.6,8.2,44.6,18.9,0.04,kebun jeruk
2024-01-23,46.916666666666664,Baik,1,1,29.2,74.7,7.5,44.6,19.8,0.026,kelapa gading
2024-01-23,63.416666666666664,Sedang,1,1,29.0,74.6,7.2,44.6,19.8,0.159,lubang buaya
2024-01-23,24.6408941998087,Baik,1,1,29.27777777777778,74.4,4.6,27.7,18.9,0.0,us embassy 1
2024-01-23,51.74596389501906,Sedang,1,1,29.1,75.1,7.6,44.6,18.9,0.04,us embassy 2
2024-01-24,43.583333333333336,Baik,1,2,29.3,71.8,7.8,40.7,20.7,0.0,bundaran hi
2024-01-24,66.25,Sedang,1,2,28.8,73.3,8.2,40.7,20.7,0.088,jagakarsa
2024-01-24,51.125,Sedang,1,2,28.8,75.3,8.4,40.7,20.7,0.0,kebun jeruk
2024-01-24,47.416666666666664,Baik,1,2,29.1,72.8,8.2,40.7,22.1,0.0,kelapa gading
2024-01-24,66.04166666666667,Sedang,1,2,28.9,72.2,8.1,40.7,22.1,0.0,lubang buaya
2024-01-24,27.316803061521483,Baik,1,2,29.27777777777778,71.9,4.9,25.3,20.7,0.0,us embassy 1
2024-01-24,52.610074036635694,Sedang,1,2,29.1,72.9,8.1,40.7,20.7,0.0,us embassy 2
2024-01-25,52.791666666666664,Sedang,1,3,29.7,73.7,7.4,27.4,23.2,0.0,bundaran hi
2024-01-25,56.083333333333336,Sedang,1,3,29.3,74.2,7.6,27.4,23.2,0.0,jagakarsa
2024-01-25,56.125,Sedang,1,3,29.3,76.4,8.0,27.4,23.2,0.0,kebun jeruk
2024-01-25,54.208333333333336,Sedang,1,3,29.6,74.2,7.6,29.5,23.5,0.0,kelapa gading
2024-01-25,60.541666666666664,Sedang,1,3,29.5,72.9,7.4,29.5,23.5,0.0,lubang buaya
2024-01-25,36.67949632472409,Baik,1,3,29.666666666666668,73.7,4.6,17.0,23.2,0.0,us embassy 1
2024-01-25,57.385271038474094,Sedang,1,3,29.5,74.3,7.6,27.4,23.2,0.0,us embassy 2
2024-01-26,56.041666666666664,Sedang,1,4,29.0,78.6,6.9,37.1,19.9,0.005,bundaran hi
2024-01-26,59.458333333333336,Sedang,1,4,28.7,79.1,7.0,37.1,19.9,5.12,jagakarsa
2024-01-26,54.208333333333336,Sedang,1,4,28.8,80.6,7.5,37.1,19.9,0.079,kebun jeruk
2024-01-26,65.0,Sedang,1,4,28.9,79.2,7.1,37.1,19.5,0.053,kelapa gading
2024-01-26,71.83333333333333,Sedang,1,4,28.9,77.9,6.7,37.1,19.5,0.317,lubang buaya
2024-01-26,51.5036133732175,Sedang,1,4,29.0,78.7,4.3,23.0,19.9,0.0,us embassy 1
2024-01-26,60.824207136857645,Sedang,1,4,28.9,79.1,7.0,37.1,19.9,0.079,us embassy 2
2024-01-27,33.958333333333336,Baik,1,5,26.2,91.7,5.6,30.6,15.4,19.251,bundaran hi
2024-01-27,57.75,Sedang,1,5,25.9,92.1,5.6,30.6,15.4,27.385,jagakarsa
2024-01-27,40.083333333333336,Baik,1,5,25.9,92.9,5.6,30.6,15.4,31.103,kebun jeruk
2024-01-27,40.875,Baik,1,5,26.2,91.7,5.7,33.5,15.8,37.891,kelapa gading
2024-01-27,55.208333333333336,Sedang,1,5,26.1,91.8,5.6,33.5,15.8,29.564,lubang buaya
2024-01-27,41.27812694415879,Baik,1,5,26.166666666666664,91.7,3.5,19.0,15.4,0.73,us embassy 1
2024-01-27,58.13124607638186,Sedang,1,5,26.1,92.1,5.6,30.6,15.4,25.919,us embassy 2
2024-01-28,46.166666666666664,Baik,1,6,26.9,88.6,5.6,37.1,17.2,15.439,bundaran hi
2024-01-28,59.291666666666664,Sedang,1,6,26.6,89.5,5.3,37.1,17.2,27.599,jagakarsa
2024-01-28,60.583333333333336,Sedang,1,6,27.0,88.9,6.1,37.1,17.2,19.938,kebun jeruk
2024-01-28,49.916666666666664,Baik,1,6,26.8,89.3,5.6,37.1,16.5,25.736,kelapa gading
2024-01-28,55.0,Sedang,1,6,26.6,89.6,4.9,37.1,16.5,23.139,lubang buaya
2024-01-28,42.947982529195826,Baik,1,6,26.944444444444443,88.5,3.5,23.0,17.2,0.592,us embassy 1
2024-01-28,61.1550099092328,Sedang,1,6,26.9,89.0,5.6,37.1,17.2,19.438,us embassy 2
2024-01-29,6.375,Baik,1,0,26.7,89.9,5.7,24.8,11.2,17.096,bundaran hi
2024-01-29,6.75,Baik,1,0,26.5,90.7,5.5,24.8,11.2,15.824,jagakarsa
2024-01-29,54.5,Sedang,1,0,26.9,90.5,5.9,24.8,11.2,19.423,kebun jeruk
2024-01-29,50.833333333333336,Sedang,1,0,26.6,90.5,5.8,27.4,11.0,18.452,kelapa gading
2024-01-29,62.708333333333336,Sedang,1,0,26.4,91.1,5.3,27.4,11.0,18.03,lubang buaya
2024-01-29,40.88824149407526,Baik,1,0,26.722222222222214,89.9,3.5,15.4,11.2,0.67,us embassy 1
2024-01-29,64.17608014282688,Sedang,1,0,26.6,90.4,5.7,24.8,11.2,17.96,us embassy 2
2024-01-30,36.458333333333336,Baik,1,1,27.2,88.1,5.6,35.3,10.8,34.905,bundaran hi
2024-01-30,67.0,Sedang,1,1,27.0,87.8,5.4,24.1,10.8,31.819,jagakarsa
2024-01-30,62.833333333333336,Sedang,1,1,27.1,89.5,6.0,35.3,10.8,34.867,kebun jeruk
2024-01-30,61.125,Sedang,1,1,27.2,87.9,5.6,28.1,11.3,31.812,kelapa gading
2024-01-30,80.33333333333333,Sedang,1,1,27.2,86.9,5.1,28.1,11.3,33.881,lubang buaya
2024-01-30,53.665534412044764,Sedang,1,1,27.22222222222222,88.2,3.5,21.9,10.8,1.376,us embassy 1
2024-01-30,72.31493930077887,Sedang,1,1,27.2,88.1,5.6,35.3,10.8,34.58,us embassy 2
2024-01-31,47.541666666666664,Baik,1,2,27.4,85.7,5.4,29.2,13.3,84.661,bundaran hi
2024-01-31,55.541666666666664,Sedang,1,2,27.1,86.3,5.1,29.2,13.3,55.235,jagakarsa
2024-01-31,48.041666666666664,Baik,1,2,27.4,86.9,5.8,29.2,13.3,59.596,kebun jeruk
2024-01-31,45.166666666666664,Baik,1,2,27.3,86.2,5.2,27.4,12.4,61.727,kelapa gading
2024-01-31,59.916666666666664,Sedang,1,2,27.1,86.1,4.7,27.4,12.4,62.631,lubang buaya
2024-01-31,43.832428028870766,Baik,1,2,27.38888888888889,85.6,3.4,18.1,13.3,3.377,us embassy 1
2024-01-31,62.54509274227561,Sedang,1,2,27.3,86.1,5.3,29.2,13.3,70.403,us embassy 2
2024-02-01,66.70833333333333,Sedang,2,3,27.6,85.3,5.7,31.0,17.4,0.428,bundaran hi
2024-02-01,67.08333333333333,Sedang,2,3,27.2,86.0,5.5,31.0,17.4,7.145,jagakarsa
2024-02-01,74.5,Sedang,2,3,27.6,86.5,6.1,31.0,17.4,4.237,kebun jeruk
2024-02-01,27.5,Baik,2,3,27.5,85.6,5.7,32.4,18.2,11.341,kelapa gading
2024-02-01,82.625,Sedang,2,3,27.2,85.6,5.1,32.4,18.2,5.875,lubang buaya
2024-02-01,59.59440557868749,Sedang,2,3,27.555555555555557,85.3,3.5,19.2,17.4,0.003,us embassy 1
2024-02-01,74.97343050554296,Sedang,2,3,27.5,85.7,5.7,31.0,17.4,3.266,us embassy 2
2024-02-02,64.375,Sedang,2,4,28.0,84.1,6.0,28.8,18.8,39.697,bundaran hi
2024-02-02,55.333333333333336,Sedang,2,4,27.8,84.4,6.0,28.8,18.8,24.64,jagakarsa
2024-02-02,71.25,Sedang,2,4,28.3,84.0,6.8,28.8,18.8,28.681,kebun jeruk
2024-02-02,53.916666666666664,Sedang,2,4,27.9,84.6,6.1,27.7,20.1,38.91,kelapa gading
2024-02-02,63.791666666666664,Sedang,2,4,27.6,84.8,5.4,27.7,20.1,33.734,lubang buaya
2024-02-02,62.08687820129196,Sedang,2,4,28.000000000000004,84.1,3.8,17.9,18.8,1.574,us embassy 1
2024-02-02,72.68430155719491,Sedang,2,4,28.0,84.2,6.1,28.8,18.8,34.457,us embassy 2
2024-02-03,52.791666666666664,Sedang,2,5,27.5,84.8,6.5,25.9,10.1,0.001,bundaran hi
2024-02-03,45.875,Baik,2,5,27.2,85.3,6.6,25.9,10.1,2.795,jagakarsa
2024-02-03,50.791666666666664,Sedang,2,5,27.4,86.9,7.4,25.9,10.1,0.017,kebun jeruk
2024-02-03,55.083333333333336,Sedang,2,5,27.4,84.9,6.7,25.2,10.5,0.004,kelapa gading
2024-02-03,55.958333333333336,Sedang,2,5,27.3,84.5,6.1,25.2,10.5,0.016,lubang buaya
2024-02-03,49.79228636412145,Baik,2,5,27.444444444444446,84.9,4.1,16.1,10.1,0.0,us embassy 1
2024-02-03,60.93425251987656,Sedang,2,5,27.4,85.3,6.7,25.9,10.1,0.011,us embassy 2
2024-02-04,44.083333333333336,Baik,2,6,27.7,82.7,6.9,61.2,13.1,14.649,bundaran hi
2024-02-04,50.0,Baik,2,6,27.4,83.0,7.3,61.2,13.1,9.893,jagakarsa
2024-02-04,29.833333333333332,Baik,2,6,27.4,85.5,7.2,61.2,13.1,10.523,kebun jeruk
2024-02-04,48.375,Baik,2,6,27.7,82.7,7.2,61.2,13.2,6.514,kelapa gading
2024-02-04,47.875,Baik,2,6,27.6,81.6,7.1,61.2,13.2,9.946,lubang buaya
2024-02-04,24.768646373775784,Baik,2,6,27.666666666666668,82.9,4.3,38.0,13.1,0.588,us embassy 1
2024-02-04,53.84514776648518,Sedang,2,6,27.6,83.2,7.1,61.2,13.1,11.941,us embassy 2
2024-02-05,57.916666666666664,Sedang,2,0,27.5,86.2,5.7,29.5,15.0,0.627,bundaran hi
2024-02-05,69.33333333333333,Sedang,2,0,27.2,87.1,5.6,29.5,15.0,5.682,jagakarsa
2024-02-05,56.375,Sedang,2,0,27.6,86.9,6.2,29.5,15.0,1.692,kebun jeruk
2024-02-05,64.0,Sedang,2,0,27.5,86.7,5.7,32.4,15.8,0.538,kelapa gading
2024-02-05,67.70833333333333,Sedang,2,0,27.1,87.1,5.1,32.4,15.8,1.643,lubang buaya
2024-02-05,41.97745301991642,Baik,2,0,27.555555555555557,86.1,3.6,18.3,15.0,0.024,us embassy 1
2024-02-05,58.04671827572983,Sedang,2,0,27.4,86.7,5.7,29.5,15.0,1.346,us embassy 2
2024-02-06,63.875,Sedang,2,1,26.5,88.7,5.6,42.5,14.0,9.979,bundaran hi
2024-02-06,74.875,Sedang,2,1,26.2,89.9,5.4,42.5,14.0,9.235,jagakarsa
2024-02-06,73.66666666666667,Sedang,2,1,26.4,90.6,6.0,42.5,14.0,10.33,kebun jeruk
2024-02-06,58.708333333333336,Sedang,2,1,26.5,89.0,5.6,46.1,15.9,8.995,kelapa gading
2024-02-06,78.33333333333333,Sedang,2,1,26.3,89.6,4.9,46.1,15.9,9.699,lubang buaya
2024-02-06,59.37554684604772,Sedang,2,1,26.55555555555556,88.7,3.5,26.4,14.0,0.394,us embassy 1
2024-02-06,80.18554551054058,Sedang,2,1,26.4,89.4,5.6,42.5,14.0,9.979,us embassy 2
2024-02-07,53.083333333333336,Sedang,2,2,27.8,80.2,6.4,30.6,20.1,0.0,bundaran hi
2024-02-07,53.916666666666664,Sedang,2,2,27.4,81.6,6.5,30.6,20.1,0.0,jagakarsa
2024-02-07,55.875,Sedang,2,2,27.8,81.6,7.2,30.6,20.1,0.0,kebun jeruk
2024-02-07,54.791666666666664,Sedang,2,2,27.6,81.5,6.5,33.1,20.1,0.0,kelapa gading
2024-02-07,60.25,Sedang,2,2,27.3,81.7,6.0,33.1,20.1,0.0,lubang buaya
2024-02-07,48.44673862874302,Baik,2,2,27.88888888888889,80.1,4.0,19.0,20.1,0.0,us embassy 1
2024-02-07,63.41641083714833,Sedang,2,2,27.7,81.0,6.6,30.6,20.1,0.0,us embassy 2
2024-02-08,58.958333333333336,Sedang,2,3,28.6,78.2,6.4,22.3,24.5,0.0,bundaran hi
2024-02-08,73.29166666666667,Sedang,2,3,28.4,78.8,6.4,22.3,24.5,0.0,jagakarsa
2024-02-08,64.625,Sedang,2,3,28.5,80.2,7.2,22.3,24.5,0.0,kebun jeruk
2024-02-08,70.29166666666667,Sedang,2,3,28.6,78.7,6.5,22.7,25.0,0.0,kelapa gading
2024-02-08,86.66666666666667,Sedang,2,3,28.5,78.0,5.9,22.7,25.0,0.0,lubang buaya
2024-02-08,53.4870893006377,Sedang,2,3,28.61111111111111,78.3,4.0,13.9,24.5,0.0,us embassy 1
2024-02-08,70.84607279854929,Sedang,2,3,28.6,78.8,6.5,22.3,24.5,0.0,us embassy 2
2024-02-09,68.04166666666667,Sedang,2,4,28.7,80.7,6.5,22.7,22.2,0.0,bundaran hi
2024-02-09,66.41666666666667,Sedang,2,4,28.4,81.2,6.4,22.7,22.2,4.59,jagakarsa
2024-02-09,72.25,Sedang,2,4,28.7,80.6,7.3,22.7,22.2,0.0,kebun jeruk
2024-02-09,75.70833333333333,Sedang,2,4,28.7,81.0,6.6,26.6,22.2,0.0,kelapa gading
2024-02-09,83.29166666666667,Sedang,2,4,28.5,81.0,5.9,26.6,22.2,0.0,lubang buaya
2024-02-09,61.77852933788129,Sedang,2,4,28.72222222222222,80.6,4.1,14.1,22.2,0.0,us embassy 1
2024-02-09,77.33167020263947,Sedang,2,4,28.7,80.8,6.6,22.7,22.2,0.0,us embassy 2
2024-02-10,61.791666666666664,Sedang,2,5,28.1,84.1,5.5,25.9,20.2,1.12,bundaran hi
2024-02-10,63.833333333333336,Sedang,2,5,27.8,85.7,5.2,25.9,20.2,14.197,jagakarsa
2024-02-10,65.91666666666667,Sedang,2,5,28.2,84.8,6.0,25.9,20.2,11.28,kebun jeruk
2024-02-10,62.958333333333336,Sedang,2,5,28.0,85.5,5.5,29.2,20.4,29.483,kelapa gading
2024-02-10,77.16666666666667,Sedang,2,5,27.8,86.1,4.8,29.2,20.4,15.267,lubang buaya
2024-02-10,61.65070455272511,Sedang,2,5,28.166666666666668,84.0,3.4,16.1,20.2,0.008,us embassy 1
2024-02-10,79.51493817531396,Sedang,2,5,28.0,84.9,5.5,25.9,20.2,8.563,us embassy 2
2024-02-11,56.958333333333336,Sedang,2,6,28.5,80.5,6.0,31.3,21.5,0.0,bundaran hi
2024-02-11,67.04166666666667,Sedang,2,6,28.1,81.4,5.8,31.3,21.5,0.036,jagakarsa
2024-02-11,66.79166666666667,Sedang,2,6,28.4,82.4,6.7,31.3,21.5,0.0,kebun jeruk
2024-02-11,52.541666666666664,Sedang,2,6,28.5,80.9,6.0,34.2,21.1,0.0,kelapa gading
2024-02-11,84.79166666666667,Sedang,2,6,28.2,80.7,5.2,34.2,21.1,0.0,lubang buaya
2024-02-11,51.48672963911647,Sedang,2,6,28.5,80.6,3.7,19.5,21.5,0.0,us embassy 1
2024-02-11,69.34637842454855,Sedang,2,6,28.4,81.1,6.0,31.3,21.5,0.0,us embassy 2
2024-02-12,53.458333333333336,Sedang,2,0,28.8,81.2,6.1,37.1,21.4,6.048,bundaran hi
2024-02-12,66.58333333333333,Sedang,2,0,28.5,81.6,6.0,37.1,21.4,4.6,jagakarsa
2024-02-12,57.166666666666664,Sedang,2,0,28.7,82.4,6.9,37.1,21.4,5.091,kebun jeruk
2024-02-12,52.083333333333336,Sedang,2,0,28.8,81.6,6.2,37.1,21.8,8.433,kelapa gading
2024-02-12,82.20833333333333,Sedang,2,0,28.7,81.2,5.7,37.1,21.8,6.184,lubang buaya
2024-02-12,41.27129116345866,Baik,2,0,28.77777777777778,81.2,3.8,23.0,21.4,0.237,us embassy 1
2024-02-12,68.96682872511842,Sedang,2,0,28.7,81.5,6.2,37.1,21.4,5.797,us embassy 2
2024-02-13,53.041666666666664,Sedang,2,1,28.6,81.3,6.5,29.2,20.7,4.344,bundaran hi
2024-02-13,71.04166666666667,Sedang,2,1,28.5,81.6,6.4,29.2,20.7,11.977,jagakarsa
2024-02-13,54.125,Sedang,2,1,28.5,82.8,7.0,29.2,20.7,12.875,kebun jeruk
2024-02-13,53.25,Sedang,2,1,28.6,81.6,6.6,31.0,20.4,8.703,kelapa gading
2024-02-13,67.45833333333333,Sedang,2,1,28.7,80.7,6.2,31.0,20.4,8.862,lubang buaya
2024-02-13,64.92923450093588,Sedang,2,1,28.61111111111111,81.3,4.0,18.1,20.7,0.159,us embassy 1
2024-02-13,64.30809666648487,Sedang,2,1,28.6,81.6,6.6,29.2,20.7,8.291,us embassy 2
2024-02-14,40.916666666666664,Baik,2,2,27.6,88.3,6.0,23.8,13.1,143.382,bundaran hi
2024-02-14,57.083333333333336,Sedang,2,2,27.5,88.7,5.7,23.8,13.1,110.388,jagakarsa
2024-02-14,38.583333333333336,Baik,2,2,27.7,89.0,6.4,23.8,13.1,118.858,kebun jeruk
2024-02-14,42.375,Baik,2,2,27.6,88.7,5.8,27.4,14.7,136.471,kelapa gading
2024-02-14,62.125,Sedang,2,2,27.6,88.5,5.4,27.4,14.7,130.487,lubang buaya
2024-02-14,29.437245240671377,Baik,2,2,27.61111111111111,88.3,3.7,14.8,13.1,5.672,us embassy 1
2024-02-14,57.29741067775248,Sedang,2,2,27.6,88.5,5.9,23.8,13.1,131.89,us embassy 2
2024-02-15,47.875,Baik,2,3,28.4,85.9,6.1,28.1,20.2,9.914,bundaran hi
2024-02-15,60.291666666666664,Sedang,2,3,28.3,85.9,5.7,28.1,20.2,3.967,jagakarsa
2024-02-15,51.208333333333336,Sedang,2,3,28.5,85.8,7.0,28.1,20.2,5.51,kebun jeruk
2024-02-15,54.708333333333336,Sedang,2,3,28.5,85.9,5.9,27.0,20.1,4.15,kelapa gading
2024-02-15,72.16666666666667,Sedang,2,3,28.4,85.7,5.0,27.0,20.1,5.818,lubang buaya
2024-02-15,36.58724652899716,Baik,2,3,28.444444444444443,85.9,3.8,17.4,20.2,0.4,us embassy 1
2024-02-15,58.60948217412971,Sedang,2,3,28.5,85.8,6.1,28.1,20.2,7.304,us embassy 2
2024-02-16,72.20833333333333,Sedang,2,4,27.9,87.4,5.6,28.8,12.9,0.0,bundaran hi
2024-02-16,84.83333333333333,Sedang,2,4,27.7,87.6,5.2,28.8,12.9,6.41,jagakarsa
2024-02-16,75.375,Sedang,2,4,27.9,89.0,5.9,28.8,12.9,0.0,kebun jeruk
2024-02-16,80.0,Sedang,2,4,27.9,87.3,5.4,27.7,13.5,0.0,kelapa gading
2024-02-16,100.70833333333333,Tidak Sehat,2,4,27.8,86.9,4.9,27.7,13.5,0.0,lubang buaya
2024-02-16,70.5082125987715,Sedang,2,4,27.88888888888889,87.5,3.5,17.9,12.9,0.0,us embassy 1
2024-02-16,85.42149103234213,Sedang,2,4,27.9,87.7,5.5,28.8,12.9,0.0,us embassy 2
2024-02-17,51.75,Sedang,2,5,28.0,85.8,5.5,28.1,18.4,17.839,bundaran hi
2024-02-17,73.83333333333333,Sedang,2,5,27.8,86.3,5.4,28.1,18.4,16.412,jagakarsa
2024-02-17,73.25,Sedang,2,5,27.9,87.8,5.6,28.1,18.4,21.333,kebun jeruk
2024-02-17,46.375,Baik,2,5,28.0,86.1,5.7,29.2,19.9,10.191,kelapa gading
2024-02-17,80.375,Sedang,2,5,27.9,85.5,5.4,29.2,19.9,15.417,lubang buaya
2024-02-17,57.859380133603686,Sedang,2,5,28.05555555555556,85.8,3.4,17.4,18.4,0.707,us embassy 1
2024-02-17,81.17894906432709,Sedang,2,5,28.0,86.3,5.5,28.1,18.4,18.02,us embassy 2
2024-02-18,53.541666666666664,Sedang,2,6,28.2,82.7,6.1,24.5,16.4,0.006,bundaran hi
2024-02-18,62.5,Sedang,2,6,28.0,83.1,6.0,24.5,16.4,3.389,jagakarsa
2024-02-18,58.291666666666664,Sedang,2,6,28.4,83.3,6.8,24.5,16.4,0.045,kebun jeruk
2024-02-18,61.416666666666664,Sedang,2,6,28.3,82.9,6.2,24.5,16.5,0.166,kelapa gading
2024-02-18,70.66666666666667,Sedang,2,6,28.1,82.4,5.6,24.5,16.5,0.076,lubang buaya
2024-02-18,52.112827178359815,Sedang,2,6,28.22222222222222,82.7,3.8,15.2,16.4,0.0,us embassy 1
2024-02-18,64.94483338810922,Sedang,2,6,28.2,82.9,6.2,24.5,16.4,0.039,us embassy 2
2024-02-19,62.041666666666664,Sedang,2,0,29.0,80.1,6.2,19.8,20.0,0.088,bundaran hi
2024-02-19,68.54166666666667,Sedang,2,0,28.7,80.8,6.0,19.8,20.0,6.051,jagakarsa
2024-02-19,74.25,Sedang,2,0,28.9,81.8,6.6,19.8,20.0,2.772,kebun jeruk
2024-02-19,12.583333333333334,Baik,2,0,29.0,80.2,6.3,22.0,21.5,0.599,kelapa gading
2024-02-19,85.33333333333333,Sedang,2,0,28.9,79.8,5.7,22.0,21.5,2.416,lubang buaya
2024-02-19,67.85676674651987,Sedang,2,0,29.0,80.2,3.8,12.3,20.0,0.0,us embassy 1
2024-02-19,75.44317344897328,Sedang,2,0,28.9,80.6,6.2,19.8,20.0,1.754,us embassy 2
2024-02-20,73.16666666666667,Sedang,2,1,29.4,79.9,6.4,27.7,23.9,0.0,bundaran hi
2024-02-20,73.41666666666667,Sedang,2,1,29.2,80.6,6.3,27.7,23.9,3.266,jagakarsa
2024-02-20,69.33333333333333,Sedang,2,1,29.3,81.0,7.1,27.7,23.9,0.0,kebun jeruk
2024-02-20,69.66666666666667,Sedang,2,1,29.5,80.0,6.5,27.7,24.5,0.0,kelapa gading
2024-02-20,87.33333333333333,Sedang,2,1,29.4,79.8,5.8,27.7,24.5,0.0,lubang buaya
2024-02-20,69.54086093501735,Sedang,2,1,29.444444444444443,79.9,4.0,17.2,23.9,0.0,us embassy 1
2024-02-20,76.63627269929205,Sedang,2,1,29.4,80.3,6.5,27.7,23.9,0.0,us embassy 2
2024-02-21,74.0,Sedang,2,2,29.1,80.7,5.1,25.9,17.6,0.201,bundaran hi
2024-02-21,73.0,Sedang,2,2,28.8,81.6,4.7,25.9,17.6,1.475,jagakarsa
2024-02-21,69.0,Sedang,2,2,28.9,83.3,5.2,25.9,17.6,0.293,kebun jeruk
2024-02-21,76.0,Sedang,2,2,29.1,80.9,4.9,25.6,18.6,0.124,kelapa gading
2024-02-21,87.0,Sedang,2,2,28.9,80.9,4.3,25.6,18.6,0.292,lubang buaya
2024-02-21,69.54086093501735,Sedang,2,2,29.05555555555556,80.7,3.2,16.1,17.6,0.008,us embassy 1
2024-02-21,76.63627269929205,Sedang,2,2,29.0,81.4,4.9,25.9,17.6,0.239,us embassy 2
2024-02-22,74.0,Sedang,2,3,29.6,77.5,6.4,37.1,18.3,2.914,bundaran hi
2024-02-22,73.0,Sedang,2,3,29.4,77.8,6.4,35.3,18.3,1.43,jagakarsa
2024-02-22,69.0,Sedang,2,3,29.7,78.2,7.1,37.1,18.3,1.603,kebun jeruk
2024-02-22,76.0,Sedang,2,3,29.6,77.6,6.4,35.3,18.0,1.155,kelapa gading
2024-02-22,87.0,Sedang,2,3,29.4,77.8,5.9,35.3,18.0,1.682,lubang buaya
2024-02-22,69.54086093501735,Sedang,2,3,29.55555555555556,77.6,4.0,23.0,18.3,0.118,us embassy 1
2024-02-22,76.63627269929205,Sedang,2,3,29.6,77.6,6.5,37.1,18.3,2.133,us embassy 2
2024-02-23,74.0,Sedang,2,4,29.8,74.1,6.6,35.3,22.0,0.0,bundaran hi
2024-02-23,73.0,Sedang,2,4,29.5,74.1,6.7,35.3,22.0,0.0,jagakarsa
2024-02-23,69.0,Sedang,2,4,29.6,75.8,7.6,35.3,22.0,0.0,kebun jeruk
2024-02-23,76.0,Sedang,2,4,29.7,73.8,6.7,35.3,22.8,0.0,kelapa gading
2024-02-23,87.0,Sedang,2,4,29.6,72.9,6.1,35.3,22.8,0.0,lubang buaya
2024-02-23,69.54086093501735,Sedang,2,4,29.72222222222222,74.1,4.1,21.9,22.0,0.0,us embassy 1
2024-02-23,76.63627269929205,Sedang,2,4,29.7,74.3,6.8,35.3,22.0,0.0,us embassy 2
2024-02-24,74.0,Sedang,2,5,29.0,80.4,6.3,29.5,18.7,0.201,bundaran hi
2024-02-24,73.0,Sedang,2,5,28.8,80.3,6.4,29.5,18.7,0.208,jagakarsa
2024-02-24,69.0,Sedang,2,5,28.8,82.2,6.6,29.5,18.7,0.229,kebun jeruk
2024-02-24,76.0,Sedang,2,5,29.0,80.0,6.4,31.7,19.3,0.204,kelapa gading
2024-02-24,87.0,Sedang,2,5,29.2,79.0,6.2,31.7,19.3,0.205,lubang buaya
2024-02-24,69.54086093501735,Sedang,2,5,28.944444444444443,80.5,3.9,18.3,18.7,0.008,us embassy 1
2024-02-24,76.63627269929205,Sedang,2,5,28.9,80.6,6.4,29.5,18.7,0.209,us embassy 2
2024-02-25,74.0,Sedang,2,6,28.0,83.0,6.3,25.6,16.4,8.155,bundaran hi
2024-02-25,73.0,Sedang,2,6,27.7,83.9,6.3,25.6,16.4,10.291,jagakarsa
2024-02-25,69.0,Sedang,2,6,27.9,83.3,7.1,25.6,16.4,11.372,kebun jeruk
2024-02-25,76.0,Sedang,2,6,28.0,83.2,6.4,27.4,16.7,10.731,kelapa gading
2024-02-25,87.0,Sedang,2,6,27.8,84.0,5.8,27.4,16.7,10.313,lubang buaya
2024-02-25,69.54086093501735,Sedang,2,6,28.05555555555556,83.0,4.0,15.9,16.4,0.316,us embassy 1
2024-02-25,76.63627269929205,Sedang,2,6,28.0,83.3,6.4,25.6,16.4,9.699,us embassy 2
2024-02-26,74.0,Sedang,2,0,28.2,81.1,6.6,24.5,13.8,18.776,bundaran hi
2024-02-26,73.0,Sedang,2,0,28.1,80.5,6.6,24.5,13.8,11.077,jagakarsa
2024-02-26,69.0,Sedang,2,0,28.2,83.1,7.2,24.5,13.8,14.047,kebun jeruk
2024-02-26,76.0,Sedang,2,0,28.3,80.8,6.7,24.1,14.6,15.507,kelapa gading
2024-02-26,87.0,Sedang,2,0,28.3,79.1,6.3,24.1,14.6,14.647,lubang buaya
2024-02-26,69.54086093501735,Sedang,2,0,28.22222222222222,81.3,4.1,15.2,13.8,0.747,us embassy 1
2024-02-26,76.63627269929205,Sedang,2,0,28.2,81.1,6.7,24.5,13.8,16.062,us embassy 2
2024-02-27,74.0,Sedang,2,1,29.2,77.0,6.3,29.5,19.4,0.0,bundaran hi
2024-02-27,73.0,Sedang,2,1,29.0,76.5,6.3,29.5,19.4,4.061,jagakarsa
2024-02-27,69.0,Sedang,2,1,29.0,78.4,7.0,29.5,19.4,0.0,kebun jeruk
2024-02-27,76.0,Sedang,2,1,29.3,76.5,6.5,29.5,19.5,0.0,kelapa gading
2024-02-27,87.0,Sedang,2,1,29.3,74.9,5.9,29.5,19.5,0.0,lubang buaya
2024-02-27,69.54086093501735,Sedang,2,1,29.166666666666668,77.1,4.0,18.3,19.4,0.0,us embassy 1
2024-02-27,76.63627269929205,Sedang,2,1,29.2,76.9,6.4,29.5,19.4,0.0,us embassy 2
2024-02-28,74.0,Sedang,2,2,27.3,88.2,5.6,24.5,15.1,42.976,bundaran hi
2024-02-28,73.0,Sedang,2,2,27.0,88.8,5.4,24.5,15.1,40.494,jagakarsa
2024-02-28,69.0,Sedang,2,2,27.1,88.8,6.1,24.5,15.1,52.39,kebun jeruk
2024-02-28,76.0,Sedang,2,2,27.2,88.2,5.6,23.8,14.7,44.796,kelapa gading
2024-02-28,87.0,Sedang,2,2,27.1,89.0,5.0,23.8,14.7,45.323,lubang buaya
2024-02-28,69.54086093501735,Sedang,2,2,27.27777777777777,88.2,3.5,15.2,15.1,1.683,us embassy 1
2024-02-28,76.63627269929205,Sedang,2,2,27.2,88.5,5.6,24.5,15.1,46.26,us embassy 2
2024-02-29,74.0,Sedang,2,3,26.2,92.6,5.4,23.4,12.9,105.115,bundaran hi
2024-02-29,73.0,Sedang,2,3,26.1,92.5,5.2,23.4,12.9,57.032,jagakarsa
2024-02-29,69.0,Sedang,2,3,26.4,92.5,5.6,23.4,12.9,71.369,kebun jeruk
2024-02-29,76.0,Sedang,2,3,26.2,92.4,5.4,25.6,14.5,61.279,kelapa gading
2024-02-29,87.0,Sedang,2,3,26.0,92.3,4.9,25.6,14.5,72.989,lubang buaya
2024-02-29,45.52289393814501,Baik,2,3,26.22222222222222,92.6,3.4,14.5,12.9,4.209,us embassy 1
2024-02-29,69.47541646478378,Sedang,2,3,26.2,92.5,5.4,23.4,12.9,84.753,us embassy 2
2024-03-01,74.0,Sedang,3,4,28.4,81.0,6.1,23.0,18.5,0.004,bundaran hi
2024-03-01,73.0,Sedang,3,4,28.2,81.4,5.9,23.0,18.5,4.545,jagakarsa
2024-03-01,69.0,Sedang,3,4,28.4,81.9,6.5,23.0,18.5,0.033,kebun jeruk
2024-03-01,76.0,Sedang,3,4,28.5,81.2,6.1,24.5,17.9,0.113,kelapa gading
2024-03-01,87.0,Sedang,3,4,28.3,81.1,5.6,24.5,17.9,0.281,lubang buaya
2024-03-01,52.30307091211406,Sedang,3,4,28.444444444444443,81.0,3.8,14.3,18.5,0.0,us embassy 1
2024-03-01,72.37413528600119,Sedang,3,4,28.4,81.3,6.1,23.0,18.5,0.028,us embassy 2
2024-03-02,74.0,Sedang,3,5,27.7,87.2,5.7,29.5,14.6,16.676,bundaran hi
2024-03-02,73.0,Sedang,3,5,27.5,87.4,5.6,29.5,14.6,10.203,jagakarsa
2024-03-02,69.0,Sedang,3,5,27.7,87.8,6.2,29.5,14.6,10.586,kebun jeruk
2024-03-02,76.0,Sedang,3,5,27.7,86.9,5.7,29.5,14.5,11.042,kelapa gading
2024-03-02,87.0,Sedang,3,5,27.6,87.2,5.2,29.5,14.5,11.721,lubang buaya
2024-03-02,59.31306691722694,Sedang,3,5,27.666666666666668,87.3,3.6,18.3,14.6,0.667,us embassy 1
2024-03-02,74.96450149762269,Sedang,3,5,27.7,87.3,5.8,29.5,14.6,13.275,us embassy 2
2024-03-03,74.0,Sedang,3,6,27.4,86.6,6.0,35.3,13.8,6.799,bundaran hi
2024-03-03,73.0,Sedang,3,6,27.1,86.7,5.9,35.3,13.8,3.158,jagakarsa
2024-03-03,69.0,Sedang,3,6,27.5,86.7,6.5,35.3,13.8,3.757,kebun jeruk
2024-03-03,76.0,Sedang,3,6,27.4,86.3,6.0,35.3,14.3,2.699,kelapa gading
2024-03-03,87.0,Sedang,3,6,27.1,86.7,5.5,35.3,14.3,3.94,lubang buaya
2024-03-03,53.771758910250675,Sedang,3,6,27.38888888888889,86.6,3.7,21.9,13.8,0.274,us embassy 1
2024-03-03,69.72889471917765,Sedang,3,6,27.3,86.6,6.0,35.3,13.8,4.988,us embassy 2
2024-03-04,74.0,Sedang,3,0,28.0,81.8,6.5,37.1,17.8,0.991,bundaran hi
2024-03-04,73.0,Sedang,3,0,27.7,82.9,6.6,37.1,17.8,0.583,jagakarsa
2024-03-04,69.0,Sedang,3,0,28.2,81.2,7.5,37.1,17.8,0.722,kebun jeruk
2024-03-04,76.0,Sedang,3,0,27.9,82.6,6.5,37.1,18.4,0.942,kelapa gading
2024-03-04,87.0,Sedang,3,0,27.6,83.8,5.9,37.1,18.4,0.795,lubang buaya
2024-03-04,50.70911073571795,Sedang,3,0,28.05555555555556,81.6,4.1,23.0,17.8,0.039,us embassy 1
2024-03-04,67.09814496962404,Sedang,3,0,28.0,82.1,6.7,37.1,17.8,0.851,us embassy 2
2024-03-05,50.416666666666664,Sedang,3,1,29.3,75.7,7.0,44.6,18.2,0.0,bundaran hi
2024-03-05,61.416666666666664,Sedang,3,1,29.0,76.7,7.3,44.6,18.2,0.353,jagakarsa
2024-03-05,44.291666666666664,Baik,3,1,29.1,77.4,7.7,44.6,18.2,0.0,kebun jeruk
2024-03-05,59.625,Sedang,3,1,29.2,76.3,7.3,44.6,20.0,0.0,kelapa gading
2024-03-05,64.625,Sedang,3,1,29.1,76.3,7.1,44.6,20.0,0.0,lubang buaya
2024-03-05,31.557887636636114,Baik,3,1,29.33333333333333,75.8,4.4,27.7,18.2,0.0,us embassy 1
2024-03-05,55.53983489719149,Sedang,3,1,29.2,76.3,7.2,44.6,18.2,0.0,us embassy 2
2024-03-06,47.375,Baik,3,2,28.8,80.5,6.6,29.5,18.5,2.915,bundaran hi
2024-03-06,63.125,Sedang,3,2,28.4,81.5,6.8,29.5,18.5,1.899,jagakarsa
2024-03-06,42.666666666666664,Baik,3,2,28.6,81.8,7.1,29.5,18.5,1.649,kebun jeruk
2024-03-06,58.166666666666664,Sedang,3,2,28.7,81.1,6.8,27.7,19.7,1.163,kelapa gading
2024-03-06,63.083333333333336,Sedang,3,2,28.4,81.3,6.4,27.7,19.7,1.714,lubang buaya
2024-03-06,25.591335072248807,Baik,3,2,28.77777777777778,80.5,4.1,18.3,18.5,0.118,us embassy 1
2024-03-06,51.65339875732507,Sedang,3,2,28.6,81.1,6.8,29.5,18.5,2.153,us embassy 2
2024-03-07,46.541666666666664,Baik,3,3,29.1,78.1,7.0,46.4,16.3,0.02,bundaran hi
2024-03-07,58.458333333333336,Sedang,3,3,28.9,78.6,7.2,46.4,16.3,1.317,jagakarsa
2024-03-07,40.708333333333336,Baik,3,3,28.9,79.9,7.8,46.4,16.3,0.151,kebun jeruk
2024-03-07,53.833333333333336,Sedang,3,3,29.1,78.3,7.1,46.4,18.0,0.555,kelapa gading
2024-03-07,60.125,Sedang,3,3,29.0,77.9,6.7,46.4,18.0,0.253,lubang buaya
2024-03-07,26.546231732735375,Baik,3,3,29.11111111111111,78.1,4.4,28.9,16.3,0.0,us embassy 1
2024-03-07,40.99517854677924,Baik,3,3,29.0,78.5,7.2,46.4,16.3,0.13,us embassy 2
2024-03-08,30.75,Baik,3,4,28.4,81.1,6.6,51.8,14.3,0.0,bundaran hi
2024-03-08,32.083333333333336,Baik,3,4,28.1,82.3,6.8,44.6,14.3,4.238,jagakarsa
2024-03-08,25.5,Baik,3,4,28.3,81.8,7.6,51.8,14.3,0.0,kebun jeruk
2024-03-08,44.0,Baik,3,4,28.3,81.4,6.7,44.6,16.1,0.0,kelapa gading
2024-03-08,40.166666666666664,Baik,3,4,28.0,82.7,6.2,44.6,16.1,0.0,lubang buaya
2024-03-08,18.804337542857528,Baik,3,4,28.444444444444443,81.0,4.1,32.2,14.3,0.0,us embassy 1
2024-03-08,71.67535420327839,Sedang,3,4,28.3,81.6,6.8,51.8,14.3,0.0,us embassy 2
2024-03-09,33.625,Baik,3,5,25.7,91.9,5.5,31.7,5.1,50.605,bundaran hi
2024-03-09,26.458333333333332,Baik,3,5,25.6,91.9,5.4,31.7,5.1,35.23,jagakarsa
2024-03-09,41.916666666666664,Baik,3,5,25.6,92.5,5.6,31.7,5.1,41.529,kebun jeruk
2024-03-09,48.458333333333336,Baik,3,5,25.7,91.9,5.4,32.8,5.0,45.2,kelapa gading
2024-03-09,33.041666666666664,Baik,3,5,25.7,91.6,5.1,32.8,5.0,43.912,lubang buaya
2024-03-09,26.136056485008535,Baik,3,5,25.666666666666668,91.9,3.4,19.7,5.1,2.005,us embassy 1
2024-03-09,43.63555876550215,Baik,3,5,25.7,92.0,5.4,31.7,5.1,45.551,us embassy 2
2024-03-10,64.66666666666667,Sedang,3,6,27.1,89.8,5.0,34.2,13.4,0.084,bundaran hi
2024-03-10,66.875,Sedang,3,6,26.8,91.0,4.8,34.2,13.4,1.178,jagakarsa
2024-03-10,81.625,Sedang,3,6,27.1,89.8,5.6,34.2,13.4,0.754,kebun jeruk
2024-03-10,76.58333333333333,Sedang,3,6,27.0,90.6,5.0,36.4,13.2,2.27,kelapa gading
2024-03-10,87.08333333333333,Sedang,3,6,26.7,92.0,4.2,36.4,13.2,1.268,lubang buaya
2024-03-10,63.973898326402015,Sedang,3,6,27.05555555555556,89.7,3.2,21.3,13.4,0.001,us embassy 1
2024-03-10,81.58194673136155,Sedang,3,6,27.0,90.3,5.0,34.2,13.4,0.629,us embassy 2
2024-03-11,53.291666666666664,Sedang,3,0,27.5,88.0,5.4,40.7,12.8,25.434,bundaran hi
2024-03-11,65.29166666666667,Sedang,3,0,27.2,88.3,5.1,43.6,12.8,15.65,jagakarsa
2024-03-11,66.70833333333333,Sedang,3,0,27.5,88.2,5.9,40.7,12.8,18.783,kebun jeruk
2024-03-11,64.95833333333333,Sedang,3,0,27.5,88.0,5.4,43.2,12.3,12.464,kelapa gading
2024-03-11,82.29166666666667,Sedang,3,0,27.3,88.1,4.8,43.2,12.3,17.309,lubang buaya
2024-03-11,56.34623389417004,Sedang,3,0,27.444444444444446,88.0,3.4,25.3,12.8,1.021,us embassy 1
2024-03-11,80.24702279610607,Sedang,3,0,27.4,88.0,5.4,40.7,12.8,20.877,us embassy 2
2024-03-12,36.75,Baik,3,1,28.4,79.1,6.1,47.9,17.6,0.012,bundaran hi
2024-03-12,55.916666666666664,Sedang,3,1,28.1,79.8,6.0,47.9,17.6,0.977,jagakarsa
2024-03-12,56.0,Sedang,3,1,28.3,79.0,6.7,47.9,17.6,0.158,kebun jeruk
2024-03-12,56.916666666666664,Sedang,3,1,28.3,79.6,6.2,49.0,17.2,0.25,kelapa gading
2024-03-12,54.75,Sedang,3,1,28.2,79.9,5.6,49.0,17.2,0.231,lubang buaya
2024-03-12,39.65713570659526,Baik,3,1,28.38888888888889,79.1,3.8,29.8,17.6,0.0,us embassy 1
2024-03-12,62.390025401481985,Sedang,3,1,28.3,79.3,6.2,47.9,17.6,0.122,us embassy 2
2024-03-13,59.333333333333336,Sedang,3,2,27.8,84.3,5.4,41.8,13.7,21.047,bundaran hi
2024-03-13,66.83333333333333,Sedang,3,2,27.6,84.7,5.2,41.8,13.7,19.8,jagakarsa
2024-03-13,63.916666666666664,Sedang,3,2,27.9,83.5,6.0,41.8,13.7,17.57,kebun jeruk
2024-03-13,59.375,Sedang,3,2,27.8,84.7,5.4,43.9,12.8,25.583,kelapa gading
2024-03-13,63.208333333333336,Sedang,3,2,27.6,84.9,4.8,43.9,12.8,20.382,lubang buaya
2024-03-13,56.533507533920336,Sedang,3,2,27.83333333333333,84.2,3.4,25.9,13.7,0.827,us embassy 1
2024-03-13,71.07249650835472,Sedang,3,2,27.8,84.3,5.4,41.8,13.7,19.762,us embassy 2
2024-03-14,53.125,Sedang,3,3,27.2,87.0,5.5,37.8,13.4,11.245,bundaran hi
2024-03-14,63.208333333333336,Sedang,3,3,27.0,88.2,5.4,37.8,13.4,14.73,jagakarsa
2024-03-14,60.75,Sedang,3,3,27.2,86.0,5.7,37.8,13.4,10.068,kebun jeruk
2024-03-14,50.75,Sedang,3,3,27.2,87.5,5.7,40.0,14.0,7.139,kelapa gading
2024-03-14,64.66666666666667,Sedang,3,3,26.9,89.5,5.2,40.0,14.0,9.296,lubang buaya
2024-03-14,51.87474212231458,Sedang,3,3,27.27777777777777,86.8,3.4,23.5,13.4,0.448,us embassy 1
2024-03-14,71.57259538032135,Sedang,3,3,27.2,87.3,5.5,37.8,13.4,10.29,us embassy 2
2024-03-15,46.583333333333336,Baik,3,4,26.7,86.0,5.9,51.8,12.0,28.876,bundaran hi
2024-03-15,46.625,Baik,3,4,26.4,86.9,5.9,51.8,12.0,25.849,jagakarsa
2024-03-15,48.833333333333336,Baik,3,4,26.7,86.1,6.3,51.8,12.0,27.97,kebun jeruk
2024-03-15,46.333333333333336,Baik,3,4,26.6,86.5,5.9,51.8,12.1,25.609,kelapa gading
2024-03-15,48.791666666666664,Baik,3,4,26.3,87.1,5.5,51.8,12.1,27.001,lubang buaya
2024-03-15,41.892563940885275,Baik,3,4,26.722222222222214,85.9,3.7,32.2,12.0,1.141,us embassy 1
2024-03-15,62.65082222916106,Sedang,3,4,26.6,86.3,5.9,51.8,12.0,27.967,us embassy 2
2024-03-16,27.833333333333332,Baik,3,5,25.9,89.2,5.6,47.5,16.9,20.126,bundaran hi
2024-03-16,23.666666666666668,Baik,3,5,25.7,89.4,5.5,47.5,16.9,28.189,jagakarsa
2024-03-16,30.625,Baik,3,5,25.8,89.7,5.7,47.5,16.9,24.165,kebun jeruk
2024-03-16,33.458333333333336,Baik,3,5,25.9,89.2,5.6,50.0,17.8,20.842,kelapa gading
2024-03-16,31.208333333333332,Baik,3,5,25.9,89.0,5.4,50.0,17.8,22.976,lubang buaya
2024-03-16,22.868142580101036,Baik,3,5,25.944444444444443,89.2,3.5,29.5,16.9,0.787,us embassy 1
2024-03-16,51.11927415384659,Sedang,3,5,25.9,89.3,5.6,47.5,16.9,22.347,us embassy 2
2024-03-17,34.125,Baik,3,6,26.7,86.6,6.1,44.3,18.8,26.718,bundaran hi
2024-03-17,21.458333333333332,Baik,3,6,26.5,86.9,6.0,44.3,18.8,21.009,jagakarsa
2024-03-17,38.458333333333336,Baik,3,6,26.6,87.0,6.5,44.3,18.8,21.173,kebun jeruk
2024-03-17,30.916666666666668,Baik,3,6,26.7,86.7,6.1,47.5,19.1,21.772,kelapa gading
2024-03-17,30.958333333333332,Baik,3,6,26.7,86.3,5.8,47.5,19.1,22.293,lubang buaya
2024-03-17,22.107881648221355,Baik,3,6,26.666666666666668,86.6,3.8,27.5,18.8,1.062,us embassy 1
2024-03-17,51.66555759832084,Sedang,3,6,26.6,86.7,6.1,44.3,18.8,23.669,us embassy 2
2024-03-18,33.291666666666664,Baik,3,0,28.3,78.2,6.7,40.7,20.7,0.33,bundaran hi
2024-03-18,34.958333333333336,Baik,3,0,28.1,78.6,6.9,40.7,20.7,0.578,jagakarsa
2024-03-18,38.958333333333336,Baik,3,0,28.1,79.1,7.3,40.7,20.7,0.462,kebun jeruk
2024-03-18,32.958333333333336,Baik,3,0,28.3,78.6,6.9,40.7,21.0,1.226,kelapa gading
2024-03-18,44.541666666666664,Baik,3,0,28.2,77.7,6.5,40.7,21.0,0.673,lubang buaya
2024-03-18,20.79965812338168,Baik,3,0,28.277777777777786,78.2,4.1,25.3,20.7,0.012,us embassy 1
2024-03-18,50.48457303226288,Sedang,3,0,28.2,78.5,6.8,40.7,20.7,0.474,us embassy 2
2024-03-19,46.708333333333336,Baik,3,1,29.4,70.1,7.2,38.9,22.8,0.0,bundaran hi
2024-03-19,59.791666666666664,Sedang,3,1,29.0,70.9,7.6,38.9,22.8,0.0,jagakarsa
2024-03-19,48.333333333333336,Baik,3,1,29.2,70.9,7.8,38.9,22.8,0.0,kebun jeruk
2024-03-19,44.583333333333336,Baik,3,1,29.2,71.1,7.6,38.9,23.5,0.0,kelapa gading
2024-03-19,63.416666666666664,Sedang,3,1,29.1,70.6,7.4,38.9,23.5,0.0,lubang buaya
2024-03-19,31.145565430060653,Baik,3,1,29.444444444444443,70.0,4.4,24.2,22.8,0.0,us embassy 1
2024-03-19,58.922555862258726,Sedang,3,1,29.3,70.5,7.5,38.9,22.8,0.0,us embassy 2
2024-03-20,45.583333333333336,Baik,3,2,29.6,65.8,8.3,38.9,25.9,0.0,bundaran hi
2024-03-20,62.458333333333336,Sedang,3,2,29.2,66.2,9.0,38.9,25.9,0.0,jagakarsa
2024-03-20,51.416666666666664,Sedang,3,2,29.2,67.8,8.7,38.9,25.9,0.0,kebun jeruk
2024-03-20,50.916666666666664,Sedang,3,2,29.5,66.4,8.9,38.9,26.1,0.0,kelapa gading
2024-03-20,61.0,Sedang,3,2,29.4,64.8,9.2,38.9,26.1,0.0,lubang buaya
2024-03-20,27.579777142385637,Baik,3,2,29.55555555555556,65.8,5.1,24.2,25.9,0.0,us embassy 1
2024-03-20,55.358788641536755,Sedang,3,2,29.4,66.3,8.7,38.9,25.9,0.0,us embassy 2
2024-03-21,47.958333333333336,Baik,3,3,28.5,75.1,7.2,31.3,22.6,0.0,bundaran hi
2024-03-21,65.08333333333333,Sedang,3,3,28.1,76.0,7.5,31.3,22.6,0.018,jagakarsa
2024-03-21,59.083333333333336,Sedang,3,3,28.2,77.1,7.6,31.3,22.6,0.0,kebun jeruk
2024-03-21,53.25,Sedang,3,3,28.5,76.0,7.4,33.5,23.3,0.0,kelapa gading
2024-03-21,64.0,Sedang,3,3,28.3,75.0,7.4,33.5,23.3,0.0,lubang buaya
2024-03-21,33.94542408651211,Baik,3,3,28.5,75.1,4.5,19.5,22.6,0.0,us embassy 1
2024-03-21,55.892240933986564,Sedang,3,3,28.4,75.8,7.4,31.3,22.6,0.0,us embassy 2
2024-03-22,37.208333333333336,Baik,3,4,26.7,88.4,5.4,20.5,19.4,67.992,bundaran hi
2024-03-22,58.25,Sedang,3,4,26.6,87.9,5.3,20.5,19.4,65.819,jagakarsa
2024-03-22,53.5,Sedang,3,4,26.4,88.6,5.5,20.5,19.4,82.438,kebun jeruk
2024-03-22,43.083333333333336,Baik,3,4,26.7,88.1,5.4,22.3,21.2,79.839,kelapa gading
2024-03-22,24.666666666666668,Baik,3,4,26.9,87.2,5.2,22.3,21.2,74.429,lubang buaya
2024-03-22,33.22621673410114,Baik,3,4,26.611111111111114,88.4,3.4,12.8,19.4,2.655,us embassy 1
2024-03-22,62.41426958337936,Sedang,3,4,26.7,88.2,5.4,20.5,19.4,73.994,us embassy 2
2024-03-23,66.29166666666667,Sedang,3,5,29.2,76.5,5.4,21.2,22.7,0.0,bundaran hi
2024-03-23,72.0,Sedang,3,5,29.0,76.4,5.2,21.2,22.7,0.0,jagakarsa
2024-03-23,68.875,Sedang,3,5,29.0,76.9,5.5,21.2,22.7,0.0,kebun jeruk
2024-03-23,69.91666666666667,Sedang,3,5,29.2,76.7,5.5,24.1,23.1,0.0,kelapa gading
2024-03-23,81.5,Sedang,3,5,29.2,75.8,5.1,24.1,23.1,0.0,lubang buaya
2024-03-23,69.69918744910437,Sedang,3,5,29.166666666666668,76.5,3.4,13.2,22.7,0.0,us embassy 1
2024-03-23,89.06046572909499,Sedang,3,5,29.1,76.5,5.4,21.2,22.7,0.0,us embassy 2
2024-03-24,72.66666666666667,Sedang,3,6,29.7,78.1,5.8,38.9,22.1,0.006,bundaran hi
2024-03-24,72.375,Sedang,3,6,29.4,78.4,5.6,38.9,22.1,0.687,jagakarsa
2024-03-24,76.875,Sedang,3,6,29.5,78.0,6.2,38.9,22.1,0.171,kebun jeruk
2024-03-24,72.25,Sedang,3,6,29.7,78.3,6.0,38.9,22.7,0.038,kelapa gading
2024-03-24,81.54166666666667,Sedang,3,6,29.6,78.0,5.3,38.9,22.7,0.163,lubang buaya
2024-03-24,84.97560029100859,Sedang,3,6,29.666666666666668,78.1,3.6,24.2,22.1,0.0,us embassy 1
2024-03-24,100.81010130790382,Tidak Sehat,3,6,29.6,78.1,5.8,38.9,22.1,0.115,us embassy 2
2024-03-25,64.875,Sedang,3,0,28.7,78.8,6.4,24.8,22.5,0.012,bundaran hi
2024-03-25,64.16666666666667,Sedang,3,0,28.4,79.7,6.2,24.8,22.5,1.194,jagakarsa
2024-03-25,68.41666666666667,Sedang,3,0,28.7,78.5,6.8,24.8,22.5,0.384,kebun jeruk
2024-03-25,66.66666666666667,Sedang,3,0,28.7,79.4,6.4,24.5,22.6,0.084,kelapa gading
2024-03-25,71.41666666666667,Sedang,3,0,28.4,79.6,6.0,24.5,22.6,0.329,lubang buaya
2024-03-25,61.35178691622122,Sedang,3,0,28.72222222222222,78.7,4.0,15.4,22.5,0.0,us embassy 1
2024-03-25,77.89973718944186,Sedang,3,0,28.6,79.0,6.4,24.8,22.5,0.247,us embassy 2
2024-03-26,71.0,Sedang,3,1,29.1,76.8,5.6,21.2,22.5,0.014,bundaran hi
2024-03-26,67.875,Sedang,3,1,28.8,77.4,5.3,21.2,22.5,1.011,jagakarsa
2024-03-26,76.83333333333333,Sedang,3,1,29.0,77.1,5.8,21.2,22.5,0.429,kebun jeruk
2024-03-26,79.66666666666667,Sedang,3,1,29.1,77.0,5.6,22.0,22.9,0.096,kelapa gading
2024-03-26,89.125,Sedang,3,1,29.0,76.7,5.0,22.0,22.9,0.408,lubang buaya
2024-03-26,63.32826961213959,Sedang,3,1,29.11111111111111,76.8,3.5,13.2,22.5,0.008,us embassy 1
2024-03-26,76.63700423280203,Sedang,3,1,29.0,77.0,5.5,21.2,22.5,0.287,us embassy 2
2024-03-27,77.875,Sedang,3,2,28.0,82.3,5.4,27.7,17.8,0.404,bundaran hi
2024-03-27,81.29166666666667,Sedang,3,2,27.8,82.7,5.2,27.7,17.8,0.945,jagakarsa
2024-03-27,87.91666666666667,Sedang,3,2,27.6,83.0,5.8,27.7,17.8,0.721,kebun jeruk
2024-03-27,73.41666666666667,Sedang,3,2,28.0,82.3,5.4,28.8,18.7,0.272,kelapa gading
2024-03-27,94.875,Sedang,3,2,28.1,82.1,4.8,28.8,18.7,0.644,lubang buaya
2024-03-27,76.81082494575745,Sedang,3,2,28.000000000000004,82.3,3.4,17.2,17.8,0.016,us embassy 1
2024-03-27,91.79786106171468,Sedang,3,2,27.9,82.5,5.4,27.7,17.8,0.539,us embassy 2
2024-03-28,87.25,Sedang,3,3,28.3,79.6,5.0,20.9,19.1,2.1,bundaran hi
2024-03-28,90.20833333333333,Sedang,3,3,28.3,80.0,4.9,20.9,19.1,2.1,jagakarsa
2024-03-28,96.0,Sedang,3,3,28.6,77.7,5.5,20.9,19.1,2.1,kebun jeruk
2024-03-28,75.33333333333333,Sedang,3,3,28.3,79.9,4.9,22.0,21.1,3.3,kelapa gading
2024-03-28,119.70833333333333,Tidak Sehat,3,3,28.2,80.9,4.7,22.0,21.1,3.3,lubang buaya
2024-03-28,76.89555086246655,Sedang,3,3,28.33333333333333,79.4,3.1,13.0,19.1,0.084,us embassy 1
2024-03-28,100.54939434662175,Tidak Sehat,3,3,28.3,79.5,5.0,20.9,19.1,2.1,us embassy 2
2024-03-29,90.625,Sedang,3,4,28.6,77.4,5.3,22.3,23.0,2.1,bundaran hi
2024-03-29,78.95833333333333,Sedang,3,4,28.5,77.6,5.2,22.3,23.0,2.1,jagakarsa
2024-03-29,106.125,Tidak Sehat,3,4,28.7,76.6,5.5,22.3,23.0,2.1,kebun jeruk
2024-03-29,53.083333333333336,Sedang,3,4,28.5,77.5,5.2,22.7,23.8,2.8,kelapa gading
2024-03-29,100.95833333333333,Tidak Sehat,3,4,28.5,77.9,5.1,22.7,23.8,2.8,lubang buaya
2024-03-29,93.53076152295068,Sedang,3,4,28.55555555555556,77.3,3.3,13.9,23.0,0.083,us embassy 1
2024-03-29,106.06786384441075,Tidak Sehat,3,4,28.6,77.4,5.3,22.3,23.0,2.1,us embassy 2
2024-03-30,77.58333333333333,Sedang,3,5,28.4,80.4,5.0,25.9,22.7,8.5,bundaran hi
2024-03-30,69.79166666666667,Sedang,3,5,28.4,80.5,4.9,25.9,22.7,8.5,jagakarsa
2024-03-30,89.375,Sedang,3,5,28.7,79.4,5.5,25.9,22.7,8.5,kebun jeruk
2024-03-30,84.08333333333333,Sedang,3,5,28.4,80.5,4.9,27.4,23.0,7.5,kelapa gading
2024-03-30,86.0,Sedang,3,5,28.2,81.0,4.7,27.4,23.0,7.5,lubang buaya
2024-03-30,79.94989594245978,Sedang,3,5,28.38888888888889,80.3,3.1,16.1,22.7,0.335,us embassy 1
2024-03-30,94.64036467207632,Sedang,3,5,28.4,80.3,5.0,25.9,22.7,8.5,us embassy 2
2024-03-31,78.0,Sedang,3,6,28.6,82.2,4.6,25.9,21.1,6.7,bundaran hi
2024-03-31,69.16666666666667,Sedang,3,6,28.5,82.6,4.6,25.9,21.1,6.7,jagakarsa
2024-03-31,92.66666666666667,Sedang,3,6,28.9,80.5,4.9,25.9,21.1,6.7,kebun jeruk
2024-03-31,83.45833333333333,Sedang,3,6,28.6,82.5,4.6,25.2,21.5,6.5,kelapa gading
2024-03-31,83.83333333333333,Sedang,3,6,28.4,83.4,4.4,25.2,21.5,6.5,lubang buaya
2024-03-31,74.04910493800426,Sedang,3,6,28.61111111111111,82.1,2.9,16.1,21.1,0.264,us embassy 1
2024-03-31,101.39427509702602,Tidak Sehat,3,6,28.6,82.2,4.6,25.9,21.1,6.7,us embassy 2
2024-04-01,94.08333333333333,Sedang,4,0,28.3,81.0,4.5,23.8,19.2,4.5,bundaran hi
2024-04-01,56.708333333333336,Sedang,4,0,28.2,81.4,4.4,23.8,19.2,4.5,jagakarsa
2024-04-01,104.54166666666667,Tidak Sehat,4,0,28.6,78.9,5.0,23.8,19.2,4.5,kebun jeruk
2024-04-01,67.04166666666667,Sedang,4,0,28.2,81.3,4.4,23.8,19.8,8.1,kelapa gading
2024-04-01,106.58333333333333,Tidak Sehat,4,0,28.1,82.4,4.1,23.8,19.8,8.1,lubang buaya
2024-04-01,88.29898694904618,Sedang,4,0,28.277777777777786,80.8,2.8,14.8,19.2,0.178,us embassy 1
2024-04-01,104.35725952109074,Tidak Sehat,4,0,28.3,80.9,4.5,23.8,19.2,4.5,us embassy 2
2024-04-02,96.41666666666667,Sedang,4,1,28.8,78.7,4.9,23.0,19.3,0.982,bundaran hi
2024-04-02,81.25,Sedang,4,1,28.6,79.9,4.6,23.0,19.3,2.604,jagakarsa
2024-04-02,115.70833333333333,Tidak Sehat,4,1,28.8,78.0,4.9,23.0,19.3,0.878,kebun jeruk
2024-04-02,108.45833333333333,Tidak Sehat,4,1,28.7,79.5,4.8,22.3,19.8,0.463,kelapa gading
2024-04-02,112.41666666666667,Tidak Sehat,4,1,28.5,80.6,4.4,22.3,19.8,0.892,lubang buaya
2024-04-02,97.12305466421395,Sedang,4,1,28.77777777777778,78.6,3.1,14.3,19.3,0.039,us embassy 1
2024-04-02,109.82621636942083,Tidak Sehat,4,1,28.7,79.1,4.8,23.0,19.3,0.942,us embassy 2
2024-04-03,81.625,Sedang,4,2,28.3,83.5,5.0,37.1,16.6,5.945,bundaran hi
2024-04-03,79.70833333333333,Sedang,4,2,28.1,84.9,4.6,19.8,16.6,11.279,jagakarsa
2024-04-03,98.25,Sedang,4,2,28.4,82.0,5.4,37.1,16.6,6.848,kebun jeruk
2024-04-03,97.375,Sedang,4,2,28.3,84.4,4.9,20.2,17.3,3.125,kelapa gading
2024-04-03,100.91666666666667,Tidak Sehat,4,2,28.1,86.0,4.1,20.2,17.3,6.835,lubang buaya
2024-04-03,84.15786729477223,Sedang,4,2,28.33333333333333,83.3,3.1,23.0,16.6,0.235,us embassy 1
2024-04-03,95.76466653846391,Sedang,4,2,28.3,83.8,4.9,37.1,16.6,6.708,us embassy 2
2024-04-04,66.83333333333333,Sedang,4,3,29.0,79.3,5.8,25.6,21.7,0.042,bundaran hi
2024-04-04,60.833333333333336,Sedang,4,3,28.4,81.5,5.6,25.6,21.7,6.583,jagakarsa
2024-04-04,83.95833333333333,Sedang,4,3,29.1,77.5,6.1,25.6,21.7,1.289,kebun jeruk
2024-04-04,76.95833333333333,Sedang,4,3,28.8,80.7,5.9,25.9,22.6,0.289,kelapa gading
2024-04-04,74.45833333333333,Sedang,4,3,28.2,83.3,5.3,25.9,22.6,1.236,lubang buaya
2024-04-04,66.04635131774232,Sedang,4,3,29.0,79.1,3.6,15.9,21.7,0.0,us embassy 1
2024-04-04,81.35692835174365,Sedang,4,3,28.8,79.8,5.8,25.6,21.7,0.865,us embassy 2
2024-04-05,95.125,Sedang,4,4,28.8,80.7,5.0,23.4,19.7,2.941,bundaran hi
2024-04-05,90.5,Sedang,4,4,28.4,81.6,4.6,23.4,19.7,7.594,jagakarsa
2024-04-05,117.08333333333333,Tidak Sehat,4,4,28.7,80.1,5.2,23.4,19.7,2.49,kebun jeruk
2024-04-05,107.125,Tidak Sehat,4,4,28.8,81.0,5.0,24.5,20.2,1.333,kelapa gading
2024-04-05,108.25,Tidak Sehat,4,4,28.4,81.7,4.3,24.5,20.2,2.3,lubang buaya
2024-04-05,85.11660268412366,Sedang,4,4,28.77777777777778,80.6,3.1,14.5,19.7,0.118,us embassy 1
2024-04-05,108.35615902201572,Tidak Sehat,4,4,28.6,80.8,4.9,23.4,19.7,2.622,us embassy 2
2024-04-06,86.58333333333333,Sedang,4,5,28.7,80.7,5.2,19.8,19.3,0.059,bundaran hi
2024-04-06,90.625,Sedang,4,5,28.5,81.5,4.9,19.8,19.3,2.627,jagakarsa
2024-04-06,90.04166666666667,Sedang,4,5,28.9,78.7,5.9,19.8,19.3,0.453,kebun jeruk
2024-04-06,89.58333333333333,Sedang,4,5,28.7,81.4,5.1,20.9,19.0,1.665,kelapa gading
2024-04-06,95.375,Sedang,4,5,28.5,82.5,4.2,20.9,19.0,0.758,lubang buaya
2024-04-06,84.78999129920197,Sedang,4,5,28.72222222222222,80.5,3.3,12.3,19.3,0.0,us embassy 1
2024-04-06,102.58838451050303,Tidak Sehat,4,5,28.7,80.6,5.2,19.8,19.3,0.391,us embassy 2
2024-04-07,70.29166666666667,Sedang,4,6,29.4,77.3,6.2,19.4,20.6,0.0,bundaran hi
2024-04-07,75.16666666666667,Sedang,4,6,29.1,77.9,6.1,19.4,20.6,0.0,jagakarsa
2024-04-07,77.66666666666667,Sedang,4,6,29.5,76.5,6.8,19.4,20.6,0.0,kebun jeruk
2024-04-07,73.25,Sedang,4,6,29.4,78.0,6.2,22.0,18.9,0.0,kelapa gading
2024-04-07,85.83333333333333,Sedang,4,6,29.1,78.7,5.6,22.0,18.9,0.0,lubang buaya
2024-04-07,70.77898465209881,Sedang,4,6,29.38888888888889,77.2,3.9,12.1,20.6,0.0,us embassy 1
2024-04-07,85.40094025492766,Sedang,4,6,29.4,77.4,6.2,19.4,20.6,0.0,us embassy 2
2024-04-08,73.91666666666667,Sedang,4,0,29.5,74.8,5.9,16.9,23.6,0.0,bundaran hi
2024-04-08,72.83333333333333,Sedang,4,0,29.2,75.8,5.8,16.9,23.6,0.0,jagakarsa
2024-04-08,70.08333333333333,Sedang,4,0,29.5,74.5,6.8,16.9,23.6,0.0,kebun jeruk
2024-04-08,76.16666666666667,Sedang,4,0,29.5,75.7,6.0,18.4,24.0,0.0,kelapa gading
2024-04-08,86.58333333333333,Sedang,4,0,29.2,76.6,5.1,18.4,24.0,0.0,lubang buaya
2024-04-08,68.91569438926335,Sedang,4,0,29.55555555555556,74.7,3.7,10.5,23.6,0.0,us embassy 1
2024-04-08,83.10060952585738,Sedang,4,0,29.5,75.2,6.0,16.9,23.6,0.0,us embassy 2
2024-04-09,74.0,Sedang,4,1,28.2,79.3,6.1,46.4,19.3,0.188,bundaran hi
2024-04-09,73.0,Sedang,4,1,27.8,81.0,6.0,46.4,19.3,2.097,jagakarsa
2024-04-09,69.0,Sedang,4,1,28.1,79.0,6.8,46.4,19.3,1.764,kebun jeruk
2024-04-09,76.0,Sedang,4,1,28.1,80.6,6.1,46.4,19.4,5.074,kelapa gading
2024-04-09,87.0,Sedang,4,1,27.8,82.0,5.5,46.4,19.4,2.537,lubang buaya
2024-04-09,55.6615177205262,Sedang,4,1,28.277777777777786,79.1,3.8,28.9,19.3,0.001,us embassy 1
2024-04-09,70.0203744238397,Sedang,4,1,28.1,79.9,6.2,46.4,19.3,1.388,us embassy 2
2024-04-10,74.0,Sedang,4,2,28.5,79.4,6.0,35.3,22.3,0.681,bundaran hi
2024-04-10,73.0,Sedang,4,2,28.3,80.2,5.9,35.3,22.3,0.837,jagakarsa
2024-04-10,69.0,Sedang,4,2,28.7,77.9,6.8,35.3,22.3,0.417,kebun jeruk
2024-04-10,76.0,Sedang,4,2,28.5,80.3,6.0,35.3,22.8,0.28,kelapa gading
2024-04-10,87.0,Sedang,4,2,28.3,81.3,5.4,35.3,22.8,0.433,lubang buaya
2024-04-10,76.87799110745048,Sedang,4,2,28.55555555555556,79.2,3.7,21.9,22.3,0.027,us embassy 1
2024-04-10,99.25454957642968,Sedang,4,2,28.5,79.5,6.1,35.3,22.3,0.527,us embassy 2
2024-04-11,62.541666666666664,Sedang,4,3,29.1,77.6,6.8,23.0,19.6,0.0,bundaran hi
2024-04-11,59.5,Sedang,4,3,28.9,77.9,7.0,23.0,19.6,1.236,jagakarsa
2024-04-11,62.166666666666664,Sedang,4,3,29.0,77.8,7.4,23.0,19.6,0.0,kebun jeruk
2024-04-11,65.33333333333333,Sedang,4,3,29.2,77.8,7.1,24.1,19.8,0.0,kelapa gading
2024-04-11,72.125,Sedang,4,3,29.1,77.5,6.7,24.1,19.8,0.0,lubang buaya
2024-04-11,64.64623939489238,Sedang,4,3,29.05555555555556,77.6,4.2,14.3,19.6,0.0,us embassy 1
2024-04-11,74.9306327951032,Sedang,4,3,29.1,77.6,7.0,23.0,19.6,0.0,us embassy 2
2024-04-12,47.208333333333336,Baik,4,4,26.9,89.1,4.9,37.1,17.6,40.69,bundaran hi
2024-04-12,55.041666666666664,Sedang,4,4,26.6,90.8,4.6,37.1,17.6,38.235,jagakarsa
2024-04-12,52.208333333333336,Sedang,4,4,27.0,87.8,5.4,37.1,17.6,39.85,kebun jeruk
2024-04-12,48.791666666666664,Baik,4,4,26.8,90.8,4.7,37.1,17.3,64.349,kelapa gading
2024-04-12,53.833333333333336,Sedang,4,4,26.5,92.8,4.0,37.1,17.3,45.887,lubang buaya
2024-04-12,44.789831600000205,Baik,4,4,26.944444444444443,88.9,3.1,23.0,17.6,1.58,us embassy 1
2024-04-12,61.34824474274479,Sedang,4,4,26.8,89.7,4.8,37.1,17.6,42.123,us embassy 2
2024-04-13,51.166666666666664,Sedang,4,5,29.2,78.7,5.9,33.5,19.5,0.065,bundaran hi
2024-04-13,55.791666666666664,Sedang,4,5,29.0,78.7,5.9,33.5,19.5,0.97,jagakarsa
2024-04-13,60.083333333333336,Sedang,4,5,29.1,78.7,6.4,33.5,19.5,1.218,kebun jeruk
2024-04-13,55.833333333333336,Sedang,4,5,29.2,78.8,6.0,33.5,20.6,1.273,kelapa gading
2024-04-13,58.583333333333336,Sedang,4,5,29.2,78.2,5.6,33.5,20.6,0.926,lubang buaya
2024-04-13,49.54521235411344,Baik,4,5,29.22222222222222,78.7,3.7,20.8,19.5,0.0,us embassy 1
2024-04-13,63.056604881688706,Sedang,4,5,29.2,78.7,6.0,33.5,19.5,0.666,us embassy 2
2024-04-14,39.541666666666664,Baik,4,6,28.3,82.0,6.0,27.7,19.3,0.262,bundaran hi
2024-04-14,56.0,Sedang,4,6,28.0,83.2,5.8,22.0,19.3,10.786,jagakarsa
2024-04-14,56.958333333333336,Sedang,4,6,28.3,81.5,6.7,27.7,19.3,5.724,kebun jeruk
2024-04-14,55.25,Sedang,4,6,28.3,82.8,6.1,25.2,19.1,4.227,kelapa gading
2024-04-14,60.916666666666664,Sedang,4,6,28.0,83.8,5.5,25.2,19.1,4.213,lubang buaya
2024-04-14,49.27648931656538,Baik,4,6,28.33333333333333,81.9,3.8,17.2,19.3,0.002,us embassy 1
2024-04-14,64.61382107739692,Sedang,4,6,28.2,82.3,6.1,27.7,19.3,3.219,us embassy 2
2024-04-15,45.75,Baik,4,0,29.4,77.5,6.7,24.5,19.0,0.974,bundaran hi
2024-04-15,52.875,Sedang,4,0,29.2,78.1,6.6,24.5,19.0,0.673,jagakarsa
2024-04-15,37.625,Baik,4,0,29.3,77.5,7.6,24.5,19.0,0.62,kebun jeruk
2024-04-15,54.583333333333336,Sedang,4,0,29.4,77.8,6.7,25.9,18.8,0.404,kelapa gading
2024-04-15,55.0,Sedang,4,0,29.2,78.0,6.1,25.9,18.8,0.642,lubang buaya
2024-04-15,45.51980396856422,Baik,4,0,29.38888888888889,77.4,4.2,15.2,19.0,0.039,us embassy 1
2024-04-15,62.528270978086404,Sedang,4,0,29.3,77.6,6.9,24.5,19.0,0.768,us embassy 2
2024-04-16,71.25,Sedang,4,1,30.5,73.8,6.9,29.2,21.1,0.008,bundaran hi
2024-04-16,71.08333333333333,Sedang,4,1,30.2,74.2,6.9,29.2,21.1,0.607,jagakarsa
2024-04-16,67.5,Sedang,4,1,30.3,74.4,7.5,29.2,21.1,0.257,kebun jeruk
2024-04-16,74.0,Sedang,4,1,30.5,74.2,7.0,30.2,21.6,0.057,kelapa gading
2024-04-16,84.08333333333333,Sedang,4,1,30.4,73.2,6.6,30.2,21.6,0.245,lubang buaya
2024-04-16,35.86380135488938,Baik,4,1,30.444444444444443,73.8,4.3,18.1,21.1,0.0,us embassy 1
2024-04-16,56.94981326719935,Sedang,4,1,30.4,74.0,7.0,29.2,21.1,0.172,us embassy 2
2024-04-17,74.0,Sedang,4,2,28.9,79.7,6.4,46.4,21.3,26.54,bundaran hi
2024-04-17,73.0,Sedang,4,2,28.6,80.0,6.3,46.4,21.3,21.86,jagakarsa
2024-04-17,69.0,Sedang,4,2,28.7,79.7,6.7,46.4,21.3,20.72,kebun jeruk
2024-04-17,76.0,Sedang,4,2,28.9,80.0,6.4,46.4,21.9,15.922,kelapa gading
2024-04-17,87.0,Sedang,4,2,28.8,79.4,6.1,46.4,21.9,21.438,lubang buaya
2024-04-17,58.98522973585745,Sedang,4,2,28.944444444444443,79.6,4.0,28.9,21.3,1.06,us embassy 1
2024-04-17,73.37745097167608,Sedang,4,2,28.8,79.7,6.4,46.4,21.3,23.387,us embassy 2
2024-04-18,74.0,Sedang,4,3,28.9,77.5,6.2,44.6,21.6,0.281,bundaran hi
2024-04-18,73.0,Sedang,4,3,28.6,78.7,6.1,44.6,21.6,12.399,jagakarsa
2024-04-18,69.0,Sedang,4,3,28.6,78.0,6.5,44.6,21.6,5.064,kebun jeruk
2024-04-18,76.0,Sedang,4,3,28.9,78.1,6.3,44.6,22.0,5.302,kelapa gading
2024-04-18,87.0,Sedang,4,3,28.8,79.1,5.9,44.6,22.0,5.698,lubang buaya
2024-04-18,64.06847434288024,Sedang,4,3,28.88888888888889,77.5,3.8,27.7,21.6,0.002,us embassy 1
2024-04-18,76.32140703476193,Sedang,4,3,28.8,78.0,6.2,44.6,21.6,3.627,us embassy 2
2024-04-19,74.0,Sedang,4,4,29.1,76.8,6.1,23.0,17.4,0.0,bundaran hi
2024-04-19,73.0,Sedang,4,4,28.8,78.1,5.9,23.0,17.4,2.031,jagakarsa
2024-04-19,69.0,Sedang,4,4,28.9,77.8,6.6,23.0,17.4,0.0,kebun jeruk
2024-04-19,76.0,Sedang,4,4,29.1,77.5,6.2,25.6,17.4,0.0,kelapa gading
2024-04-19,87.0,Sedang,4,4,29.0,77.6,5.6,25.6,17.4,0.0,lubang buaya
2024-04-19,65.34177107975098,Sedang,4,4,29.11111111111111,76.8,3.8,14.3,17.4,0.0,us embassy 1
2024-04-19,69.05537924971075,Sedang,4,4,29.0,77.4,6.1,23.0,17.4,0.0,us embassy 2
2024-04-20,74.0,Sedang,4,5,29.4,77.4,5.6,29.2,16.5,0.068,bundaran hi
2024-04-20,73.0,Sedang,4,5,29.1,78.1,5.4,29.2,16.5,2.899,jagakarsa
2024-04-20,69.0,Sedang,4,5,29.3,77.8,6.0,29.2,16.5,2.072,kebun jeruk
2024-04-20,76.0,Sedang,4,5,29.4,77.8,5.8,29.2,16.7,0.619,kelapa gading
2024-04-20,87.0,Sedang,4,5,29.3,77.6,5.0,29.2,16.7,1.451,lubang buaya
2024-04-20,71.02199075580461,Sedang,4,5,29.444444444444443,77.3,3.5,18.1,16.5,0.0,us embassy 1
2024-04-20,84.91818693172952,Sedang,4,5,29.3,77.7,5.6,29.2,16.5,1.139,us embassy 2
2024-04-21,74.0,Sedang,4,6,28.7,81.3,5.8,23.8,17.6,0.23,bundaran hi
2024-04-21,73.0,Sedang,4,6,28.2,83.2,5.5,23.8,17.6,11.25,jagakarsa
2024-04-21,69.0,Sedang,4,6,28.5,82.1,6.1,23.8,17.6,7.564,kebun jeruk
2024-04-21,76.0,Sedang,4,6,28.6,82.4,5.8,24.1,19.2,1.507,kelapa gading
2024-04-21,87.0,Sedang,4,6,28.2,83.4,5.1,24.1,19.2,5.126,lubang buaya
2024-04-21,62.97986356699058,Sedang,4,6,28.72222222222222,81.2,3.6,14.8,17.6,0.002,us embassy 1
2024-04-21,80.49707956879705,Sedang,4,6,28.5,82.1,5.7,23.8,17.6,4.14,us embassy 2
2024-04-22,71.41666666666667,Sedang,4,0,30.1,73.6,5.9,22.3,20.4,0.014,bundaran hi
2024-04-22,74.33333333333333,Sedang,4,0,29.6,75.2,5.7,22.3,20.4,1.613,jagakarsa
2024-04-22,78.29166666666667,Sedang,4,0,29.9,74.2,6.2,22.3,20.4,0.428,kebun jeruk
2024-04-22,71.95833333333333,Sedang,4,0,30.0,74.6,6.0,22.3,19.8,0.095,kelapa gading
2024-04-22,84.08333333333333,Sedang,4,0,29.8,74.8,5.5,22.3,19.8,0.408,lubang buaya
2024-04-22,40.24105220376941,Baik,4,0,30.11111111111111,73.5,3.7,13.9,20.4,0.0,us embassy 1
2024-04-22,82.39464026733981,Sedang,4,0,30.0,74.2,5.9,22.3,20.4,0.287,us embassy 2
2024-04-23,68.95833333333333,Sedang,4,1,29.0,80.5,5.7,33.5,16.1,0.038,bundaran hi
2024-04-23,76.79166666666667,Sedang,4,1,28.5,82.2,5.5,33.5,16.1,2.968,jagakarsa
2024-04-23,77.79166666666667,Sedang,4,1,29.0,79.8,6.1,33.5,16.1,1.183,kebun jeruk
2024-04-23,68.25,Sedang,4,1,29.0,81.2,5.8,33.5,16.4,0.264,kelapa gading
2024-04-23,81.79166666666667,Sedang,4,1,28.5,83.0,5.1,33.5,16.4,1.127,lubang buaya
2024-04-23,34.11971532005891,Baik,4,1,29.05555555555556,80.3,3.5,20.8,16.1,0.0,us embassy 1
2024-04-23,80.44887867500637,Sedang,4,1,28.9,81.0,5.7,33.5,16.1,0.793,us embassy 2
2024-04-24,71.58333333333333,Sedang,4,2,29.1,79.7,5.2,20.5,17.3,5.313,bundaran hi
2024-04-24,66.08333333333333,Sedang,4,2,28.6,81.4,4.8,20.5,17.3,15.797,jagakarsa
2024-04-24,79.54166666666667,Sedang,4,2,29.0,78.9,5.5,20.5,17.3,9.56,kebun jeruk
2024-04-24,71.45833333333333,Sedang,4,2,29.0,80.6,5.2,21.6,18.6,11.805,kelapa gading
2024-04-24,76.20833333333333,Sedang,4,2,28.6,82.0,4.5,21.6,18.6,11.11,lubang buaya
2024-04-24,70.49157219303424,Sedang,4,2,29.166666666666668,79.6,3.3,12.8,17.3,0.199,us embassy 1
2024-04-24,79.26007989106883,Sedang,4,2,29.0,80.2,5.1,20.5,17.3,8.638,us embassy 2
2024-04-25,74.25,Sedang,4,3,28.8,81.5,5.6,20.2,14.1,8.449,bundaran hi
2024-04-25,72.5,Sedang,4,3,28.6,82.3,5.4,20.2,14.1,16.794,jagakarsa
2024-04-25,70.58333333333333,Sedang,4,3,28.8,80.6,6.0,20.2,14.1,10.077,kebun jeruk
2024-04-25,76.08333333333333,Sedang,4,3,28.7,82.3,5.7,20.5,14.1,21.759,kelapa gading
2024-04-25,86.5,Sedang,4,3,28.7,82.6,5.1,20.5,14.1,13.66,lubang buaya
2024-04-25,75.20633834587962,Sedang,4,3,28.83333333333333,81.4,3.5,12.5,14.1,0.318,us embassy 1
2024-04-25,21.3127977983874,Baik,4,3,28.8,81.6,5.6,20.2,14.1,10.565,us embassy 2
2024-04-26,64.58333333333333,Sedang,4,4,29.0,80.3,5.8,26.3,18.0,0.745,bundaran hi
2024-04-26,63.375,Sedang,4,4,28.4,82.3,5.4,26.3,18.0,21.033,jagakarsa
2024-04-26,44.166666666666664,Baik,4,4,28.8,80.6,6.1,26.3,18.0,10.163,kebun jeruk
2024-04-26,69.20833333333333,Sedang,4,4,28.8,81.5,5.7,31.0,18.8,4.125,kelapa gading
2024-04-26,75.95833333333333,Sedang,4,4,28.4,83.0,5.1,31.0,18.8,9.325,lubang buaya
2024-04-26,60.69824688442575,Sedang,4,4,29.0,80.2,3.7,16.3,18.0,0.017,us embassy 1
2024-04-26,73.11767805383174,Sedang,4,4,28.8,81.2,5.7,26.3,18.0,6.627,us embassy 2
2024-04-27,70.04166666666667,Sedang,4,5,28.6,82.7,5.5,31.7,13.7,1.032,bundaran hi
2024-04-27,61.5,Sedang,4,5,28.1,84.6,5.2,31.7,13.7,15.623,jagakarsa
2024-04-27,72.29166666666667,Sedang,4,5,28.4,82.9,5.7,31.7,13.7,8.526,kebun jeruk
2024-04-27,75.29166666666667,Sedang,4,5,28.5,83.6,5.5,31.3,14.7,2.106,kelapa gading
2024-04-27,65.125,Sedang,4,5,28.1,85.3,4.9,31.3,14.7,6.921,lubang buaya
2024-04-27,65.30341579301697,Sedang,4,5,28.61111111111111,82.6,3.4,19.7,13.7,0.032,us embassy 1
2024-04-27,76.95683738708537,Sedang,4,5,28.4,83.5,5.4,31.7,13.7,5.416,us embassy 2
2024-04-28,70.66666666666667,Sedang,4,6,29.5,79.3,5.8,24.1,16.4,1.095,bundaran hi
2024-04-28,67.45833333333333,Sedang,4,6,29.2,80.0,5.7,24.1,16.4,3.556,jagakarsa
2024-04-28,71.58333333333333,Sedang,4,6,29.2,79.7,6.2,24.1,16.4,2.658,kebun jeruk
2024-04-28,70.58333333333333,Sedang,4,6,29.5,79.8,5.9,24.1,16.8,2.895,kelapa gading
2024-04-28,40.0,Baik,4,6,29.5,79.8,5.3,24.1,16.8,2.604,lubang buaya
2024-04-28,65.72298241457385,Sedang,4,6,29.444444444444443,79.3,3.6,15.0,16.4,0.039,us embassy 1
2024-04-28,79.05153734523371,Sedang,4,6,29.4,79.6,5.8,24.1,16.4,2.091,us embassy 2
2024-04-29,68.125,Sedang,4,0,30.9,73.6,6.4,33.5,20.8,0.0,bundaran hi
2024-04-29,72.375,Sedang,4,0,30.7,73.8,6.4,33.5,20.8,0.0,jagakarsa
2024-04-29,67.75,Sedang,4,0,30.7,74.5,7.0,33.5,20.8,0.0,kebun jeruk
2024-04-29,69.95833333333333,Sedang,4,0,30.9,73.9,6.6,33.5,21.4,0.0,kelapa gading
2024-04-29,79.54166666666667,Sedang,4,0,30.9,72.5,6.2,33.5,21.4,0.0,lubang buaya
2024-04-29,67.02539405330214,Sedang,4,0,30.944444444444443,73.7,4.0,20.8,20.8,0.0,us embassy 1
2024-04-29,85.01863691323196,Sedang,4,0,30.8,73.8,6.5,33.5,20.8,0.0,us embassy 2
2024-04-30,67.54166666666667,Sedang,4,1,30.6,75.7,5.9,20.2,20.6,0.06,bundaran hi
2024-04-30,73.08333333333333,Sedang,4,1,30.2,76.0,5.6,20.2,20.6,1.963,jagakarsa
2024-04-30,70.20833333333333,Sedang,4,1,30.3,76.6,6.0,20.2,20.6,2.106,kebun jeruk
2024-04-30,69.79166666666667,Sedang,4,1,30.6,75.7,6.1,20.9,21.0,0.377,kelapa gading
2024-04-30,86.75,Sedang,4,1,30.4,74.7,5.5,20.9,21.0,0.986,lubang buaya
2024-04-30,61.00295576915246,Sedang,4,1,30.61111111111111,75.7,3.7,12.5,20.6,0.0,us embassy 1
2024-04-30,75.89303979499617,Sedang,4,1,30.4,75.9,5.8,20.2,20.6,0.941,us embassy 2
2024-05-01,64.75,Sedang,5,2,29.4,77.9,5.6,23.4,18.1,0.073,bundaran hi
2024-05-01,67.0,Sedang,5,2,29.4,78.3,5.5,23.4,18.1,1.798,jagakarsa
2024-05-01,68.125,Sedang,5,2,29.1,79.3,6.1,23.4,18.1,2.507,kebun jeruk
2024-05-01,66.66666666666667,Sedang,5,2,29.5,78.0,5.6,23.4,18.6,0.45,kelapa gading
2024-05-01,29.833333333333332,Baik,5,2,29.5,77.7,5.3,23.4,18.6,1.121,lubang buaya
2024-05-01,62.260374493633684,Sedang,5,2,29.444444444444443,77.9,3.5,14.5,18.1,0.142,us embassy 1
2024-05-01,76.99252096562303,Sedang,5,2,29.4,78.2,5.7,23.4,18.1,1.113,us embassy 2
2024-05-02,70.08333333333333,Sedang,5,3,30.3,75.6,5.6,35.3,19.9,0.006,bundaran hi
2024-05-02,68.125,Sedang,5,3,30.1,76.2,5.4,35.3,19.9,3.406,jagakarsa
2024-05-02,72.83333333333333,Sedang,5,3,30.0,76.3,6.2,35.3,19.9,0.171,kebun jeruk
2024-05-02,69.08333333333333,Sedang,5,3,30.3,76.1,5.6,35.3,19.9,0.038,kelapa gading
2024-05-02,66.29166666666667,Sedang,5,3,30.4,75.7,5.0,35.3,19.9,0.163,lubang buaya
2024-05-02,67.82031171514959,Sedang,5,3,30.33333333333333,75.6,3.5,21.9,19.9,0.036,us embassy 1
2024-05-02,83.02831164579545,Sedang,5,3,30.3,75.9,5.6,35.3,19.9,0.115,us embassy 2
2024-05-03,82.58333333333333,Sedang,5,4,29.5,79.5,5.5,22.3,19.6,0.006,bundaran hi
2024-05-03,74.33333333333333,Sedang,5,4,28.9,81.6,5.2,22.3,19.6,0.405,jagakarsa
2024-05-03,93.29166666666667,Sedang,5,4,29.4,78.9,5.7,22.3,19.6,0.171,kebun jeruk
2024-05-03,80.625,Sedang,5,4,29.3,81.0,5.6,22.0,20.4,0.038,kelapa gading
2024-05-03,91.0,Sedang,5,4,28.8,82.7,4.9,22.0,20.4,0.163,lubang buaya
2024-05-03,74.4595728133598,Sedang,5,4,29.5,79.3,3.4,13.9,19.6,0.0,us embassy 1
2024-05-03,93.05792665973782,Sedang,5,4,29.3,80.2,5.4,22.3,19.6,0.115,us embassy 2
2024-05-04,74.0,Sedang,5,5,29.5,73.6,6.2,17.3,20.3,0.028,bundaran hi
2024-05-04,73.0,Sedang,5,5,29.1,75.4,6.1,17.3,20.3,2.862,jagakarsa
2024-05-04,69.0,Sedang,5,5,29.4,73.3,6.7,17.3,20.3,0.857,kebun jeruk
2024-05-04,76.0,Sedang,5,5,29.4,74.6,6.3,16.9,20.5,0.192,kelapa gading
2024-05-04,87.0,Sedang,5,5,29.1,76.0,5.7,16.9,20.5,0.817,lubang buaya
2024-05-04,84.53631077192343,Sedang,5,5,29.55555555555556,73.4,3.9,10.7,20.3,0.0,us embassy 1
2024-05-04,98.25376166866572,Sedang,5,5,29.4,74.2,6.2,17.3,20.3,0.575,us embassy 2
2024-05-05,74.0,Sedang,5,6,29.9,72.5,5.6,18.7,19.9,0.0,bundaran hi
2024-05-05,73.0,Sedang,5,6,29.6,73.3,5.3,18.7,19.9,0.026,jagakarsa
2024-05-05,69.0,Sedang,5,6,29.7,72.1,6.0,18.7,19.9,0.0,kebun jeruk
2024-05-05,76.0,Sedang,5,6,29.8,73.2,5.7,18.0,20.7,0.0,kelapa gading
2024-05-05,87.0,Sedang,5,6,29.7,73.1,4.9,18.0,20.7,0.0,lubang buaya
2024-05-05,84.66769115781857,Sedang,5,6,29.88888888888889,72.4,3.5,11.6,19.9,0.0,us embassy 1
2024-05-05,97.54240662152684,Sedang,5,6,29.8,72.7,5.6,18.7,19.9,0.0,us embassy 2
2024-05-06,80.04166666666667,Sedang,5,0,29.8,71.7,5.7,18.7,19.9,0.017,bundaran hi
2024-05-06,72.33333333333333,Sedang,5,0,29.4,72.7,5.5,18.7,19.9,1.214,jagakarsa
2024-05-06,83.16666666666667,Sedang,5,0,29.7,71.9,6.0,18.7,19.9,0.514,kebun jeruk
2024-05-06,85.79166666666667,Sedang,5,0,29.8,72.6,5.8,19.8,20.9,0.115,kelapa gading
2024-05-06,95.0,Sedang,5,0,29.5,72.5,5.2,19.8,20.9,0.49,lubang buaya
2024-05-06,72.91373663331154,Sedang,5,0,29.83333333333333,71.6,3.6,11.6,19.9,0.0,us embassy 1
2024-05-06,95.49006065868976,Sedang,5,0,29.7,72.0,5.7,18.7,19.9,0.345,us embassy 2
2024-05-07,89.625,Sedang,5,1,30.3,69.2,5.8,20.5,21.1,0.0,bundaran hi
2024-05-07,81.04166666666667,Sedang,5,1,29.9,70.2,5.7,20.5,21.1,0.088,jagakarsa
2024-05-07,105.0,Tidak Sehat,5,1,29.9,70.4,6.0,20.5,21.1,0.0,kebun jeruk
2024-05-07,96.41666666666667,Sedang,5,1,30.2,69.9,6.0,21.6,21.8,0.0,kelapa gading
2024-05-07,103.875,Tidak Sehat,5,1,30.1,69.2,5.5,21.6,21.8,0.0,lubang buaya
2024-05-07,47.516415995082006,Baik,5,1,30.27777777777778,69.2,3.6,12.8,21.1,0.0,us embassy 1
2024-05-07,102.11886108364116,Tidak Sehat,5,1,30.1,69.7,5.8,20.5,21.1,0.0,us embassy 2
2024-05-08,87.66666666666667,Sedang,5,2,29.6,73.3,5.2,16.6,18.4,0.1,bundaran hi
2024-05-08,90.25,Sedang,5,2,29.5,73.7,5.1,16.6,18.4,0.009,jagakarsa
2024-05-08,105.91666666666667,Tidak Sehat,5,2,29.6,72.6,5.8,16.6,18.4,0.1,kebun jeruk
2024-05-08,89.625,Sedang,5,2,29.6,73.7,5.2,16.6,19.3,0.0,kelapa gading
2024-05-08,101.91666666666667,Tidak Sehat,5,2,29.6,73.7,4.7,16.6,19.3,0.0,lubang buaya
2024-05-08,84.46310828051936,Sedang,5,2,29.666666666666668,73.2,3.3,10.3,18.4,0.004,us embassy 1
2024-05-08,105.22914024216338,Tidak Sehat,5,2,29.6,73.3,5.3,16.6,18.4,0.1,us embassy 2
2024-05-09,92.41666666666667,Sedang,5,3,30.0,71.9,5.7,38.9,20.7,0.0,bundaran hi
2024-05-09,90.375,Sedang,5,3,29.7,71.9,5.5,22.7,20.7,0.0,jagakarsa
2024-05-09,110.33333333333333,Tidak Sehat,5,3,29.8,72.4,5.9,38.9,20.7,0.0,kebun jeruk
2024-05-09,100.29166666666667,Tidak Sehat,5,3,30.0,71.9,5.7,23.0,21.0,0.0,kelapa gading
2024-05-09,109.375,Tidak Sehat,5,3,29.8,70.9,5.2,23.0,21.0,0.0,lubang buaya
2024-05-09,88.42358482298597,Sedang,5,3,30.0,72.0,3.5,24.2,20.7,0.0,us embassy 1
2024-05-09,117.43904062544355,Tidak Sehat,5,3,29.9,71.9,5.6,38.9,20.7,0.0,us embassy 2
2024-05-10,73.08333333333333,Sedang,5,4,30.3,74.2,6.4,40.7,22.1,0.002,bundaran hi
2024-05-10,81.20833333333333,Sedang,5,4,30.0,74.9,6.3,40.7,22.1,0.177,jagakarsa
2024-05-10,87.125,Sedang,5,4,30.2,74.3,7.0,40.7,22.1,0.026,kebun jeruk
2024-05-10,100.29166666666667,Tidak Sehat,5,4,30.3,74.9,6.6,40.7,22.3,0.018,kelapa gading
2024-05-10,98.16666666666667,Sedang,5,4,30.1,74.7,6.1,40.7,22.3,0.106,lubang buaya
2024-05-10,86.15353059935491,Sedang,5,4,30.33333333333333,74.2,4.0,25.3,22.1,0.0,us embassy 1
2024-05-10,102.22426684876937,Tidak Sehat,5,4,30.2,74.4,6.5,40.7,22.1,0.026,us embassy 2
2024-05-11,76.95833333333333,Sedang,5,5,30.4,74.0,6.0,26.6,19.7,0.049,bundaran hi
2024-05-11,77.66666666666667,Sedang,5,5,29.9,76.0,5.9,26.6,19.7,3.351,jagakarsa
2024-05-11,81.04166666666667,Sedang,5,5,30.2,75.1,6.2,26.6,19.7,1.508,kebun jeruk
2024-05-11,98.75,Sedang,5,5,30.3,75.3,6.2,27.7,20.2,0.334,kelapa gading
2024-05-11,93.66666666666667,Sedang,5,5,30.1,75.4,5.8,27.7,20.2,1.313,lubang buaya
2024-05-11,79.87576606118935,Sedang,5,5,30.444444444444443,74.0,3.7,16.6,19.7,0.0,us embassy 1
2024-05-11,94.37261110737973,Sedang,5,5,30.3,74.8,6.0,26.6,19.7,0.963,us embassy 2
2024-05-12,73.91666666666667,Sedang,5,6,30.6,70.8,6.2,25.2,20.8,0.0,bundaran hi
2024-05-12,76.25,Sedang,5,6,30.2,71.5,6.1,25.2,20.8,0.0,jagakarsa
2024-05-12,87.0,Sedang,5,6,30.3,71.6,6.4,25.2,20.8,0.0,kebun jeruk
2024-05-12,90.625,Sedang,5,6,30.5,71.3,6.4,26.3,21.1,0.0,kelapa gading
2024-05-12,87.70833333333333,Sedang,5,6,30.4,70.9,5.9,26.3,21.1,0.0,lubang buaya
2024-05-12,72.03725888648843,Sedang,5,6,30.55555555555556,70.8,3.9,15.7,20.8,0.0,us embassy 1
2024-05-12,90.76691933212437,Sedang,5,6,30.4,71.1,6.2,25.2,20.8,0.0,us embassy 2
2024-05-13,68.83333333333333,Sedang,5,0,30.4,73.3,6.3,40.7,18.8,0.056,bundaran hi
2024-05-13,67.25,Sedang,5,0,30.0,74.1,6.2,40.7,18.8,4.045,jagakarsa
2024-05-13,75.83333333333333,Sedang,5,0,30.1,74.4,6.7,40.7,18.8,1.714,kebun jeruk
2024-05-13,84.04166666666667,Sedang,5,0,30.4,73.7,6.5,40.7,19.6,0.383,kelapa gading
2024-05-13,84.83333333333333,Sedang,5,0,30.3,73.1,6.0,40.7,19.6,1.634,lubang buaya
2024-05-13,69.00810905822745,Sedang,5,0,30.38888888888889,73.3,3.9,25.3,18.8,0.0,us embassy 1
2024-05-13,80.97529220316595,Sedang,5,0,30.3,73.7,6.4,40.7,18.8,1.149,us embassy 2
2024-05-14,79.29166666666667,Sedang,5,1,28.7,80.5,5.4,25.9,15.3,26.223,bundaran hi
2024-05-14,71.91666666666667,Sedang,5,1,28.4,81.2,5.2,25.9,15.3,10.323,jagakarsa
2024-05-14,95.16666666666667,Sedang,5,1,28.4,80.6,5.2,25.9,15.3,14.424,kebun jeruk
2024-05-14,93.0,Sedang,5,1,28.7,80.7,5.5,26.3,16.1,10.397,kelapa gading
2024-05-14,73.91666666666667,Sedang,5,1,28.6,80.6,5.3,26.3,16.1,15.134,lubang buaya
2024-05-14,78.3117764165702,Sedang,5,1,28.666666666666668,80.5,3.3,16.1,15.3,1.058,us embassy 1
2024-05-14,96.14202562034312,Sedang,5,1,28.6,80.7,5.3,25.9,15.3,19.195,us embassy 2
2024-05-15,81.125,Sedang,5,2,29.8,73.5,5.7,22.3,19.4,1.943,bundaran hi
2024-05-15,74.75,Sedang,5,2,29.6,74.1,5.5,22.3,19.4,0.812,jagakarsa
2024-05-15,95.41666666666667,Sedang,5,2,29.7,74.7,6.2,22.3,19.4,1.122,kebun jeruk
2024-05-15,85.95833333333333,Sedang,5,2,29.8,73.8,5.8,23.8,20.6,0.776,kelapa gading
2024-05-15,99.08333333333333,Sedang,5,2,29.7,73.7,5.2,23.8,20.6,1.092,lubang buaya
2024-05-15,85.69420982209908,Sedang,5,2,29.83333333333333,73.6,3.6,13.9,19.4,0.078,us embassy 1
2024-05-15,105.50083144330387,Tidak Sehat,5,2,29.8,73.9,5.7,22.3,19.4,1.433,us embassy 2
2024-05-16,93.375,Sedang,5,3,30.0,73.2,5.7,18.0,19.5,0.0,bundaran hi
2024-05-16,81.41666666666667,Sedang,5,3,29.6,74.3,5.4,18.0,19.5,0.371,jagakarsa
2024-05-16,98.95833333333333,Sedang,5,3,29.8,73.2,5.9,18.0,19.5,0.0,kebun jeruk
2024-05-16,108.66666666666667,Tidak Sehat,5,3,29.9,73.9,5.7,19.4,20.5,0.0,kelapa gading
2024-05-16,106.04166666666667,Tidak Sehat,5,3,29.7,74.0,5.0,19.4,20.5,0.0,lubang buaya
2024-05-16,91.38795136428428,Sedang,5,3,30.0,73.1,3.5,11.2,19.5,0.0,us embassy 1
2024-05-16,103.97453479628773,Tidak Sehat,5,3,29.9,73.5,5.6,18.0,19.5,0.0,us embassy 2
2024-05-17,91.75,Sedang,5,4,29.9,71.1,5.8,20.9,19.9,0.061,bundaran hi
2024-05-17,74.83333333333333,Sedang,5,4,29.5,72.8,5.5,20.9,19.9,4.671,jagakarsa
2024-05-17,93.66666666666667,Sedang,5,4,29.9,71.1,6.2,20.9,19.9,1.893,kebun jeruk
2024-05-17,102.41666666666667,Tidak Sehat,5,4,29.8,72.2,5.9,21.2,20.7,0.426,kelapa gading
2024-05-17,102.45833333333333,Tidak Sehat,5,4,29.5,72.8,5.1,21.2,20.7,1.823,lubang buaya
2024-05-17,79.99083559880017,Sedang,5,4,30.0,70.9,3.6,13.0,19.9,0.0,us embassy 1
2024-05-17,80.77418481856805,Sedang,5,4,29.8,71.7,5.7,20.9,19.9,1.271,us embassy 2
2024-05-18,93.75,Sedang,5,5,29.9,72.1,5.7,19.1,17.9,0.0,bundaran hi
2024-05-18,72.16666666666667,Sedang,5,5,29.4,73.3,5.4,19.1,17.9,0.0,jagakarsa
2024-05-18,99.16666666666667,Sedang,5,5,29.7,72.4,5.9,19.1,17.9,0.0,kebun jeruk
2024-05-18,94.16666666666667,Sedang,5,5,29.8,72.6,5.8,20.9,19.4,0.0,kelapa gading
2024-05-18,103.08333333333333,Tidak Sehat,5,5,29.5,73.0,5.1,20.9,19.4,0.0,lubang buaya
2024-05-18,91.16262924501372,Sedang,5,5,29.88888888888889,72.1,3.6,11.9,17.9,0.0,us embassy 1
2024-05-18,76.63627269929205,Sedang,5,5,29.7,72.5,5.6,19.1,17.9,0.0,us embassy 2
2024-05-19,93.04166666666667,Sedang,5,6,30.0,71.1,5.6,17.6,19.7,0.006,bundaran hi
2024-05-19,72.375,Sedang,5,6,29.7,71.9,5.4,17.6,19.7,0.405,jagakarsa
2024-05-19,96.66666666666667,Sedang,5,6,29.8,71.3,6.2,17.6,19.7,0.171,kebun jeruk
2024-05-19,99.0,Sedang,5,6,30.0,71.5,5.7,18.4,20.1,0.038,kelapa gading
2024-05-19,94.04166666666667,Sedang,5,6,30.0,71.4,5.0,18.4,20.1,0.163,lubang buaya
2024-05-19,90.29041220474254,Sedang,5,6,30.0,71.0,3.5,11.0,19.7,0.0,us embassy 1
2024-05-19,76.63627269929205,Sedang,5,6,29.9,71.3,5.7,17.6,19.7,0.115,us embassy 2
2024-05-20,91.58333333333333,Sedang,5,0,30.1,69.6,5.4,18.4,18.7,0.0,bundaran hi
2024-05-20,82.58333333333333,Sedang,5,0,29.8,71.0,5.0,18.4,18.7,0.053,jagakarsa
2024-05-20,93.375,Sedang,5,0,29.9,70.0,5.8,18.4,18.7,0.0,kebun jeruk
2024-05-20,97.20833333333333,Sedang,5,0,30.1,70.3,5.3,20.2,19.4,0.0,kelapa gading
2024-05-20,105.95833333333333,Tidak Sehat,5,0,29.9,70.6,4.7,20.2,19.4,0.0,lubang buaya
2024-05-20,85.70260664002251,Sedang,5,0,30.11111111111111,69.5,3.4,11.4,18.7,0.0,us embassy 1
2024-05-20,76.63627269929205,Sedang,5,0,30.0,70.1,5.3,18.4,18.7,0.0,us embassy 2
2024-05-21,95.70833333333333,Sedang,5,1,30.2,70.7,5.7,19.1,17.4,0.0,bundaran hi
2024-05-21,80.375,Sedang,5,1,29.9,71.6,5.6,19.1,17.4,0.0,jagakarsa
2024-05-21,101.125,Tidak Sehat,5,1,30.0,71.1,5.7,19.1,17.4,0.0,kebun jeruk
2024-05-21,105.16666666666667,Tidak Sehat,5,1,30.1,71.0,5.9,18.4,18.2,0.0,kelapa gading
2024-05-21,108.75,Tidak Sehat,5,1,30.0,71.5,5.5,18.4,18.2,0.0,lubang buaya
2024-05-21,94.61648340307738,Sedang,5,1,30.166666666666668,70.7,3.5,11.9,17.4,0.0,us embassy 1
2024-05-21,76.63627269929205,Sedang,5,1,30.1,71.0,5.7,19.1,17.4,0.0,us embassy 2
2024-05-22,92.54166666666667,Sedang,5,2,30.0,72.6,5.4,22.0,17.8,0.0,bundaran hi
2024-05-22,80.625,Sedang,5,2,29.7,73.4,5.0,22.0,17.8,0.044,jagakarsa
2024-05-22,108.20833333333333,Tidak Sehat,5,2,29.8,73.1,5.7,22.0,17.8,0.0,kebun jeruk
2024-05-22,107.625,Tidak Sehat,5,2,30.0,72.9,5.4,21.6,18.5,0.0,kelapa gading
2024-05-22,105.875,Tidak Sehat,5,2,29.9,72.6,4.8,21.6,18.5,0.0,lubang buaya
2024-05-22,97.64783015768784,Sedang,5,2,30.0,72.6,3.3,13.6,17.8,0.0,us embassy 1
2024-05-22,76.63627269929205,Sedang,5,2,29.9,72.8,5.3,22.0,17.8,0.0,us embassy 2
2024-05-23,81.08333333333333,Sedang,5,3,28.7,80.0,5.5,23.4,16.5,0.027,bundaran hi
2024-05-23,73.58333333333333,Sedang,5,3,28.4,81.1,5.2,23.4,16.5,0.258,jagakarsa
2024-05-23,79.125,Sedang,5,3,28.6,79.9,6.1,23.4,16.5,0.073,kebun jeruk
2024-05-23,95.29166666666667,Sedang,5,3,28.7,80.7,5.5,23.0,17.5,0.022,kelapa gading
2024-05-23,98.45833333333333,Sedang,5,3,28.4,81.5,4.8,23.0,17.5,0.134,lubang buaya
2024-05-23,88.40650162336352,Sedang,5,3,28.72222222222222,80.0,3.4,14.5,16.5,0.001,us embassy 1
2024-05-23,76.63627269929205,Sedang,5,3,28.6,80.4,5.5,23.4,16.5,0.063,us embassy 2
2024-05-24,74.79166666666667,Sedang,5,4,29.1,78.1,5.7,28.8,14.3,0.105,bundaran hi
2024-05-24,69.875,Sedang,5,4,28.8,78.5,5.4,28.8,14.3,10.438,jagakarsa
2024-05-24,81.08333333333333,Sedang,5,4,29.1,77.6,6.0,28.8,14.3,2.213,kebun jeruk
2024-05-24,80.83333333333333,Sedang,5,4,29.1,78.0,5.8,27.0,12.8,1.03,kelapa gading
2024-05-24,96.125,Sedang,5,4,28.9,78.3,5.3,27.0,12.8,5.661,lubang buaya
2024-05-24,77.3579285892691,Sedang,5,4,29.11111111111111,78.1,3.5,17.9,14.3,0.001,us embassy 1
2024-05-24,76.63627269929205,Sedang,5,4,29.0,78.1,5.7,28.8,14.3,1.753,us embassy 2
2024-05-25,41.0,Baik,5,5,27.0,87.4,5.4,14.8,3.4,6.237,bundaran hi
2024-05-25,44.875,Baik,5,5,26.7,87.9,5.2,14.8,3.4,13.345,jagakarsa
2024-05-25,60.708333333333336,Sedang,5,5,26.8,87.4,5.5,14.8,3.4,12.124,kebun jeruk
2024-05-25,60.583333333333336,Sedang,5,5,26.9,88.0,5.3,15.5,3.6,9.062,kelapa gading
2024-05-25,63.083333333333336,Sedang,5,5,26.9,87.8,5.0,15.5,3.6,10.617,lubang buaya
2024-05-25,61.08235886730639,Sedang,5,5,27.0,87.3,3.3,9.2,3.4,0.237,us embassy 1
2024-05-25,76.63627269929205,Sedang,5,5,26.9,87.6,5.3,14.8,3.4,9.348,us embassy 2
2024-05-26,75.04166666666667,Sedang,5,6,29.1,78.0,5.4,22.3,19.1,0.0,bundaran hi
2024-05-26,62.791666666666664,Sedang,5,6,28.9,78.2,5.1,22.3,19.1,0.795,jagakarsa
2024-05-26,83.70833333333333,Sedang,5,6,28.9,78.1,5.6,22.3,19.1,0.0,kebun jeruk
2024-05-26,71.875,Sedang,5,6,29.1,78.3,5.4,21.2,18.5,0.0,kelapa gading
2024-05-26,68.375,Sedang,5,6,29.2,77.3,4.8,21.2,18.5,0.0,lubang buaya
2024-05-26,70.709836172824,Sedang,5,6,29.05555555555556,78.0,3.3,13.9,19.1,0.0,us embassy 1
2024-05-26,76.63627269929205,Sedang,5,6,29.1,78.0,5.3,22.3,19.1,0.0,us embassy 2
2024-05-27,93.0,Sedang,5,0,30.2,72.8,5.7,20.5,19.2,0.0,bundaran hi
2024-05-27,72.95833333333333,Sedang,5,0,29.9,74.0,5.4,20.5,19.2,0.0,jagakarsa
2024-05-27,95.25,Sedang,5,0,29.9,73.6,6.1,20.5,19.2,0.0,kebun jeruk
2024-05-27,94.66666666666667,Sedang,5,0,30.2,73.6,5.8,21.6,20.1,0.0,kelapa gading
2024-05-27,68.5,Sedang,5,0,30.0,73.6,5.1,21.6,20.1,0.0,lubang buaya
2024-05-27,89.90933341870573,Sedang,5,0,30.166666666666668,72.8,3.6,12.8,19.2,0.0,us embassy 1
2024-05-27,76.63627269929205,Sedang,5,0,30.1,73.4,5.7,20.5,19.2,0.0,us embassy 2
2024-05-28,91.58333333333333,Sedang,5,1,30.3,74.0,5.4,17.3,19.7,0.005,bundaran hi
2024-05-28,77.83333333333333,Sedang,5,1,30.0,74.6,5.1,17.3,19.7,0.542,jagakarsa
2024-05-28,97.29166666666667,Sedang,5,1,30.1,74.3,5.6,17.3,19.7,0.109,kebun jeruk
2024-05-28,96.625,Sedang,5,1,30.3,74.5,5.4,17.3,19.9,0.054,kelapa gading
2024-05-28,87.29166666666667,Sedang,5,1,30.1,74.2,4.7,17.3,19.9,0.305,lubang buaya
2024-05-28,93.94806244300656,Sedang,5,1,30.33333333333333,74.0,3.4,10.7,19.7,0.0,us embassy 1
2024-05-28,76.63627269929205,Sedang,5,1,30.2,74.2,5.3,17.3,19.7,0.095,us embassy 2
2024-05-29,89.79166666666667,Sedang,5,2,30.4,73.8,5.9,20.9,20.0,0.0,bundaran hi
2024-05-29,65.54166666666667,Sedang,5,2,30.0,74.3,5.8,20.9,20.0,0.0,jagakarsa
2024-05-29,91.54166666666667,Sedang,5,2,30.2,74.3,6.2,20.9,20.0,0.0,kebun jeruk
2024-05-29,95.5,Sedang,5,2,30.3,74.2,6.0,23.0,20.4,0.0,kelapa gading
2024-05-29,55.625,Sedang,5,2,30.2,73.6,5.5,23.0,20.4,0.0,lubang buaya
2024-05-29,91.57155166677826,Sedang,5,2,30.33333333333333,73.8,3.6,13.0,20.0,0.0,us embassy 1
2024-05-29,96.8688921836308,Sedang,5,2,30.3,74.0,5.9,20.9,20.0,0.0,us embassy 2
2024-05-30,74.0,Sedang,5,3,30.3,73.4,5.5,18.4,20.0,0.0,bundaran hi
2024-05-30,73.0,Sedang,5,3,30.1,73.5,5.2,18.4,20.0,0.0,jagakarsa
2024-05-30,69.0,Sedang,5,3,30.0,74.3,5.4,18.4,20.0,0.0,kebun jeruk
2024-05-30,76.0,Sedang,5,3,30.3,73.6,5.6,17.6,20.1,0.0,kelapa gading
2024-05-30,87.0,Sedang,5,3,30.4,72.5,5.0,17.6,20.1,0.0,lubang buaya
2024-05-30,82.00100483899347,Sedang,5,3,30.22222222222222,73.5,3.4,11.4,20.0,0.0,us embassy 1
2024-05-30,91.9998604529779,Sedang,5,3,30.2,73.5,5.4,18.4,20.0,0.0,us embassy 2
2024-05-31,74.0,Sedang,5,4,30.3,72.9,5.2,20.2,19.4,0.0,bundaran hi
2024-05-31,73.0,Sedang,5,4,30.0,73.5,4.9,20.2,19.4,0.0,jagakarsa
2024-05-31,69.0,Sedang,5,4,30.1,73.0,5.3,20.2,19.4,0.0,kebun jeruk
2024-05-31,76.0,Sedang,5,4,30.3,73.3,5.3,22.3,19.5,0.0,kelapa gading
2024-05-31,87.0,Sedang,5,4,30.1,73.1,4.6,22.3,19.5,0.0,lubang buaya
2024-05-31,93.49775825698397,Sedang,5,4,30.33333333333333,72.8,3.3,12.5,19.4,0.0,us embassy 1
2024-05-31,109.68247153671946,Tidak Sehat,5,4,30.2,73.0,5.1,20.2,19.4,0.0,us embassy 2
2024-06-01,74.0,Sedang,6,5,29.4,77.3,4.5,20.5,14.6,0.0,bundaran hi
2024-06-01,73.0,Sedang,6,5,28.9,78.2,4.0,20.5,14.6,0.133,jagakarsa
2024-06-01,69.0,Sedang,6,5,29.1,78.0,4.3,20.5,14.6,0.0,kebun jeruk
2024-06-01,76.0,Sedang,6,5,29.3,77.7,4.6,21.6,15.0,0.0,kelapa gading
2024-06-01,87.0,Sedang,6,5,29.1,77.3,4.0,21.6,15.0,0.0,lubang buaya
2024-06-01,102.84834368336209,Tidak Sehat,6,5,29.38888888888889,77.3,2.8,12.8,14.6,0.0,us embassy 1
2024-06-01,115.36861628459472,Tidak Sehat,6,5,29.2,77.7,4.3,20.5,14.6,0.0,us embassy 2
2024-06-02,74.0,Sedang,6,6,29.5,75.7,5.3,19.4,16.9,0.0,bundaran hi
2024-06-02,73.0,Sedang,6,6,29.3,75.8,5.1,19.4,16.9,0.548,jagakarsa
2024-06-02,69.0,Sedang,6,6,29.3,75.9,5.2,19.4,16.9,0.0,kebun jeruk
2024-06-02,76.0,Sedang,6,6,29.5,75.7,5.5,21.2,16.9,0.0,kelapa gading
2024-06-02,87.0,Sedang,6,6,29.5,75.0,5.1,21.2,16.9,0.0,lubang buaya
2024-06-02,103.62402851070946,Tidak Sehat,6,6,29.5,75.8,3.3,12.1,16.9,0.0,us embassy 1
2024-06-02,115.5097531571406,Tidak Sehat,6,6,29.4,75.6,5.3,19.4,16.9,0.0,us embassy 2
2024-06-03,65.33333333333333,Sedang,6,0,28.5,82.1,6.2,23.0,14.9,2.574,bundaran hi
2024-06-03,62.333333333333336,Sedang,6,0,28.2,83.0,6.1,23.0,14.9,10.697,jagakarsa
2024-06-03,67.79166666666667,Sedang,6,0,28.2,82.7,6.3,23.0,14.9,8.116,kebun jeruk
2024-06-03,66.33333333333333,Sedang,6,0,28.4,82.8,6.3,24.5,15.2,16.956,kelapa gading
2024-06-03,78.75,Sedang,6,0,28.3,82.7,6.0,24.5,15.2,9.793,lubang buaya
2024-06-03,75.32358890968145,Sedang,6,0,28.444444444444443,82.0,3.9,14.3,14.9,0.083,us embassy 1
2024-06-03,86.8349039681056,Sedang,6,0,28.4,82.4,6.2,23.0,14.9,6.454,us embassy 2
2024-06-04,70.625,Sedang,6,1,29.2,76.8,5.4,20.2,15.3,0.147,bundaran hi
2024-06-04,62.833333333333336,Sedang,6,1,29.0,77.1,5.1,20.2,15.3,11.603,jagakarsa
2024-06-04,91.79166666666667,Sedang,6,1,29.2,76.3,5.6,20.2,15.3,4.543,kebun jeruk
2024-06-04,72.20833333333333,Sedang,6,1,29.2,77.0,5.5,20.5,16.2,1.015,kelapa gading
2024-06-04,100.54166666666667,Tidak Sehat,6,1,29.2,76.4,4.9,20.5,16.2,4.33,lubang buaya
2024-06-04,62.136789931587536,Sedang,6,1,29.22222222222222,76.8,3.3,12.5,15.3,0.001,us embassy 1
2024-06-04,85.15213069036955,Sedang,6,1,29.2,76.8,5.3,20.2,15.3,3.045,us embassy 2
2024-06-05,87.58333333333333,Sedang,6,2,29.9,73.9,6.3,17.6,19.8,0.0,bundaran hi
2024-06-05,76.5,Sedang,6,2,29.6,73.8,6.2,17.6,19.8,0.0,jagakarsa
2024-06-05,126.04166666666667,Tidak Sehat,6,2,29.7,74.1,6.7,17.6,19.8,0.0,kebun jeruk
2024-06-05,95.66666666666667,Sedang,6,2,29.9,74.0,6.5,15.5,20.3,0.0,kelapa gading
2024-06-05,93.04166666666667,Sedang,6,2,29.9,72.9,5.9,15.5,20.3,0.0,lubang buaya
2024-06-05,81.88546518079964,Sedang,6,2,29.88888888888889,73.9,3.9,11.0,19.8,0.0,us embassy 1
2024-06-05,110.92894885908284,Tidak Sehat,6,2,29.8,73.8,6.4,17.6,19.8,0.0,us embassy 2
2024-06-06,79.66666666666667,Sedang,6,3,29.9,67.9,6.4,19.8,20.4,0.0,bundaran hi
2024-06-06,59.875,Sedang,6,3,29.5,68.5,6.4,19.8,20.4,0.0,jagakarsa
2024-06-06,88.0,Sedang,6,3,29.6,68.5,6.8,19.8,20.4,0.0,kebun jeruk
2024-06-06,88.70833333333333,Sedang,6,3,29.9,68.5,6.6,20.5,21.0,0.0,kelapa gading
2024-06-06,86.75,Sedang,6,3,29.7,67.9,6.2,20.5,21.0,0.0,lubang buaya
2024-06-06,77.79724999625002,Sedang,6,3,29.88888888888889,67.9,3.9,12.3,20.4,0.0,us embassy 1
2024-06-06,89.47307243537928,Sedang,6,3,29.8,68.1,6.5,19.8,20.4,0.0,us embassy 2
2024-06-07,81.29166666666667,Sedang,6,4,29.9,73.1,5.6,16.9,18.7,0.123,bundaran hi
2024-06-07,71.125,Sedang,6,4,29.6,73.3,5.4,16.9,18.7,2.998,jagakarsa
2024-06-07,97.79166666666667,Sedang,6,4,29.5,74.2,5.7,16.9,18.7,4.296,kebun jeruk
2024-06-07,87.91666666666667,Sedang,6,4,29.9,73.3,5.7,17.3,19.5,0.768,kelapa gading
2024-06-07,94.08333333333333,Sedang,6,4,29.9,72.4,5.1,17.3,19.5,1.891,lubang buaya
2024-06-07,76.4657130170318,Sedang,6,4,29.83333333333333,73.2,3.5,10.5,18.7,0.001,us embassy 1
2024-06-07,90.9254480586391,Sedang,6,4,29.8,73.3,5.5,16.9,18.7,1.899,us embassy 2
2024-06-08,85.125,Sedang,6,5,29.9,72.2,5.5,20.5,20.1,0.0,bundaran hi
2024-06-08,78.70833333333333,Sedang,6,5,29.5,72.6,5.3,20.5,20.1,0.0,jagakarsa
2024-06-08,108.66666666666667,Tidak Sehat,6,5,29.6,73.4,5.7,20.5,20.1,0.0,kebun jeruk
2024-06-08,91.83333333333333,Sedang,6,5,29.9,72.6,5.8,20.9,20.3,0.0,kelapa gading
2024-06-08,95.45833333333333,Sedang,6,5,29.8,71.8,5.1,20.9,20.3,0.0,lubang buaya
2024-06-08,79.7701931062094,Sedang,6,5,29.944444444444443,72.2,3.5,12.8,20.1,0.0,us embassy 1
2024-06-08,108.38620571845878,Tidak Sehat,6,5,29.8,72.5,5.5,20.5,20.1,0.0,us embassy 2
2024-06-09,88.54166666666667,Sedang,6,6,29.1,77.1,5.3,37.1,15.6,0.044,bundaran hi
2024-06-09,76.83333333333333,Sedang,6,6,28.5,79.0,4.9,37.1,15.6,3.854,jagakarsa
2024-06-09,102.58333333333333,Tidak Sehat,6,6,28.9,76.6,5.4,37.1,15.6,1.372,kebun jeruk
2024-06-09,87.5,Sedang,6,6,29.0,78.1,5.4,37.1,16.2,0.307,kelapa gading
2024-06-09,93.25,Sedang,6,6,28.6,80.0,4.8,37.1,16.2,1.307,lubang buaya
2024-06-09,86.60321600833699,Sedang,6,6,29.11111111111111,77.0,3.3,23.0,15.6,0.0,us embassy 1
2024-06-09,102.13778045150643,Tidak Sehat,6,6,28.9,77.7,5.2,37.1,15.6,0.919,us embassy 2
2024-06-10,97.625,Sedang,6,0,29.8,74.4,5.4,19.8,19.4,0.014,bundaran hi
2024-06-10,69.95833333333333,Sedang,6,0,29.5,75.2,5.0,19.8,19.4,1.188,jagakarsa
2024-06-10,101.875,Tidak Sehat,6,0,29.6,74.5,5.7,19.8,19.4,0.429,kebun jeruk
2024-06-10,91.54166666666667,Sedang,6,0,29.8,74.6,5.4,20.5,20.0,0.096,kelapa gading
2024-06-10,98.75,Sedang,6,0,29.7,74.4,4.7,20.5,20.0,0.408,lubang buaya
2024-06-10,96.56041475445534,Sedang,6,0,29.83333333333333,74.4,3.4,12.3,19.4,0.0,us embassy 1
2024-06-10,109.21592558493921,Tidak Sehat,6,0,29.7,74.6,5.3,19.8,19.4,0.287,us embassy 2
2024-06-11,82.45833333333333,Sedang,6,1,28.2,83.5,4.9,24.8,14.3,13.316,bundaran hi
2024-06-11,61.041666666666664,Sedang,6,1,27.8,84.0,4.4,24.8,14.3,10.992,jagakarsa
2024-06-11,91.0,Sedang,6,1,28.2,82.2,5.1,24.8,14.3,12.495,kebun jeruk
2024-06-11,97.29166666666667,Sedang,6,1,28.1,83.5,4.9,25.2,14.5,17.882,kelapa gading
2024-06-11,88.91666666666667,Sedang,6,1,27.7,84.6,4.0,25.2,14.5,14.005,lubang buaya
2024-06-11,86.21784520754262,Sedang,6,1,28.22222222222222,83.4,3.1,15.4,14.3,0.52,us embassy 1
2024-06-11,98.1448629552329,Sedang,6,1,28.1,83.4,4.7,24.8,14.3,13.216,us embassy 2
2024-06-12,75.41666666666667,Sedang,6,2,28.4,81.1,5.8,27.0,16.5,0.001,bundaran hi
2024-06-12,60.166666666666664,Sedang,6,2,28.1,81.2,5.5,27.0,16.5,0.2,jagakarsa
2024-06-12,87.08333333333333,Sedang,6,2,28.3,80.4,6.1,27.0,16.5,0.017,kebun jeruk
2024-06-12,87.08333333333333,Sedang,6,2,28.4,81.0,5.8,27.0,17.1,0.004,kelapa gading
2024-06-12,76.375,Sedang,6,2,28.2,81.0,5.1,27.0,17.1,0.016,lubang buaya
2024-06-12,81.72295443437928,Sedang,6,2,28.38888888888889,81.1,3.6,16.8,16.5,0.0,us embassy 1
2024-06-12,94.7652882923256,Sedang,6,2,28.3,80.9,5.8,27.0,16.5,0.011,us embassy 2
2024-06-13,67.95833333333333,Sedang,6,3,28.4,80.0,6.1,23.4,14.8,0.0,bundaran hi
2024-06-13,72.58333333333333,Sedang,6,3,28.1,80.1,6.0,23.4,14.8,0.0,jagakarsa
2024-06-13,69.91666666666667,Sedang,6,3,28.3,80.0,6.8,23.4,14.8,0.0,kebun jeruk
2024-06-13,72.95833333333333,Sedang,6,3,28.4,80.0,6.2,24.5,14.5,0.0,kelapa gading
2024-06-13,80.625,Sedang,6,3,28.2,79.7,5.6,24.5,14.5,0.0,lubang buaya
2024-06-13,50.59408376127314,Sedang,6,3,28.33333333333333,80.0,3.8,14.5,14.8,0.0,us embassy 1
2024-06-13,73.31369639458872,Sedang,6,3,28.3,80.0,6.2,23.4,14.8,0.0,us embassy 2
2024-06-14,64.33333333333333,Sedang,6,4,28.9,78.9,6.3,19.1,17.2,0.0,bundaran hi
2024-06-14,78.875,Sedang,6,4,28.6,79.6,6.2,19.1,17.2,1.386,jagakarsa
2024-06-14,67.91666666666667,Sedang,6,4,29.1,77.4,7.1,19.1,17.2,0.0,kebun jeruk
2024-06-14,75.45833333333333,Sedang,6,4,28.9,79.3,6.4,19.1,17.4,0.0,kelapa gading
2024-06-14,75.66666666666667,Sedang,6,4,28.6,80.2,5.8,19.1,17.4,0.0,lubang buaya
2024-06-14,41.31470790061318,Baik,6,4,28.944444444444443,78.7,3.9,11.9,17.2,0.0,us embassy 1
2024-06-14,74.24356192994269,Sedang,6,4,28.9,78.9,6.5,19.1,17.2,0.0,us embassy 2
2024-06-15,71.0,Sedang,6,5,28.7,79.5,5.6,19.4,19.1,0.0,bundaran hi
2024-06-15,71.79166666666667,Sedang,6,5,28.4,80.5,5.5,19.4,19.1,0.0,jagakarsa
2024-06-15,59.25,Sedang,6,5,28.6,79.0,6.0,19.4,19.1,0.0,kebun jeruk
2024-06-15,77.95833333333333,Sedang,6,5,28.7,80.4,5.7,20.5,19.0,0.0,kelapa gading
2024-06-15,75.41666666666667,Sedang,6,5,28.4,80.9,5.1,20.5,19.0,0.0,lubang buaya
2024-06-15,67.10006388313704,Sedang,6,5,28.72222222222222,79.4,3.5,12.1,19.1,0.0,us embassy 1
2024-06-15,80.56516592582315,Sedang,6,5,28.6,79.8,5.6,19.4,19.1,0.0,us embassy 2
2024-06-16,72.83333333333333,Sedang,6,6,27.6,83.4,5.6,22.3,17.1,66.052,bundaran hi
2024-06-16,57.625,Sedang,6,6,27.5,83.4,5.2,22.3,17.1,56.99,jagakarsa
2024-06-16,77.16666666666667,Sedang,6,6,27.5,83.6,6.0,22.3,17.1,73.471,kebun jeruk
2024-06-16,72.91666666666667,Sedang,6,6,27.6,83.6,5.4,20.9,17.2,75.405,kelapa gading
2024-06-16,65.5,Sedang,6,6,27.6,83.0,4.8,20.9,17.2,69.325,lubang buaya
2024-06-16,78.70795662788689,Sedang,6,6,27.61111111111111,83.4,3.5,13.9,17.1,2.586,us embassy 1
2024-06-16,77.57258370589899,Sedang,6,6,27.6,83.4,5.5,22.3,17.1,68.835,us embassy 2
2024-06-17,70.08333333333333,Sedang,6,0,29.5,74.3,5.9,18.0,18.3,0.006,bundaran hi
2024-06-17,43.791666666666664,Baik,6,0,29.3,74.9,5.7,18.0,18.3,0.405,jagakarsa
2024-06-17,74.83333333333333,Sedang,6,0,29.4,74.2,6.4,18.0,18.3,0.171,kebun jeruk
2024-06-17,72.79166666666667,Sedang,6,0,29.5,74.7,6.0,17.6,18.7,0.038,kelapa gading
2024-06-17,72.375,Sedang,6,0,29.5,74.7,5.3,17.6,18.7,0.163,lubang buaya
2024-06-17,64.72887801620992,Sedang,6,0,29.55555555555556,74.3,3.7,11.2,18.3,0.0,us embassy 1
2024-06-17,76.63627269929205,Sedang,6,0,29.5,74.4,5.9,18.0,18.3,0.115,us embassy 2
2024-06-18,90.91666666666667,Sedang,6,1,28.6,78.8,4.9,27.0,14.5,0.05,bundaran hi
2024-06-18,130.58333333333334,Tidak Sehat,6,1,28.1,80.4,4.5,27.0,14.5,3.641,jagakarsa
2024-06-18,112.5,Tidak Sehat,6,1,28.3,78.9,4.7,27.0,14.5,1.543,kebun jeruk
2024-06-18,101.75,Tidak Sehat,6,1,28.5,79.7,4.8,28.4,14.3,0.345,kelapa gading
2024-06-18,106.29166666666667,Tidak Sehat,6,1,28.0,81.5,4.3,28.4,14.3,1.471,lubang buaya
2024-06-18,87.94814916158369,Sedang,6,1,28.61111111111111,78.7,3.1,16.8,14.5,0.0,us embassy 1
2024-06-18,76.63627269929205,Sedang,6,1,28.4,79.4,4.7,27.0,14.5,1.034,us embassy 2
2024-06-19,97.41666666666667,Sedang,6,2,29.2,74.2,5.5,22.7,18.6,0.0,bundaran hi
2024-06-19,113.79166666666667,Tidak Sehat,6,2,28.8,75.1,5.3,22.7,18.6,0.0,jagakarsa
2024-06-19,119.29166666666667,Tidak Sehat,6,2,29.0,74.3,5.9,22.7,18.6,0.0,kebun jeruk
2024-06-19,110.79166666666667,Tidak Sehat,6,2,29.2,74.6,5.6,24.8,19.2,0.0,kelapa gading
2024-06-19,99.83333333333333,Sedang,6,2,28.9,74.9,5.0,24.8,19.2,0.0,lubang buaya
2024-06-19,105.74212844788708,Tidak Sehat,6,2,29.22222222222222,74.2,3.4,14.1,18.6,0.0,us embassy 1
2024-06-19,76.63627269929205,Sedang,6,2,29.1,74.5,5.5,22.7,18.6,0.0,us embassy 2
2024-06-20,85.83333333333333,Sedang,6,3,29.2,67.9,6.6,18.7,20.5,0.0,bundaran hi
2024-06-20,87.54166666666667,Sedang,6,3,28.9,68.1,6.5,18.7,20.5,0.0,jagakarsa
2024-06-20,90.66666666666667,Sedang,6,3,29.1,68.2,7.2,18.7,20.5,0.0,kebun jeruk
2024-06-20,94.75,Sedang,6,3,29.1,68.1,6.7,20.2,21.1,0.0,kelapa gading
2024-06-20,91.54166666666667,Sedang,6,3,29.0,67.6,6.1,20.2,21.1,0.0,lubang buaya
2024-06-20,86.40383868739194,Sedang,6,3,29.166666666666668,67.9,4.1,11.6,20.5,0.0,us embassy 1
2024-06-20,76.63627269929205,Sedang,6,3,29.1,67.9,6.6,18.7,20.5,0.0,us embassy 2
2024-06-21,88.5,Sedang,6,4,29.2,69.8,6.0,18.0,20.2,0.0,bundaran hi
2024-06-21,100.875,Tidak Sehat,6,4,28.9,70.4,5.8,18.0,20.2,0.0,jagakarsa
2024-06-21,103.95833333333333,Tidak Sehat,6,4,29.0,70.9,6.2,18.0,20.2,0.0,kebun jeruk
2024-06-21,102.875,Tidak Sehat,6,4,29.2,70.3,6.1,19.8,20.7,0.0,kelapa gading
2024-06-21,98.875,Sedang,6,4,29.1,69.6,5.5,19.8,20.7,0.0,lubang buaya
2024-06-21,90.68732433453157,Sedang,6,4,29.22222222222222,69.9,3.7,11.2,20.2,0.0,us embassy 1
2024-06-21,76.63627269929205,Sedang,6,4,29.1,70.2,5.9,18.0,20.2,0.0,us embassy 2
2024-06-22,89.04166666666667,Sedang,6,5,29.2,71.6,5.5,16.9,19.0,0.0,bundaran hi
2024-06-22,102.29166666666667,Tidak Sehat,6,5,28.9,71.6,5.3,16.9,19.0,0.0,jagakarsa
2024-06-22,105.58333333333333,Tidak Sehat,6,5,29.0,71.7,5.7,16.9,19.0,0.0,kebun jeruk
2024-06-22,102.33333333333333,Tidak Sehat,6,5,29.2,71.6,5.6,17.6,19.7,0.0,kelapa gading
2024-06-22,100.16666666666667,Tidak Sehat,6,5,29.0,71.1,4.9,17.6,19.7,0.0,lubang buaya
2024-06-22,88.91649211334546,Sedang,6,5,29.166666666666668,71.6,3.4,10.5,19.0,0.0,us embassy 1
2024-06-22,76.63627269929205,Sedang,6,5,29.1,71.5,5.4,16.9,19.0,0.0,us embassy 2
2024-06-23,90.41666666666667,Sedang,6,6,29.2,64.2,6.1,35.3,20.8,0.0,bundaran hi
2024-06-23,95.875,Sedang,6,6,28.8,65.1,6.1,35.3,20.8,0.0,jagakarsa
2024-06-23,100.45833333333333,Tidak Sehat,6,6,29.1,64.7,6.7,35.3,20.8,0.0,kebun jeruk
2024-06-23,108.08333333333333,Tidak Sehat,6,6,29.2,65.0,6.2,35.3,20.9,0.0,kelapa gading
2024-06-23,95.875,Sedang,6,6,28.9,64.9,5.7,35.3,20.9,0.0,lubang buaya
2024-06-23,98.58103583803148,Sedang,6,6,29.22222222222222,64.1,3.8,21.9,20.8,0.0,us embassy 1
2024-06-23,76.63627269929205,Sedang,6,6,29.1,64.6,6.2,35.3,20.8,0.0,us embassy 2
2024-06-24,84.04166666666667,Sedang,6,0,29.4,69.8,6.6,24.1,17.7,0.0,bundaran hi
2024-06-24,98.29166666666667,Sedang,6,0,29.1,70.2,6.6,24.1,17.7,0.354,jagakarsa
2024-06-24,100.83333333333333,Tidak Sehat,6,0,29.2,70.4,7.0,24.1,17.7,0.0,kebun jeruk
2024-06-24,97.125,Sedang,6,0,29.4,70.1,6.8,27.0,17.3,0.0,kelapa gading
2024-06-24,90.33333333333333,Sedang,6,0,29.3,69.0,6.5,27.0,17.3,0.0,lubang buaya
2024-06-24,82.084733127013,Sedang,6,0,29.38888888888889,69.8,4.1,15.0,17.7,0.0,us embassy 1
2024-06-24,84.7993104181568,Sedang,6,0,29.3,69.9,6.7,24.1,17.7,0.0,us embassy 2
2024-06-25,75.66666666666667,Sedang,6,1,27.4,82.1,5.8,26.3,14.4,23.513,bundaran hi
2024-06-25,88.41666666666667,Sedang,6,1,27.1,82.7,5.5,26.3,14.4,15.11,jagakarsa
2024-06-25,84.16666666666667,Sedang,6,1,27.4,81.5,6.1,26.3,14.4,15.52,kebun jeruk
2024-06-25,82.25,Sedang,6,1,27.5,82.3,5.9,28.8,14.8,14.016,kelapa gading
2024-06-25,86.45833333333333,Sedang,6,1,27.3,82.4,5.3,28.8,14.8,16.894,lubang buaya
2024-06-25,82.25356298190432,Sedang,6,1,27.444444444444446,82.1,3.6,16.3,14.4,0.941,us embassy 1
2024-06-25,90.77562969956432,Sedang,6,1,27.3,82.1,5.8,26.3,14.4,19.105,us embassy 2
2024-06-26,68.45833333333333,Sedang,6,2,28.8,76.0,5.9,28.1,18.5,0.0,bundaran hi
2024-06-26,78.375,Sedang,6,2,28.6,75.9,5.8,28.1,18.5,0.0,jagakarsa
2024-06-26,87.91666666666667,Sedang,6,2,28.7,77.0,6.4,28.1,18.5,0.0,kebun jeruk
2024-06-26,79.375,Sedang,6,2,28.8,76.0,6.0,28.1,18.6,0.0,kelapa gading
2024-06-26,54.041666666666664,Sedang,6,2,28.8,74.8,5.4,28.1,18.6,0.0,lubang buaya
2024-06-26,71.22580946966549,Sedang,6,2,28.83333333333333,76.1,3.7,17.4,18.5,0.0,us embassy 1
2024-06-26,84.78260193764943,Sedang,6,2,28.8,76.1,5.9,28.1,18.5,0.0,us embassy 2
2024-06-27,73.625,Sedang,6,3,28.9,78.6,6.0,25.2,17.8,2.922,bundaran hi
2024-06-27,74.66666666666667,Sedang,6,3,28.5,79.2,5.8,25.2,17.8,1.729,jagakarsa
2024-06-27,77.20833333333333,Sedang,6,3,29.1,77.3,6.6,25.2,17.8,1.8,kebun jeruk
2024-06-27,92.875,Sedang,6,3,28.8,79.0,6.0,24.8,18.5,1.211,kelapa gading
2024-06-27,88.08333333333333,Sedang,6,3,28.4,79.7,5.3,24.8,18.5,1.951,lubang buaya
2024-06-27,69.54086093501735,Sedang,6,3,28.88888888888889,78.5,3.7,15.7,17.8,0.118,us embassy 1
2024-06-27,78.98240509237955,Sedang,6,3,28.8,78.5,6.0,25.2,17.8,2.274,us embassy 2
2024-06-28,66.83333333333333,Sedang,6,4,28.4,81.8,5.9,24.8,17.7,0.052,bundaran hi
2024-06-28,69.91666666666667,Sedang,6,4,27.9,83.3,5.6,24.8,17.7,2.454,jagakarsa
2024-06-28,70.25,Sedang,6,4,28.5,81.0,6.5,24.8,17.7,1.823,kebun jeruk
2024-06-28,78.0,Sedang,6,4,28.2,82.7,5.8,26.3,18.0,0.325,kelapa gading
2024-06-28,75.45833333333333,Sedang,6,4,27.7,84.5,5.1,26.3,18.0,0.824,lubang buaya
2024-06-28,69.54086093501735,Sedang,6,4,28.444444444444443,81.7,3.7,15.4,17.7,0.0,us embassy 1
2024-06-28,72.32585751495925,Sedang,6,4,28.2,82.3,5.8,24.8,17.7,0.807,us embassy 2
2024-06-29,63.541666666666664,Sedang,6,5,27.2,85.8,5.2,22.3,16.9,3.418,bundaran hi
2024-06-29,81.75,Sedang,6,5,26.9,86.9,4.9,22.3,16.9,16.177,jagakarsa
2024-06-29,81.70833333333333,Sedang,6,5,27.2,84.7,5.5,22.3,16.9,14.773,kebun jeruk
2024-06-29,78.95833333333333,Sedang,6,5,27.1,86.7,5.2,21.6,17.2,7.989,kelapa gading
2024-06-29,73.70833333333333,Sedang,6,5,26.9,87.7,4.5,21.6,17.2,9.244,lubang buaya
2024-06-29,69.54086093501735,Sedang,6,5,27.27777777777777,85.6,3.3,13.9,16.9,0.121,us embassy 1
2024-06-29,78.6580686585827,Sedang,6,5,27.1,86.1,5.1,22.3,16.9,8.497,us embassy 2
2024-06-30,63.208333333333336,Sedang,6,6,28.3,76.1,6.8,24.5,19.5,0.0,bundaran hi
2024-06-30,57.75,Sedang,6,6,28.0,76.8,6.9,24.5,19.5,0.0,jagakarsa
2024-06-30,69.95833333333333,Sedang,6,6,28.2,76.4,7.5,24.5,19.5,0.0,kebun jeruk
2024-06-30,71.33333333333333,Sedang,6,6,28.3,76.8,7.0,25.6,19.7,0.0,kelapa gading
2024-06-30,62.083333333333336,Sedang,6,6,28.1,76.2,6.6,25.6,19.7,0.0,lubang buaya
2024-06-30,69.54086093501735,Sedang,6,6,28.33333333333333,76.0,4.3,15.2,19.5,0.0,us embassy 1
2024-06-30,72.4166778881253,Sedang,6,6,28.2,76.3,7.0,24.5,19.5,0.0,us embassy 2
2024-07-01,83.625,Sedang,7,0,28.4,80.2,5.2,21.6,15.3,0.0,bundaran hi
2024-07-01,81.08333333333333,Sedang,7,0,28.0,81.1,4.7,21.6,15.3,1.254,jagakarsa
2024-07-01,86.70833333333333,Sedang,7,0,28.3,79.6,5.6,21.6,15.3,0.0,kebun jeruk
2024-07-01,80.08333333333333,Sedang,7,0,28.3,80.8,5.1,22.0,16.3,0.0,kelapa gading
2024-07-01,86.29166666666667,Sedang,7,0,28.1,81.3,4.2,22.0,16.3,0.0,lubang buaya
2024-07-01,69.54086093501735,Sedang,7,0,28.38888888888889,80.1,3.3,13.4,15.3,0.0,us embassy 1
2024-07-01,78.16212330422358,Sedang,7,0,28.3,80.4,5.1,21.6,15.3,0.0,us embassy 2
2024-07-02,80.91666666666667,Sedang,7,1,27.7,82.3,5.4,31.7,14.5,0.592,bundaran hi
2024-07-02,72.91666666666667,Sedang,7,1,27.3,83.4,4.9,31.7,14.5,0.968,jagakarsa
2024-07-02,80.54166666666667,Sedang,7,1,27.7,81.5,5.6,31.7,14.5,0.581,kebun jeruk
2024-07-02,81.33333333333333,Sedang,7,1,27.7,82.9,5.2,31.7,14.5,0.292,kelapa gading
2024-07-02,79.66666666666667,Sedang,7,1,27.2,84.3,4.4,31.7,14.5,0.595,lubang buaya
2024-07-02,69.54086093501735,Sedang,7,1,27.722222222222225,82.2,3.3,19.7,14.5,0.024,us embassy 1
2024-07-02,82.10307429937195,Sedang,7,1,27.6,82.5,5.2,31.7,14.5,0.604,us embassy 2
2024-07-03,96.25,Sedang,7,2,27.8,80.5,5.0,61.2,18.8,2.993,bundaran hi
2024-07-03,101.04166666666667,Tidak Sehat,7,2,27.5,80.9,4.7,61.2,18.8,4.873,jagakarsa
2024-07-03,113.375,Tidak Sehat,7,2,27.7,80.1,5.0,61.2,18.8,4.293,kebun jeruk
2024-07-03,96.58333333333333,Sedang,7,2,27.8,80.5,5.1,61.2,19.2,1.673,kelapa gading
2024-07-03,98.5,Sedang,7,2,27.6,80.8,4.4,61.2,19.2,3.339,lubang buaya
2024-07-03,69.54086093501735,Sedang,7,2,27.77777777777778,80.5,3.1,38.0,18.8,0.118,us embassy 1
2024-07-03,100.89129983297168,Tidak Sehat,7,2,27.7,80.5,4.9,61.2,18.8,3.518,us embassy 2
2024-07-04,83.0,Sedang,7,3,27.0,83.8,5.1,21.2,14.6,14.366,bundaran hi
2024-07-04,75.70833333333333,Sedang,7,3,26.7,84.6,4.8,21.2,14.6,15.845,jagakarsa
2024-07-04,92.29166666666667,Sedang,7,3,27.0,82.8,5.4,21.2,14.6,15.002,kebun jeruk
2024-07-04,84.25,Sedang,7,3,26.9,84.4,5.0,23.8,14.3,25.822,kelapa gading
2024-07-04,75.45833333333333,Sedang,7,3,26.7,85.1,4.4,23.8,14.3,18.755,lubang buaya
2024-07-04,79.31317558985002,Sedang,7,3,27.0,83.7,3.2,13.2,14.6,0.555,us embassy 1
2024-07-04,93.81821726101622,Sedang,7,3,26.9,83.9,5.0,21.2,14.6,15.962,us embassy 2
2024-07-05,68.41666666666667,Sedang,7,4,26.8,84.8,5.5,36.4,12.7,4.059,bundaran hi
2024-07-05,69.04166666666667,Sedang,7,4,26.6,85.0,5.2,36.4,12.7,4.834,jagakarsa
2024-07-05,76.79166666666667,Sedang,7,4,26.7,84.8,5.6,36.4,12.7,5.025,kebun jeruk
2024-07-05,70.0,Sedang,7,4,26.8,84.9,5.4,36.4,12.9,5.242,kelapa gading
2024-07-05,58.25,Sedang,7,4,26.7,85.3,4.9,36.4,12.9,4.897,lubang buaya
2024-07-05,72.89548389588829,Sedang,7,4,26.77777777777778,84.8,3.4,22.6,12.7,0.157,us embassy 1
2024-07-05,80.94391979270337,Sedang,7,4,26.7,84.9,5.4,36.4,12.7,4.62,us embassy 2
2024-07-06,44.916666666666664,Baik,7,5,24.8,92.2,5.7,38.9,10.7,59.506,bundaran hi
2024-07-06,51.291666666666664,Sedang,7,5,24.6,92.5,5.5,38.9,10.7,52.624,jagakarsa
2024-07-06,51.083333333333336,Sedang,7,5,24.6,92.2,6.3,38.9,10.7,57.513,kebun jeruk
2024-07-06,52.375,Sedang,7,5,24.8,92.5,5.6,37.1,11.1,51.506,kelapa gading
2024-07-06,27.875,Baik,7,5,24.7,92.7,5.1,37.1,11.1,55.023,lubang buaya
2024-07-06,53.58201549062118,Sedang,7,5,24.77777777777777,92.1,3.6,24.2,10.7,2.353,us embassy 1
2024-07-06,61.54861997542255,Sedang,7,5,24.7,92.3,5.7,38.9,10.7,57.615,us embassy 2
2024-07-07,53.25,Sedang,7,6,26.7,81.9,6.3,22.7,8.8,0.357,bundaran hi
2024-07-07,49.666666666666664,Baik,7,6,26.6,81.7,6.2,22.7,8.8,4.504,jagakarsa
2024-07-07,51.041666666666664,Sedang,7,6,26.6,81.6,6.8,22.7,8.8,3.584,kebun jeruk
2024-07-07,61.583333333333336,Sedang,7,6,26.7,81.9,6.3,24.1,7.4,9.514,kelapa gading
2024-07-07,61.25,Sedang,7,6,26.9,81.5,5.7,24.1,7.4,4.769,lubang buaya
2024-07-07,41.07298930455386,Baik,7,6,26.666666666666668,81.9,3.9,14.1,8.8,0.003,us embassy 1
2024-07-07,53.89719239890206,Sedang,7,6,26.7,81.8,6.3,22.7,8.8,2.672,us embassy 2
2024-07-08,74.0,Sedang,7,0,28.5,78.1,6.2,21.6,17.9,25.3,bundaran hi
2024-07-08,73.0,Sedang,7,0,28.2,78.5,6.0,21.6,17.9,12.483,jagakarsa
2024-07-08,69.0,Sedang,7,0,28.3,78.5,6.8,21.6,17.9,15.58,kebun jeruk
2024-07-08,76.0,Sedang,7,0,28.5,78.5,6.2,22.0,17.6,10.316,kelapa gading
2024-07-08,87.0,Sedang,7,0,28.4,78.2,5.6,22.0,17.6,15.391,lubang buaya
2024-07-08,38.872590022530524,Baik,7,0,28.5,78.1,3.9,13.4,17.9,1.019,us embassy 1
2024-07-08,53.83149373925797,Sedang,7,0,28.4,78.3,6.2,21.6,17.9,19.251,us embassy 2
2024-07-09,74.0,Sedang,7,1,28.1,81.3,6.0,24.5,15.4,27.69,bundaran hi
2024-07-09,73.0,Sedang,7,1,27.9,81.1,5.8,24.5,15.4,12.221,jagakarsa
2024-07-09,69.0,Sedang,7,1,28.0,81.1,6.2,24.5,15.4,16.242,kebun jeruk
2024-07-09,76.0,Sedang,7,1,28.1,80.9,6.0,26.6,15.8,13.751,kelapa gading
2024-07-09,87.0,Sedang,7,1,28.1,80.6,5.5,26.6,15.8,17.33,lubang buaya
2024-07-09,54.37472226645645,Sedang,7,1,28.05555555555556,81.3,3.7,15.2,15.4,1.114,us embassy 1
2024-07-09,63.52079842930544,Sedang,7,1,28.1,81.1,6.0,24.5,15.4,21.013,us embassy 2
2024-07-10,74.0,Sedang,7,2,28.8,72.8,5.8,22.3,19.1,0.0,bundaran hi
2024-07-10,73.0,Sedang,7,2,28.5,73.3,5.6,22.3,19.1,0.0,jagakarsa
2024-07-10,69.0,Sedang,7,2,28.7,73.3,6.5,22.3,19.1,0.0,kebun jeruk
2024-07-10,76.0,Sedang,7,2,28.8,73.1,5.8,23.4,20.0,0.0,kelapa gading
2024-07-10,87.0,Sedang,7,2,28.5,72.9,5.2,23.4,20.0,0.0,lubang buaya
2024-07-10,73.0438982331773,Sedang,7,2,28.83333333333333,72.8,3.6,13.9,19.1,0.0,us embassy 1
2024-07-10,80.35017372189488,Sedang,7,2,28.7,73.0,5.8,22.3,19.1,0.0,us embassy 2
2024-07-11,74.0,Sedang,7,3,28.8,73.5,5.5,17.3,19.7,0.0,bundaran hi
2024-07-11,73.0,Sedang,7,3,28.6,73.8,5.3,17.3,19.7,0.0,jagakarsa
2024-07-11,69.0,Sedang,7,3,28.6,74.3,5.3,17.3,19.7,0.0,kebun jeruk
2024-07-11,76.0,Sedang,7,3,28.8,73.7,5.6,15.8,20.3,0.0,kelapa gading
2024-07-11,87.0,Sedang,7,3,28.8,73.0,5.2,15.8,20.3,0.0,lubang buaya
2024-07-11,89.40736798816413,Sedang,7,3,28.83333333333333,73.5,3.4,10.7,19.7,0.0,us embassy 1
2024-07-11,98.01009332025238,Sedang,7,3,28.8,73.6,5.4,17.3,19.7,0.0,us embassy 2
2024-07-12,74.0,Sedang,7,4,28.5,68.0,5.7,21.2,18.5,0.0,bundaran hi
2024-07-12,73.0,Sedang,7,4,28.2,69.1,5.5,21.2,18.5,0.0,jagakarsa
2024-07-12,69.0,Sedang,7,4,28.4,68.3,6.0,21.2,18.5,0.0,kebun jeruk
2024-07-12,76.0,Sedang,7,4,28.5,68.7,5.8,20.9,19.3,0.0,kelapa gading
2024-07-12,87.0,Sedang,7,4,28.2,69.2,5.3,20.9,19.3,0.0,lubang buaya
2024-07-12,85.23942195095486,Sedang,7,4,28.55555555555556,67.9,3.6,13.2,18.5,0.0,us embassy 1
2024-07-12,94.66126519689446,Sedang,7,4,28.4,68.4,5.7,21.2,18.5,0.0,us embassy 2
2024-07-13,74.0,Sedang,7,5,27.9,65.7,5.7,20.5,21.3,0.0,bundaran hi
2024-07-13,73.0,Sedang,7,5,27.6,66.1,5.5,20.5,21.3,0.0,jagakarsa
2024-07-13,69.0,Sedang,7,5,27.8,65.7,5.6,20.5,21.3,0.0,kebun jeruk
2024-07-13,76.0,Sedang,7,5,27.9,66.0,5.8,18.4,22.1,0.0,kelapa gading
2024-07-13,87.0,Sedang,7,5,27.7,66.0,5.4,18.4,22.1,0.0,lubang buaya
2024-07-13,88.17359986244088,Sedang,7,5,27.88888888888889,65.6,3.5,12.8,21.3,0.0,us embassy 1
2024-07-13,96.76829229279394,Sedang,7,5,27.8,65.8,5.6,20.5,21.3,0.0,us embassy 2
2024-07-14,74.0,Sedang,7,6,27.9,64.0,6.3,17.3,20.4,0.0,bundaran hi
2024-07-14,73.0,Sedang,7,6,27.6,64.5,6.1,17.3,20.4,0.0,jagakarsa
2024-07-14,69.0,Sedang,7,6,27.7,64.6,6.8,17.3,20.4,0.0,kebun jeruk
2024-07-14,76.0,Sedang,7,6,27.9,64.3,6.4,17.3,20.9,0.0,kelapa gading
2024-07-14,87.0,Sedang,7,6,27.8,63.7,5.8,17.3,20.9,0.0,lubang buaya
2024-07-14,83.46285881227035,Sedang,7,6,27.944444444444443,64.0,3.9,10.7,20.4,0.0,us embassy 1
2024-07-14,96.15496273443352,Sedang,7,6,27.8,64.2,6.3,17.3,20.4,0.0,us embassy 2
2024-07-15,83.95833333333333,Sedang,7,0,27.5,64.7,6.2,16.6,21.8,0.0,bundaran hi
2024-07-15,86.5,Sedang,7,0,27.2,65.7,6.2,16.6,21.8,0.0,jagakarsa
2024-07-15,86.33333333333333,Sedang,7,0,27.5,64.5,6.3,16.6,21.8,0.0,kebun jeruk
2024-07-15,92.0,Sedang,7,0,27.6,65.5,6.4,14.8,22.0,0.0,kelapa gading
2024-07-15,88.29166666666667,Sedang,7,0,27.3,65.6,6.1,14.8,22.0,0.0,lubang buaya
2024-07-15,80.46709872213016,Sedang,7,0,27.555555555555557,64.6,3.9,10.3,21.8,0.0,us embassy 1
2024-07-15,89.05899802479549,Sedang,7,0,27.5,65.0,6.2,16.6,21.8,0.0,us embassy 2
2024-07-16,93.79166666666667,Sedang,7,1,28.5,64.9,6.0,16.9,21.7,0.0,bundaran hi
2024-07-16,86.125,Sedang,7,1,28.1,65.9,5.9,16.9,21.7,0.0,jagakarsa
2024-07-16,97.95833333333333,Sedang,7,1,28.3,65.3,6.4,16.9,21.7,0.0,kebun jeruk
2024-07-16,96.625,Sedang,7,1,28.4,65.4,6.2,18.4,22.2,0.0,kelapa gading
2024-07-16,60.333333333333336,Sedang,7,1,28.2,65.3,5.6,18.4,22.2,0.0,lubang buaya
2024-07-16,84.75496025842381,Sedang,7,1,28.5,64.8,3.7,10.5,21.7,0.0,us embassy 1
2024-07-16,90.99533321873712,Sedang,7,1,28.3,65.2,6.1,16.9,21.7,0.0,us embassy 2
2024-07-17,87.625,Sedang,7,2,28.8,68.3,6.1,18.7,20.1,0.0,bundaran hi
2024-07-17,91.375,Sedang,7,2,28.4,69.0,6.0,18.7,20.1,0.0,jagakarsa
2024-07-17,97.25,Sedang,7,2,28.6,69.1,6.6,18.7,20.1,0.0,kebun jeruk
2024-07-17,96.25,Sedang,7,2,28.8,68.7,6.3,21.2,20.2,0.0,kelapa gading
2024-07-17,65.625,Sedang,7,2,28.6,68.2,5.8,21.2,20.2,0.0,lubang buaya
2024-07-17,80.49544958575235,Sedang,7,2,28.83333333333333,68.3,3.8,11.6,20.1,0.0,us embassy 1
2024-07-17,79.13026023277452,Sedang,7,2,28.7,68.6,6.2,18.7,20.1,0.0,us embassy 2
2024-07-18,89.95833333333333,Sedang,7,3,29.2,68.5,6.4,18.0,20.0,0.0,bundaran hi
2024-07-18,89.45833333333333,Sedang,7,3,28.9,69.1,6.3,18.0,20.0,0.0,jagakarsa
2024-07-18,90.45833333333333,Sedang,7,3,29.1,68.5,7.1,18.0,20.0,0.0,kebun jeruk
2024-07-18,94.83333333333333,Sedang,7,3,29.1,68.9,6.5,19.1,20.2,0.0,kelapa gading
2024-07-18,89.04166666666667,Sedang,7,3,28.9,68.8,5.9,19.1,20.2,0.0,lubang buaya
2024-07-18,82.70800371872024,Sedang,7,3,29.22222222222222,68.4,4.0,11.2,20.0,0.0,us embassy 1
2024-07-18,22.512107410136164,Baik,7,3,29.1,68.6,6.5,18.0,20.0,0.0,us embassy 2
2024-07-19,85.16666666666667,Sedang,7,4,29.2,67.7,6.1,19.4,20.4,0.0,bundaran hi
2024-07-19,83.0,Sedang,7,4,29.0,67.9,6.1,19.4,20.4,0.0,jagakarsa
2024-07-19,90.79166666666667,Sedang,7,4,29.0,68.2,6.9,19.4,20.4,0.0,kebun jeruk
2024-07-19,89.33333333333333,Sedang,7,4,29.2,67.9,6.3,21.2,20.7,0.0,kelapa gading
2024-07-19,82.04166666666667,Sedang,7,4,29.1,67.3,5.5,21.2,20.7,0.0,lubang buaya
2024-07-19,79.0268424958678,Sedang,7,4,29.22222222222222,67.7,3.8,12.1,20.4,0.0,us embassy 1
2024-07-19,83.89571965730708,Sedang,7,4,29.2,67.8,6.3,19.4,20.4,0.0,us embassy 2
2024-07-20,84.45833333333333,Sedang,7,5,28.8,67.5,6.3,16.2,20.4,0.0,bundaran hi
2024-07-20,88.125,Sedang,7,5,28.6,67.6,6.3,16.2,20.4,0.0,jagakarsa
2024-07-20,92.25,Sedang,7,5,28.6,67.7,7.0,16.2,20.4,0.0,kebun jeruk
2024-07-20,88.125,Sedang,7,5,28.8,67.5,6.4,16.6,20.9,0.0,kelapa gading
2024-07-20,84.33333333333333,Sedang,7,5,28.7,67.0,5.9,16.6,20.9,0.0,lubang buaya
2024-07-20,80.07187239292332,Sedang,7,5,28.77777777777778,67.6,3.9,10.1,20.4,0.0,us embassy 1
2024-07-20,87.54861314604335,Sedang,7,5,28.7,67.5,6.4,16.2,20.4,0.0,us embassy 2
2024-07-21,84.375,Sedang,7,6,29.1,67.0,6.3,22.0,20.0,0.0,bundaran hi
2024-07-21,83.33333333333333,Sedang,7,6,28.7,67.7,6.3,22.0,20.0,0.0,jagakarsa
2024-07-21,56.541666666666664,Sedang,7,6,28.9,67.8,6.6,22.0,20.0,0.0,kebun jeruk
2024-07-21,87.95833333333333,Sedang,7,6,29.0,67.8,6.6,23.4,20.4,0.0,kelapa gading
2024-07-21,81.04166666666667,Sedang,7,6,28.8,66.8,6.2,23.4,20.4,0.0,lubang buaya
2024-07-21,82.46410491740347,Sedang,7,6,29.05555555555556,67.0,3.9,13.6,20.0,0.0,us embassy 1
2024-07-21,78.03021054307466,Sedang,7,6,29.0,67.4,6.4,22.0,20.0,0.0,us embassy 2
2024-07-22,81.79166666666667,Sedang,7,0,29.1,68.4,6.0,23.8,19.5,0.0,bundaran hi
2024-07-22,80.125,Sedang,7,0,28.8,68.5,5.9,23.8,19.5,0.0,jagakarsa
2024-07-22,55.583333333333336,Sedang,7,0,28.9,68.7,6.3,23.8,19.5,0.0,kebun jeruk
2024-07-22,64.41666666666667,Sedang,7,0,29.1,68.6,6.1,23.0,20.1,0.0,kelapa gading
2024-07-22,80.66666666666667,Sedang,7,0,28.9,67.9,5.6,23.0,20.1,0.0,lubang buaya
2024-07-22,76.98398157212164,Sedang,7,0,29.11111111111111,68.5,3.7,14.8,19.5,0.0,us embassy 1
2024-07-22,76.63627269929205,Sedang,7,0,29.0,68.4,6.0,23.8,19.5,0.0,us embassy 2
2024-07-23,90.0,Sedang,7,1,28.9,65.6,5.9,23.8,19.7,0.0,bundaran hi
2024-07-23,82.29166666666667,Sedang,7,1,28.6,65.9,5.8,23.8,19.7,0.0,jagakarsa
2024-07-23,86.5,Sedang,7,1,28.6,66.5,6.1,23.8,19.7,0.0,kebun jeruk
2024-07-23,51.625,Sedang,7,1,28.8,66.1,6.1,26.6,20.7,0.0,kelapa gading
2024-07-23,82.66666666666667,Sedang,7,1,28.8,64.7,5.5,26.6,20.7,0.0,lubang buaya
2024-07-23,81.38140742138103,Sedang,7,1,28.83333333333333,65.6,3.6,14.8,19.7,0.0,us embassy 1
2024-07-23,76.63627269929205,Sedang,7,1,28.7,65.8,5.9,23.8,19.7,0.0,us embassy 2
2024-07-24,99.875,Sedang,7,2,28.7,68.7,5.7,19.4,15.6,0.0,bundaran hi
2024-07-24,83.375,Sedang,7,2,28.3,68.9,5.6,19.4,15.6,0.0,jagakarsa
2024-07-24,94.66666666666667,Sedang,7,2,28.3,68.7,6.1,19.4,15.6,0.0,kebun jeruk
2024-07-24,110.33333333333333,Tidak Sehat,7,2,28.6,69.2,5.8,20.5,14.9,0.0,kelapa gading
2024-07-24,85.29166666666667,Sedang,7,2,28.6,68.3,5.1,20.5,14.9,0.0,lubang buaya
2024-07-24,91.22163053793855,Sedang,7,2,28.666666666666668,68.7,3.6,12.1,15.6,0.0,us embassy 1
2024-07-24,76.63627269929205,Sedang,7,2,28.6,68.7,5.7,19.4,15.6,0.0,us embassy 2
2024-07-25,84.16666666666667,Sedang,7,3,28.3,69.9,6.4,33.5,17.7,0.0,bundaran hi
2024-07-25,72.20833333333333,Sedang,7,3,28.0,70.3,6.2,33.5,17.7,0.0,jagakarsa
2024-07-25,85.0,Sedang,7,3,28.1,70.2,6.9,33.5,17.7,0.0,kebun jeruk
2024-07-25,98.29166666666667,Sedang,7,3,28.4,70.3,6.4,33.5,18.6,0.0,kelapa gading
2024-07-25,71.83333333333333,Sedang,7,3,28.2,69.6,5.8,33.5,18.6,0.0,lubang buaya
2024-07-25,89.04638023397821,Sedang,7,3,28.33333333333333,69.9,4.0,20.8,17.7,0.0,us embassy 1
2024-07-25,76.63627269929205,Sedang,7,3,28.2,70.0,6.4,33.5,17.7,0.0,us embassy 2
2024-07-26,82.91666666666667,Sedang,7,4,29.0,67.4,5.9,19.8,19.4,0.0,bundaran hi
2024-07-26,76.04166666666667,Sedang,7,4,28.8,67.0,5.8,19.8,19.4,0.0,jagakarsa
2024-07-26,86.33333333333333,Sedang,7,4,28.6,69.0,6.5,19.8,19.4,0.0,kebun jeruk
2024-07-26,89.20833333333333,Sedang,7,4,29.1,67.2,5.9,19.8,20.2,0.0,kelapa gading
2024-07-26,76.125,Sedang,7,4,29.1,65.3,5.2,19.8,20.2,0.0,lubang buaya
2024-07-26,75.53521622368329,Sedang,7,4,28.944444444444443,67.5,3.7,12.3,19.4,0.0,us embassy 1
2024-07-26,76.63627269929205,Sedang,7,4,28.9,67.4,5.9,19.8,19.4,0.0,us embassy 2
2024-07-27,94.70833333333333,Sedang,7,5,29.4,68.3,6.0,21.6,22.0,0.0,bundaran hi
2024-07-27,87.41666666666667,Sedang,7,5,29.0,68.9,5.8,21.6,22.0,0.0,jagakarsa
2024-07-27,92.625,Sedang,7,5,29.1,69.5,6.6,21.6,22.0,0.0,kebun jeruk
2024-07-27,100.875,Tidak Sehat,7,5,29.3,68.6,6.1,21.6,22.3,0.0,kelapa gading
2024-07-27,89.20833333333333,Sedang,7,5,29.1,68.2,5.3,21.6,22.3,0.0,lubang buaya
2024-07-27,89.15766991512525,Sedang,7,5,29.38888888888889,68.4,3.7,13.4,22.0,0.0,us embassy 1
2024-07-27,76.63627269929205,Sedang,7,5,29.2,68.7,6.0,21.6,22.0,0.0,us embassy 2
2024-07-28,98.20833333333333,Sedang,7,6,29.1,69.2,5.9,17.6,20.5,0.0,bundaran hi
2024-07-28,96.25,Sedang,7,6,28.9,69.0,5.7,17.6,20.5,0.0,jagakarsa
2024-07-28,99.5,Sedang,7,6,28.9,70.0,5.9,17.6,20.5,0.0,kebun jeruk
2024-07-28,101.08333333333333,Tidak Sehat,7,6,29.1,69.2,6.0,20.9,20.6,0.0,kelapa gading
2024-07-28,91.70833333333333,Sedang,7,6,29.2,67.7,5.5,20.9,20.6,0.0,lubang buaya
2024-07-28,90.82929468716105,Sedang,7,6,29.11111111111111,69.2,3.6,11.0,20.5,0.0,us embassy 1
2024-07-28,76.63627269929205,Sedang,7,6,29.1,69.1,5.8,17.6,20.5,0.0,us embassy 2
2024-07-29,93.95833333333333,Sedang,7,0,29.2,66.2,6.3,20.9,19.8,0.0,bundaran hi
2024-07-29,94.5,Sedang,7,0,28.9,66.7,6.2,20.9,19.8,0.0,jagakarsa
2024-07-29,98.375,Sedang,7,0,29.1,67.0,6.3,20.9,19.8,0.0,kebun jeruk
2024-07-29,96.875,Sedang,7,0,29.2,66.4,6.5,20.9,20.7,0.0,kelapa gading
2024-07-29,95.95833333333333,Sedang,7,0,29.0,65.7,6.2,20.9,20.7,0.0,lubang buaya
2024-07-29,52.33746339097417,Sedang,7,0,29.22222222222222,66.2,3.9,13.0,19.8,0.0,us embassy 1
2024-07-29,76.63627269929205,Sedang,7,0,29.1,66.4,6.3,20.9,19.8,0.0,us embassy 2
2024-07-30,94.95833333333333,Sedang,7,1,29.3,65.3,5.4,19.8,22.0,0.0,bundaran hi
2024-07-30,90.79166666666667,Sedang,7,1,29.1,65.4,5.0,19.8,22.0,0.0,jagakarsa
2024-07-30,100.08333333333333,Tidak Sehat,7,1,29.1,65.9,5.5,19.8,22.0,0.0,kebun jeruk
2024-07-30,103.41666666666667,Tidak Sehat,7,1,29.3,65.8,5.4,19.8,22.8,0.0,kelapa gading
2024-07-30,93.83333333333333,Sedang,7,1,29.3,64.3,4.7,19.8,22.8,0.0,lubang buaya
2024-07-30,74.87042066788621,Sedang,7,1,29.33333333333333,65.3,3.4,12.3,22.0,0.0,us embassy 1
2024-07-30,76.63627269929205,Sedang,7,1,29.2,65.3,5.3,19.8,22.0,0.0,us embassy 2
2024-07-31,102.0,Tidak Sehat,7,2,29.2,70.0,5.6,23.4,21.8,0.0,bundaran hi
2024-07-31,100.625,Tidak Sehat,7,2,28.8,70.3,5.4,23.4,21.8,0.0,jagakarsa
2024-07-31,109.875,Tidak Sehat,7,2,28.8,71.0,5.7,23.4,21.8,0.0,kebun jeruk
2024-07-31,109.08333333333333,Tidak Sehat,7,2,29.1,70.4,5.7,23.4,22.5,0.0,kelapa gading
2024-07-31,109.125,Tidak Sehat,7,2,29.0,69.5,5.0,23.4,22.5,0.0,lubang buaya
2024-07-31,98.30193399188516,Sedang,7,2,29.166666666666668,70.0,3.5,14.5,21.8,0.0,us embassy 1
2024-07-31,76.63627269929205,Sedang,7,2,29.0,70.2,5.5,23.4,21.8,0.0,us embassy 2
2024-08-01,102.25,Tidak Sehat,8,3,28.1,76.1,5.6,21.6,20.3,0.0,bundaran hi
2024-08-01,98.58333333333333,Sedang,8,3,27.9,76.3,5.2,21.6,20.3,4.149,jagakarsa
2024-08-01,106.33333333333333,Tidak Sehat,8,3,28.1,75.8,5.5,21.6,20.3,0.0,kebun jeruk
2024-08-01,98.70833333333333,Sedang,8,3,28.1,76.1,5.6,23.0,20.7,0.0,kelapa gading
2024-08-01,90.16666666666667,Sedang,8,3,28.0,76.4,4.9,23.0,20.7,0.0,lubang buaya
2024-08-01,93.64638723608721,Sedang,8,3,28.111111111111107,76.1,3.5,13.4,20.3,0.0,us embassy 1
2024-08-01,76.63627269929205,Sedang,8,3,28.1,76.1,5.5,21.6,20.3,0.0,us embassy 2
2024-08-02,90.5,Sedang,8,4,27.6,78.5,5.5,27.0,18.2,2.986,bundaran hi
2024-08-02,78.79166666666667,Sedang,8,4,27.0,80.8,5.2,27.0,18.2,6.032,jagakarsa
2024-08-02,97.54166666666667,Sedang,8,4,27.6,77.5,6.1,27.0,18.2,4.035,kebun jeruk
2024-08-02,90.0,Sedang,8,4,27.3,79.6,5.5,25.9,19.0,1.615,kelapa gading
2024-08-02,74.625,Sedang,8,4,26.8,82.4,4.7,25.9,19.0,3.094,lubang buaya
2024-08-02,93.33799144507005,Sedang,8,4,27.555555555555557,78.3,3.5,16.8,18.2,0.118,us embassy 1
2024-08-02,76.63627269929205,Sedang,8,4,27.4,79.1,5.5,27.0,18.2,3.346,us embassy 2
2024-08-03,66.41666666666667,Sedang,8,5,27.8,79.0,5.9,23.4,18.2,0.294,bundaran hi
2024-08-03,62.291666666666664,Sedang,8,5,27.4,80.6,5.6,23.4,18.2,22.677,jagakarsa
2024-08-03,72.16666666666667,Sedang,8,5,27.7,78.7,6.6,23.4,18.2,9.085,kebun jeruk
2024-08-03,72.875,Sedang,8,5,27.7,79.9,5.9,24.8,19.1,2.03,kelapa gading
2024-08-03,61.166666666666664,Sedang,8,5,27.3,81.6,5.1,24.8,19.1,8.66,lubang buaya
2024-08-03,66.58868716355907,Sedang,8,5,27.83333333333333,78.9,3.7,14.5,18.2,0.001,us embassy 1
2024-08-03,76.63627269929205,Sedang,8,5,27.7,79.6,5.9,23.4,18.2,6.09,us embassy 2
2024-08-04,72.20833333333333,Sedang,8,6,28.9,74.0,5.6,18.7,20.6,0.021,bundaran hi
2024-08-04,65.625,Sedang,8,6,28.5,74.6,5.4,18.7,20.6,0.505,jagakarsa
2024-08-04,80.125,Sedang,8,6,28.8,73.7,5.9,18.7,20.6,0.733,kebun jeruk
2024-08-04,78.625,Sedang,8,6,28.8,74.4,5.7,19.4,20.9,0.13,kelapa gading
2024-08-04,50.291666666666664,Sedang,8,6,28.5,74.5,5.0,19.4,20.9,0.336,lubang buaya
2024-08-04,68.0994589579802,Sedang,8,6,28.88888888888889,73.9,3.5,11.6,20.6,0.008,us embassy 1
2024-08-04,76.63627269929205,Sedang,8,6,28.8,74.1,5.6,18.7,20.6,0.324,us embassy 2
2024-08-05,78.0,Sedang,8,0,28.2,73.4,5.7,21.6,19.5,5.37,bundaran hi
2024-08-05,69.875,Sedang,8,0,28.0,73.3,5.5,21.6,19.5,14.529,jagakarsa
2024-08-05,49.083333333333336,Baik,8,0,27.8,75.8,5.8,21.6,19.5,19.502,kebun jeruk
2024-08-05,81.29166666666667,Sedang,8,0,28.3,73.4,5.8,22.0,20.3,5.989,kelapa gading
2024-08-05,65.375,Sedang,8,0,28.4,71.3,5.3,22.0,20.3,10.629,lubang buaya
2024-08-05,77.5854268379751,Sedang,8,0,28.166666666666668,73.6,3.5,13.4,19.5,0.198,us embassy 1
2024-08-05,76.63627269929205,Sedang,8,0,28.1,73.7,5.6,21.6,19.5,11.187,us embassy 2
2024-08-06,75.0,Sedang,8,1,29.1,69.6,6.3,19.8,21.5,0.0,bundaran hi
2024-08-06,79.375,Sedang,8,1,28.8,69.7,6.3,19.8,21.5,0.0,jagakarsa
2024-08-06,78.75,Sedang,8,1,28.8,70.7,7.0,19.8,21.5,0.0,kebun jeruk
2024-08-06,80.375,Sedang,8,1,29.1,69.7,6.5,21.6,22.2,0.0,kelapa gading
2024-08-06,74.91666666666667,Sedang,8,1,29.0,68.9,5.9,21.6,22.2,0.0,lubang buaya
2024-08-06,70.7199522413742,Sedang,8,1,29.05555555555556,69.6,4.0,12.3,21.5,0.0,us embassy 1
2024-08-06,76.63627269929205,Sedang,8,1,29.0,69.8,6.4,19.8,21.5,0.0,us embassy 2
2024-08-07,85.70833333333333,Sedang,8,2,29.0,69.4,5.7,24.1,20.7,0.0,bundaran hi
2024-08-07,88.5,Sedang,8,2,28.6,69.2,5.5,24.1,20.7,0.0,jagakarsa
2024-08-07,95.0,Sedang,8,2,28.7,70.4,5.8,24.1,20.7,0.0,kebun jeruk
2024-08-07,54.0,Sedang,8,2,28.9,69.3,5.8,28.4,21.4,0.0,kelapa gading
2024-08-07,83.45833333333333,Sedang,8,2,28.8,67.7,5.2,28.4,21.4,0.0,lubang buaya
2024-08-07,69.54086093501735,Sedang,8,2,28.944444444444443,69.5,3.6,15.0,20.7,0.0,us embassy 1
2024-08-07,52.88973743063625,Sedang,8,2,28.9,69.3,5.6,24.1,20.7,0.0,us embassy 2
2024-08-08,97.16666666666667,Sedang,8,3,29.1,68.2,5.4,24.8,18.6,0.0,bundaran hi
2024-08-08,106.79166666666667,Tidak Sehat,8,3,28.7,68.8,5.3,24.8,18.6,0.0,jagakarsa
2024-08-08,113.79166666666667,Tidak Sehat,8,3,28.8,68.9,5.9,24.8,18.6,0.0,kebun jeruk
2024-08-08,108.45833333333333,Tidak Sehat,8,3,29.0,68.8,5.6,26.3,19.0,0.0,kelapa gading
2024-08-08,97.45833333333333,Sedang,8,3,28.9,67.8,5.0,26.3,19.0,0.0,lubang buaya
2024-08-08,36.66689008082203,Baik,8,3,29.05555555555556,68.2,3.4,15.4,18.6,0.0,us embassy 1
2024-08-08,99.4033791858792,Sedang,8,3,29.0,68.5,5.5,24.8,18.6,0.0,us embassy 2
2024-08-09,93.54166666666667,Sedang,8,4,29.6,67.9,6.2,44.6,21.6,0.0,bundaran hi
2024-08-09,89.33333333333333,Sedang,8,4,29.3,68.5,6.2,42.5,21.6,0.0,jagakarsa
2024-08-09,104.04166666666667,Tidak Sehat,8,4,29.2,69.5,6.5,44.6,21.6,0.0,kebun jeruk
2024-08-09,95.125,Sedang,8,4,29.5,68.4,6.5,42.5,22.3,0.0,kelapa gading
2024-08-09,87.66666666666667,Sedang,8,4,29.5,67.4,6.0,42.5,22.3,0.0,lubang buaya
2024-08-09,39.18808758822062,Baik,8,4,29.61111111111111,67.9,3.8,27.7,21.6,0.0,us embassy 1
2024-08-09,100.52838414987008,Tidak Sehat,8,4,29.5,68.3,6.2,44.6,21.6,0.0,us embassy 2
2024-08-10,81.375,Sedang,8,5,29.5,70.3,6.5,19.1,19.9,0.0,bundaran hi
2024-08-10,83.375,Sedang,8,5,29.2,70.7,6.3,19.1,19.9,0.0,jagakarsa
2024-08-10,87.91666666666667,Sedang,8,5,29.3,71.3,7.1,19.1,19.9,0.0,kebun jeruk
2024-08-10,87.16666666666667,Sedang,8,5,29.5,70.9,6.6,23.0,20.7,0.0,kelapa gading
2024-08-10,75.125,Sedang,8,5,29.4,69.8,5.9,23.0,20.7,0.0,lubang buaya
2024-08-10,76.6299044101652,Sedang,8,5,29.5,70.3,4.0,11.9,19.9,0.0,us embassy 1
2024-08-10,81.83138288620493,Sedang,8,5,29.4,70.6,6.5,19.1,19.9,0.0,us embassy 2
2024-08-11,77.04166666666667,Sedang,8,6,29.2,70.8,5.7,33.5,20.8,0.005,bundaran hi
2024-08-11,80.16666666666667,Sedang,8,6,29.0,70.9,5.5,22.0,20.8,1.06,jagakarsa
2024-08-11,87.0,Sedang,8,6,28.9,71.3,5.9,33.5,20.8,0.079,kebun jeruk
2024-08-11,79.41666666666667,Sedang,8,6,29.2,70.9,5.8,22.7,21.1,0.053,kelapa gading
2024-08-11,71.45833333333333,Sedang,8,6,29.2,70.0,5.2,22.7,21.1,0.317,lubang buaya
2024-08-11,72.23078898468272,Sedang,8,6,29.166666666666668,70.9,3.5,20.8,20.8,0.0,us embassy 1
2024-08-11,82.22615286486094,Sedang,8,6,29.1,70.8,5.7,33.5,20.8,0.079,us embassy 2
2024-08-12,77.79166666666667,Sedang,8,0,28.3,63.4,6.4,20.5,19.4,0.2,bundaran hi
2024-08-12,74.125,Sedang,8,0,28.2,63.4,6.3,20.5,19.4,0.2,jagakarsa
2024-08-12,86.125,Sedang,8,0,28.2,64.3,7.0,20.5,19.4,0.2,kebun jeruk
2024-08-12,82.66666666666667,Sedang,8,0,28.3,63.3,6.3,24.5,20.9,0.0,kelapa gading
2024-08-12,66.20833333333333,Sedang,8,0,28.3,63.0,6.0,24.5,20.9,0.0,lubang buaya
2024-08-12,73.93882782000445,Sedang,8,0,28.277777777777786,63.5,4.0,12.8,19.4,0.008,us embassy 1
2024-08-12,82.11282147525834,Sedang,8,0,28.3,63.5,6.4,20.5,19.4,0.2,us embassy 2
2024-08-13,88.45833333333333,Sedang,8,1,28.7,61.5,6.9,35.3,23.8,0.0,bundaran hi
2024-08-13,90.45833333333333,Sedang,8,1,28.5,61.8,7.0,33.5,23.8,0.0,jagakarsa
2024-08-13,103.08333333333333,Tidak Sehat,8,1,28.5,61.9,7.2,35.3,23.8,0.0,kebun jeruk
2024-08-13,96.125,Sedang,8,1,28.7,61.9,7.1,33.5,24.4,0.0,kelapa gading
2024-08-13,83.20833333333333,Sedang,8,1,28.6,61.1,6.9,33.5,24.4,0.0,lubang buaya
2024-08-13,78.88935444891344,Sedang,8,1,28.666666666666668,61.5,4.3,21.9,23.8,0.0,us embassy 1
2024-08-13,88.32578799964108,Sedang,8,1,28.6,61.7,7.0,35.3,23.8,0.0,us embassy 2
2024-08-14,92.20833333333333,Sedang,8,2,29.1,66.1,5.6,35.3,22.9,0.0,bundaran hi
2024-08-14,94.25,Sedang,8,2,28.8,66.8,5.5,35.3,22.9,0.0,jagakarsa
2024-08-14,109.54166666666667,Tidak Sehat,8,2,28.7,67.5,5.9,35.3,22.9,0.0,kebun jeruk
2024-08-14,100.20833333333333,Tidak Sehat,8,2,29.1,67.0,5.8,35.3,23.3,0.0,kelapa gading
2024-08-14,85.04166666666667,Sedang,8,2,29.0,65.8,5.1,35.3,23.3,0.0,lubang buaya
2024-08-14,89.14212501280069,Sedang,8,2,29.11111111111111,66.1,3.5,21.9,22.9,0.0,us embassy 1
2024-08-14,99.37459935816128,Sedang,8,2,29.0,66.6,5.6,35.3,22.9,0.0,us embassy 2
2024-08-15,91.20833333333333,Sedang,8,3,29.1,67.3,5.5,26.3,22.0,0.0,bundaran hi
2024-08-15,96.70833333333333,Sedang,8,3,28.8,66.5,5.3,26.3,22.0,0.0,jagakarsa
2024-08-15,103.75,Tidak Sehat,8,3,28.9,67.9,5.7,26.3,22.0,0.0,kebun jeruk
2024-08-15,94.33333333333333,Sedang,8,3,29.1,66.9,5.6,28.8,22.7,0.0,kelapa gading
2024-08-15,86.125,Sedang,8,3,29.1,64.8,4.9,28.8,22.7,0.0,lubang buaya
2024-08-15,90.12242702911617,Sedang,8,3,29.11111111111111,67.4,3.5,16.3,22.0,0.0,us embassy 1
2024-08-15,101.92297382811044,Tidak Sehat,8,3,29.0,67.0,5.5,26.3,22.0,0.0,us embassy 2
2024-08-16,92.0,Sedang,8,4,29.1,66.2,5.8,19.4,21.7,0.0,bundaran hi
2024-08-16,91.83333333333333,Sedang,8,4,28.8,66.0,5.7,19.4,21.7,0.0,jagakarsa
2024-08-16,102.83333333333333,Tidak Sehat,8,4,28.9,66.4,6.2,19.4,21.7,0.0,kebun jeruk
2024-08-16,92.70833333333333,Sedang,8,4,29.1,66.3,5.9,24.5,21.8,0.0,kelapa gading
2024-08-16,84.20833333333333,Sedang,8,4,29.0,65.0,5.4,24.5,21.8,0.0,lubang buaya
2024-08-16,89.39176184654383,Sedang,8,4,29.05555555555556,66.3,3.6,12.1,21.7,0.0,us embassy 1
2024-08-16,98.36873152114418,Sedang,8,4,29.0,66.1,5.8,19.4,21.7,0.0,us embassy 2
2024-08-17,92.25,Sedang,8,5,29.4,66.0,6.3,27.0,20.2,0.0,bundaran hi
2024-08-17,103.0,Tidak Sehat,8,5,29.1,66.0,6.2,27.0,20.2,0.0,jagakarsa
2024-08-17,107.33333333333333,Tidak Sehat,8,5,29.1,67.0,6.9,27.0,20.2,0.0,kebun jeruk
2024-08-17,95.0,Sedang,8,5,29.4,66.0,6.5,30.6,21.9,0.0,kelapa gading
2024-08-17,88.08333333333333,Sedang,8,5,29.4,64.7,5.9,30.6,21.9,0.0,lubang buaya
2024-08-17,90.74759803217347,Sedang,8,5,29.38888888888889,66.1,3.9,16.8,20.2,0.0,us embassy 1
2024-08-17,104.0905376683055,Tidak Sehat,8,5,29.3,66.1,6.4,27.0,20.2,0.0,us embassy 2
2024-08-18,90.16666666666667,Sedang,8,6,29.1,70.6,6.0,24.5,22.4,0.0,bundaran hi
2024-08-18,100.83333333333333,Tidak Sehat,8,6,28.9,70.4,5.8,24.5,22.4,0.0,jagakarsa
2024-08-18,103.79166666666667,Tidak Sehat,8,6,28.8,71.0,6.2,24.5,22.4,0.0,kebun jeruk
2024-08-18,89.625,Sedang,8,6,29.1,70.6,6.1,27.4,23.1,0.0,kelapa gading
2024-08-18,90.16666666666667,Sedang,8,6,29.2,69.4,5.5,27.4,23.1,0.0,lubang buaya
2024-08-18,82.41926190838025,Sedang,8,6,29.05555555555556,70.6,3.7,15.2,22.4,0.0,us embassy 1
2024-08-18,98.88813299343498,Sedang,8,6,29.0,70.5,6.0,24.5,22.4,0.0,us embassy 2
2024-08-19,86.58333333333333,Sedang,8,0,29.2,70.2,5.8,25.9,23.1,0.0,bundaran hi
2024-08-19,90.25,Sedang,8,0,29.0,70.3,5.8,25.9,23.1,0.0,jagakarsa
2024-08-19,97.125,Sedang,8,0,28.9,71.1,5.9,25.9,23.1,0.0,kebun jeruk
2024-08-19,85.29166666666667,Sedang,8,0,29.2,70.4,6.1,29.5,23.6,0.0,kelapa gading
2024-08-19,82.875,Sedang,8,0,29.3,69.2,5.7,29.5,23.6,0.0,lubang buaya
2024-08-19,80.33976471067031,Sedang,8,0,29.22222222222222,70.3,3.6,16.1,23.1,0.0,us embassy 1
2024-08-19,85.44473749837499,Sedang,8,0,29.1,70.3,5.8,25.9,23.1,0.0,us embassy 2
2024-08-20,90.70833333333333,Sedang,8,1,28.7,72.1,5.0,24.8,23.1,0.0,bundaran hi
2024-08-20,98.33333333333333,Sedang,8,1,28.6,71.9,4.9,24.8,23.1,0.0,jagakarsa
2024-08-20,109.04166666666667,Tidak Sehat,8,1,28.5,72.7,4.9,24.8,23.1,0.0,kebun jeruk
2024-08-20,94.70833333333333,Sedang,8,1,28.7,72.1,5.1,28.4,23.9,0.0,kelapa gading
2024-08-20,90.70833333333333,Sedang,8,1,28.7,71.1,4.9,28.4,23.9,0.0,lubang buaya
2024-08-20,86.04641185529978,Sedang,8,1,28.666666666666668,72.1,3.1,15.4,23.1,0.0,us embassy 1
2024-08-20,42.2677848812526,Baik,8,1,28.6,72.1,4.9,24.8,23.1,0.0,us embassy 2
2024-08-21,96.66666666666667,Sedang,8,2,29.1,70.0,5.4,27.0,22.4,0.0,bundaran hi
2024-08-21,103.5,Tidak Sehat,8,2,28.9,69.9,5.2,27.0,22.4,0.0,jagakarsa
2024-08-21,118.25,Tidak Sehat,8,2,28.8,71.0,5.5,27.0,22.4,0.0,kebun jeruk
2024-08-21,100.83333333333333,Tidak Sehat,8,2,29.1,70.1,5.6,28.8,23.2,0.0,kelapa gading
2024-08-21,94.91666666666667,Sedang,8,2,29.2,68.7,4.9,28.8,23.2,0.0,lubang buaya
2024-08-21,94.51480226426486,Sedang,8,2,29.11111111111111,70.0,3.4,16.8,22.4,0.0,us embassy 1
2024-08-21,107.7726243529177,Tidak Sehat,8,2,29.1,70.0,5.4,27.0,22.4,0.0,us embassy 2
2024-08-22,89.125,Sedang,8,3,29.4,69.2,6.2,29.9,20.7,0.0,bundaran hi
2024-08-22,93.20833333333333,Sedang,8,3,29.1,69.0,6.2,29.9,20.7,0.0,jagakarsa
2024-08-22,95.75,Sedang,8,3,29.2,69.4,6.8,29.9,20.7,0.0,kebun jeruk
2024-08-22,97.375,Sedang,8,3,29.4,69.2,6.4,31.0,21.2,0.0,kelapa gading
2024-08-22,97.125,Sedang,8,3,29.3,68.2,5.8,31.0,21.2,0.0,lubang buaya
2024-08-22,91.87455550152532,Sedang,8,3,29.33333333333333,69.2,3.9,18.6,20.7,0.0,us embassy 1
2024-08-22,103.10212522868729,Tidak Sehat,8,3,29.3,69.1,6.3,29.9,20.7,0.0,us embassy 2
2024-08-23,77.29166666666667,Sedang,8,4,29.1,70.7,5.9,24.8,19.7,0.0,bundaran hi
2024-08-23,86.375,Sedang,8,4,29.0,71.0,5.6,24.8,19.7,0.0,jagakarsa
2024-08-23,80.58333333333333,Sedang,8,4,29.0,70.2,6.6,24.8,19.7,0.0,kebun jeruk
2024-08-23,79.66666666666667,Sedang,8,4,29.2,71.1,5.8,24.8,20.5,0.0,kelapa gading
2024-08-23,108.29166666666667,Tidak Sehat,8,4,29.1,70.9,4.9,24.8,20.5,0.0,lubang buaya
2024-08-23,74.60524396156792,Sedang,8,4,29.11111111111111,70.7,3.7,15.4,19.7,0.0,us embassy 1
2024-08-23,83.33035396853582,Sedang,8,4,29.1,70.6,5.9,24.8,19.7,0.0,us embassy 2
2024-08-24,92.91666666666667,Sedang,8,5,28.8,70.6,5.1,20.9,22.1,0.033,bundaran hi
2024-08-24,92.79166666666667,Sedang,8,5,28.6,70.8,4.7,20.9,22.1,2.427,jagakarsa
2024-08-24,96.08333333333333,Sedang,8,5,28.7,70.6,5.2,20.9,22.1,1.015,kebun jeruk
2024-08-24,94.45833333333333,Sedang,8,5,28.9,70.8,5.2,23.8,22.9,0.228,kelapa gading
2024-08-24,87.58333333333333,Sedang,8,5,28.8,70.3,4.5,23.8,22.9,0.929,lubang buaya
2024-08-24,85.85915515635604,Sedang,8,5,28.83333333333333,70.6,3.2,13.0,22.1,0.0,us embassy 1
2024-08-24,97.76380031398777,Sedang,8,5,28.8,70.6,5.0,20.9,22.1,0.68,us embassy 2
2024-08-25,94.16666666666667,Sedang,8,6,29.1,65.4,6.2,23.4,21.9,0.0,bundaran hi
2024-08-25,87.16666666666667,Sedang,8,6,28.9,65.7,6.2,23.4,21.9,0.0,jagakarsa
2024-08-25,98.0,Sedang,8,6,29.0,65.7,6.8,23.4,21.9,0.0,kebun jeruk
2024-08-25,96.83333333333333,Sedang,8,6,29.2,65.6,6.5,28.8,22.8,0.0,kelapa gading
2024-08-25,82.0,Sedang,8,6,29.1,64.6,6.0,28.8,22.8,0.0,lubang buaya
2024-08-25,97.26170744722045,Sedang,8,6,29.11111111111111,65.4,3.9,14.5,21.9,0.0,us embassy 1
2024-08-25,107.96239629200166,Tidak Sehat,8,6,29.1,65.4,6.3,23.4,21.9,0.0,us embassy 2
2024-08-26,78.58333333333333,Sedang,8,0,29.1,67.9,6.1,22.3,22.0,0.0,bundaran hi
2024-08-26,86.29166666666667,Sedang,8,0,28.8,68.4,5.9,22.3,22.0,0.0,jagakarsa
2024-08-26,97.41666666666667,Sedang,8,0,28.9,67.6,6.0,22.3,22.0,0.0,kebun jeruk
2024-08-26,83.58333333333333,Sedang,8,0,29.0,68.7,6.3,27.4,22.4,0.0,kelapa gading
2024-08-26,77.125,Sedang,8,0,28.9,67.9,5.9,27.4,22.4,0.0,lubang buaya
2024-08-26,73.65258926213453,Sedang,8,0,29.05555555555556,67.9,3.8,13.9,22.0,0.0,us embassy 1
2024-08-26,84.6706815677325,Sedang,8,0,29.0,67.9,6.0,22.3,22.0,0.0,us embassy 2
2024-08-27,102.04166666666667,Tidak Sehat,8,1,29.2,68.7,5.8,31.7,22.7,0.0,bundaran hi
2024-08-27,99.625,Sedang,8,1,29.0,69.0,5.5,20.9,22.7,0.177,jagakarsa
2024-08-27,114.91666666666667,Tidak Sehat,8,1,28.9,69.9,6.3,31.7,22.7,0.0,kebun jeruk
2024-08-27,101.58333333333333,Tidak Sehat,8,1,29.3,69.1,5.8,24.1,23.0,0.0,kelapa gading
2024-08-27,82.79166666666667,Sedang,8,1,29.3,67.9,5.0,24.1,23.0,0.0,lubang buaya
2024-08-27,96.70442795539275,Sedang,8,1,29.166666666666668,68.7,3.6,19.7,22.7,0.0,us embassy 1
2024-08-27,112.24776685087467,Tidak Sehat,8,1,29.1,68.9,5.8,31.7,22.7,0.0,us embassy 2
2024-08-28,90.83333333333333,Sedang,8,2,29.4,63.3,5.9,23.8,22.1,0.0,bundaran hi
2024-08-28,82.0,Sedang,8,2,29.2,63.3,5.7,23.8,22.1,0.0,jagakarsa
2024-08-28,92.83333333333333,Sedang,8,2,29.3,63.9,6.6,23.8,22.1,0.0,kebun jeruk
2024-08-28,98.54166666666667,Sedang,8,2,29.5,63.5,6.0,24.5,23.2,0.0,kelapa gading
2024-08-28,78.29166666666667,Sedang,8,2,29.5,62.3,5.2,24.5,23.2,0.0,lubang buaya
2024-08-28,96.29424483566326,Sedang,8,2,29.38888888888889,63.3,3.7,14.8,22.1,0.0,us embassy 1
2024-08-28,99.72890211402694,Sedang,8,2,29.4,63.3,6.0,23.8,22.1,0.0,us embassy 2
2024-08-29,93.58333333333333,Sedang,8,3,29.3,67.0,5.6,23.8,20.0,0.014,bundaran hi
2024-08-29,89.70833333333333,Sedang,8,3,28.9,67.9,5.4,23.8,20.0,1.011,jagakarsa
2024-08-29,105.0,Tidak Sehat,8,3,29.1,67.7,5.6,23.8,20.0,0.429,kebun jeruk
2024-08-29,94.04166666666667,Sedang,8,3,29.3,67.9,5.6,25.6,20.4,0.096,kelapa gading
2024-08-29,112.625,Tidak Sehat,8,3,29.1,67.2,5.1,25.6,20.4,0.408,lubang buaya
2024-08-29,85.40798875998631,Sedang,8,3,29.33333333333333,67.0,3.5,14.8,20.0,0.0,us embassy 1
2024-08-29,99.48079132176622,Sedang,8,3,29.2,67.5,5.5,23.8,20.0,0.287,us embassy 2
2024-08-30,99.5,Sedang,8,4,29.1,64.9,5.6,20.5,20.8,0.0,bundaran hi
2024-08-30,85.75,Sedang,8,4,28.8,65.0,5.4,20.5,20.8,0.0,jagakarsa
2024-08-30,120.25,Tidak Sehat,8,4,28.7,67.0,5.6,20.5,20.8,0.0,kebun jeruk
2024-08-30,98.5,Sedang,8,4,29.2,65.0,5.7,25.9,21.4,0.0,kelapa gading
2024-08-30,92.20833333333333,Sedang,8,4,29.2,63.0,5.2,25.9,21.4,0.0,lubang buaya
2024-08-30,103.82763128162833,Tidak Sehat,8,4,29.05555555555556,65.0,3.5,12.8,20.8,0.0,us embassy 1
2024-08-30,112.62736679616842,Tidak Sehat,8,4,29.0,65.2,5.5,20.5,20.8,0.0,us embassy 2
2024-08-31,77.875,Sedang,8,5,29.0,65.2,6.7,27.0,22.9,0.0,bundaran hi
2024-08-31,72.83333333333333,Sedang,8,5,28.9,64.7,6.8,27.0,22.9,0.0,jagakarsa
2024-08-31,83.58333333333333,Sedang,8,5,28.9,64.9,7.3,27.0,22.9,0.0,kebun jeruk
2024-08-31,81.16666666666667,Sedang,8,5,29.1,65.1,6.9,31.3,23.6,0.0,kelapa gading
2024-08-31,121.29166666666667,Tidak Sehat,8,5,29.2,63.5,6.5,31.3,23.6,0.0,lubang buaya
2024-08-31,75.81576045020807,Sedang,8,5,29.0,65.2,4.2,16.8,22.9,0.0,us embassy 1
2024-08-31,83.41465104504758,Sedang,8,5,29.0,64.8,6.8,27.0,22.9,0.0,us embassy 2
2024-09-01,72.5,Sedang,9,6,29.3,69.3,6.3,26.6,22.5,0.0,bundaran hi
2024-09-01,78.66666666666667,Sedang,9,6,29.0,69.0,6.3,26.6,22.5,0.0,jagakarsa
2024-09-01,89.375,Sedang,9,6,29.0,70.0,6.7,26.6,22.5,0.0,kebun jeruk
2024-09-01,76.125,Sedang,9,6,29.3,69.4,6.5,29.5,23.3,0.0,kelapa gading
2024-09-01,96.125,Sedang,9,6,29.3,67.6,6.1,29.5,23.3,0.0,lubang buaya
2024-09-01,71.84051433388866,Sedang,9,6,29.22222222222222,69.4,3.9,16.6,22.5,0.0,us embassy 1
2024-09-01,82.12644063904146,Sedang,9,6,29.2,69.2,6.4,26.6,22.5,0.0,us embassy 2
2024-09-02,70.625,Sedang,9,0,29.8,69.8,6.0,22.3,22.6,0.042,bundaran hi
2024-09-02,81.625,Sedang,9,0,29.6,69.5,5.9,22.3,22.6,2.091,jagakarsa
2024-09-02,86.04166666666667,Sedang,9,0,29.4,71.2,6.3,22.3,22.6,1.374,kebun jeruk
2024-09-02,83.04166666666667,Sedang,9,0,29.9,69.5,6.2,25.6,23.0,0.276,kelapa gading
2024-09-02,10.375,Baik,9,0,30.0,67.5,5.6,25.6,23.0,0.968,lubang buaya
2024-09-02,69.96559583860049,Sedang,9,0,29.77777777777778,69.9,3.8,13.9,22.6,0.0,us embassy 1
2024-09-02,83.01023222565051,Sedang,9,0,29.7,69.7,6.0,22.3,22.6,0.763,us embassy 2
2024-09-03,78.5,Sedang,9,1,29.2,70.4,5.9,26.3,22.2,0.004,bundaran hi
2024-09-03,75.875,Sedang,9,1,28.9,70.2,5.7,26.3,22.2,0.242,jagakarsa
2024-09-03,89.70833333333333,Sedang,9,1,28.9,71.1,6.0,26.3,22.2,0.103,kebun jeruk
2024-09-03,103.33333333333333,Tidak Sehat,9,1,29.2,70.4,6.0,28.1,22.8,0.023,kelapa gading
2024-09-03,63.791666666666664,Sedang,9,1,29.2,68.8,5.5,28.1,22.8,0.098,lubang buaya
2024-09-03,74.11677124345876,Sedang,9,1,29.166666666666668,70.5,3.7,16.3,22.2,0.0,us embassy 1
2024-09-03,87.11253146506452,Sedang,9,1,29.1,70.4,5.8,26.3,22.2,0.068,us embassy 2
2024-09-04,82.70833333333333,Sedang,9,2,29.9,62.6,7.2,22.7,22.9,0.0,bundaran hi
2024-09-04,71.29166666666667,Sedang,9,2,29.6,62.6,7.4,22.7,22.9,0.0,jagakarsa
2024-09-04,85.33333333333333,Sedang,9,2,29.6,63.2,7.5,22.7,22.9,0.0,kebun jeruk
2024-09-04,92.58333333333333,Sedang,9,2,29.9,62.9,7.5,27.4,23.4,0.0,kelapa gading
2024-09-04,74.625,Sedang,9,2,29.8,61.1,7.4,27.4,23.4,0.0,lubang buaya
2024-09-04,80.94613965553243,Sedang,9,2,29.88888888888889,62.6,4.4,14.1,22.9,0.0,us embassy 1
2024-09-04,88.76297608527149,Sedang,9,2,29.8,62.6,7.3,22.7,22.9,0.0,us embassy 2
2024-09-05,72.58333333333333,Sedang,9,3,29.5,68.3,6.6,25.2,22.3,0.0,bundaran hi
2024-09-05,67.0,Sedang,9,3,29.2,69.0,6.7,25.2,22.3,0.0,jagakarsa
2024-09-05,80.95833333333333,Sedang,9,3,29.3,69.1,6.9,25.2,22.3,0.0,kebun jeruk
2024-09-05,75.75,Sedang,9,3,29.4,68.9,6.9,27.0,22.6,0.0,kelapa gading
2024-09-05,113.41666666666667,Tidak Sehat,9,3,29.3,68.0,6.8,27.0,22.6,0.0,lubang buaya
2024-09-05,64.41880377443364,Sedang,9,3,29.5,68.3,4.1,15.7,22.3,0.0,us embassy 1
2024-09-05,62.635497942062294,Sedang,9,3,29.4,68.6,6.7,25.2,22.3,0.0,us embassy 2
2024-09-06,84.04166666666667,Sedang,9,4,30.1,67.2,6.8,27.7,23.2,0.0,bundaran hi
2024-09-06,69.41666666666667,Sedang,9,4,29.8,67.7,6.8,27.7,23.2,0.044,jagakarsa
2024-09-06,86.625,Sedang,9,4,29.8,68.4,7.4,27.7,23.2,0.0,kebun jeruk
2024-09-06,80.83333333333333,Sedang,9,4,30.1,67.8,7.0,29.9,23.8,0.0,kelapa gading
2024-09-06,81.41666666666667,Sedang,9,4,30.1,66.4,6.4,29.9,23.8,0.0,lubang buaya
2024-09-06,73.94205978977267,Sedang,9,4,30.11111111111111,67.3,4.2,17.2,23.2,0.0,us embassy 1
2024-09-06,41.1790006819328,Baik,9,4,30.0,67.5,6.9,27.7,23.2,0.0,us embassy 2
2024-09-07,77.58333333333333,Sedang,9,5,30.4,61.8,6.7,46.4,24.2,0.0,bundaran hi
2024-09-07,73.08333333333333,Sedang,9,5,30.3,61.3,6.7,46.4,24.2,0.0,jagakarsa
2024-09-07,79.875,Sedang,9,5,30.2,62.8,7.3,46.4,24.2,0.0,kebun jeruk
2024-09-07,79.625,Sedang,9,5,30.5,61.8,7.0,46.4,24.8,0.0,kelapa gading
2024-09-07,86.5,Sedang,9,5,30.5,59.8,6.5,46.4,24.8,0.0,lubang buaya
2024-09-07,69.71865598777043,Sedang,9,5,30.444444444444443,61.9,4.2,28.9,24.2,0.0,us embassy 1
2024-09-07,76.96611024684445,Sedang,9,5,30.4,61.6,6.8,46.4,24.2,0.0,us embassy 2
2024-09-08,80.95833333333333,Sedang,9,6,30.4,63.7,6.9,40.7,22.8,0.0,bundaran hi
2024-09-08,70.41666666666667,Sedang,9,6,30.2,63.5,7.1,40.7,22.8,0.0,jagakarsa
2024-09-08,79.75,Sedang,9,6,30.1,65.3,7.5,40.7,22.8,0.0,kebun jeruk
2024-09-08,78.54166666666667,Sedang,9,6,30.5,63.8,7.2,40.7,23.0,0.0,kelapa gading
2024-09-08,91.66666666666667,Sedang,9,6,30.6,61.6,6.9,40.7,23.0,0.0,lubang buaya
2024-09-08,67.93977285694702,Sedang,9,6,30.38888888888889,63.8,4.3,25.3,22.8,0.0,us embassy 1
2024-09-08,76.30842209017501,Sedang,9,6,30.4,63.7,7.1,40.7,22.8,0.0,us embassy 2
2024-09-09,70.91666666666667,Sedang,9,0,28.3,75.9,6.6,34.2,20.6,10.73,bundaran hi
2024-09-09,60.916666666666664,Sedang,9,0,27.8,77.7,6.4,34.2,20.6,11.105,jagakarsa
2024-09-09,67.45833333333333,Sedang,9,0,28.3,74.8,7.1,34.2,20.6,7.337,kebun jeruk
2024-09-09,71.54166666666667,Sedang,9,0,28.2,77.1,6.7,32.4,21.4,4.564,kelapa gading
2024-09-09,66.25,Sedang,9,0,27.7,78.9,6.1,32.4,21.4,7.566,lubang buaya
2024-09-09,62.83203949585046,Sedang,9,0,28.33333333333333,75.7,4.1,21.3,20.6,0.431,us embassy 1
2024-09-09,71.49364525380787,Sedang,9,0,28.2,76.3,6.6,34.2,20.6,8.8,us embassy 2
2024-09-10,68.20833333333333,Sedang,9,1,27.5,80.4,5.4,22.0,18.4,10.688,bundaran hi
2024-09-10,52.416666666666664,Sedang,9,1,27.1,81.6,5.1,22.0,18.4,9.385,jagakarsa
2024-09-10,76.375,Sedang,9,1,27.4,79.3,5.8,22.0,18.4,6.014,kebun jeruk
2024-09-10,76.16666666666667,Sedang,9,1,27.4,81.0,5.5,23.8,19.4,4.266,kelapa gading
2024-09-10,59.083333333333336,Sedang,9,1,27.1,82.6,4.6,23.8,19.4,6.297,lubang buaya
2024-09-10,65.07860045331739,Sedang,9,1,27.5,80.3,3.4,13.6,18.4,0.431,us embassy 1
2024-09-10,77.4687863854829,Sedang,9,1,27.4,80.6,5.4,22.0,18.4,7.911,us embassy 2
2024-09-11,61.666666666666664,Sedang,9,2,29.0,67.3,6.8,24.8,16.1,0.009,bundaran hi
2024-09-11,0.0,Baik,9,2,28.8,68.3,6.9,24.8,16.1,0.971,jagakarsa
2024-09-11,68.95833333333333,Sedang,9,2,28.9,67.7,7.3,24.8,16.1,0.145,kebun jeruk
2024-09-11,68.0,Sedang,9,2,29.0,68.0,6.9,27.7,17.8,0.097,kelapa gading
2024-09-11,50.416666666666664,Sedang,9,2,28.9,68.2,6.7,27.7,17.8,0.581,lubang buaya
2024-09-11,63.50693180357164,Sedang,9,2,29.05555555555556,67.3,4.2,15.4,16.1,0.0,us embassy 1
2024-09-11,69.97382758000317,Sedang,9,2,29.0,67.6,6.9,24.8,16.1,0.145,us embassy 2
2024-09-12,80.54166666666667,Sedang,9,3,28.5,74.4,5.5,22.0,21.1,7.846,bundaran hi
2024-09-12,66.375,Sedang,9,3,28.3,74.7,5.5,22.0,21.1,5.466,jagakarsa
2024-09-12,92.625,Sedang,9,3,28.3,75.5,5.7,22.0,21.1,6.916,kebun jeruk
2024-09-12,77.875,Sedang,9,3,28.6,74.6,5.8,23.0,22.3,3.567,kelapa gading
2024-09-12,61.583333333333336,Sedang,9,3,28.5,73.6,5.2,23.0,22.3,5.87,lubang buaya
2024-09-12,71.93135820175654,Sedang,9,3,28.5,74.4,3.4,13.6,21.1,0.313,us embassy 1
2024-09-12,82.13245303184095,Sedang,9,3,28.4,74.6,5.5,22.0,21.1,6.936,us embassy 2
2024-09-13,77.95833333333333,Sedang,9,4,27.7,75.4,5.9,19.8,21.6,0.216,bundaran hi
2024-09-13,71.75,Sedang,9,4,27.7,74.8,5.8,19.8,21.6,3.23,jagakarsa
2024-09-13,88.66666666666667,Sedang,9,4,27.7,75.2,6.2,19.8,21.6,3.17,kebun jeruk
2024-09-13,76.25,Sedang,9,4,27.8,75.5,6.0,18.4,22.5,4.837,kelapa gading
2024-09-13,56.25,Sedang,9,4,27.9,74.0,5.4,18.4,22.5,3.039,lubang buaya
2024-09-13,77.85609816195145,Sedang,9,4,27.722222222222225,75.4,3.7,12.3,21.6,0.001,us embassy 1
2024-09-13,90.81626498011912,Sedang,9,4,27.8,75.1,5.9,19.8,21.6,1.963,us embassy 2
2024-09-14,83.45833333333333,Sedang,9,5,29.0,65.7,6.2,18.0,24.3,0.0,bundaran hi
2024-09-14,71.91666666666667,Sedang,9,5,28.8,65.8,6.2,18.0,24.3,0.283,jagakarsa
2024-09-14,87.91666666666667,Sedang,9,5,28.8,65.7,6.9,18.0,24.3,0.0,kebun jeruk
2024-09-14,85.41666666666667,Sedang,9,5,29.0,65.9,6.4,20.2,24.7,0.0,kelapa gading
2024-09-14,58.791666666666664,Sedang,9,5,29.0,65.1,5.8,20.2,24.7,0.0,lubang buaya
2024-09-14,76.36532404542983,Sedang,9,5,28.944444444444443,65.7,3.9,11.2,24.3,0.0,us embassy 1
2024-09-14,87.96685983393388,Sedang,9,5,28.9,65.6,6.3,18.0,24.3,0.0,us embassy 2
2024-09-15,85.70833333333333,Sedang,9,6,28.9,66.0,6.3,18.7,23.9,0.0,bundaran hi
2024-09-15,71.41666666666667,Sedang,9,6,28.7,66.0,6.3,18.7,23.9,1.766,jagakarsa
2024-09-15,84.70833333333333,Sedang,9,6,28.7,67.4,6.6,18.7,23.9,0.0,kebun jeruk
2024-09-15,84.375,Sedang,9,6,28.9,66.3,6.6,22.3,24.3,0.0,kelapa gading
2024-09-15,68.16666666666667,Sedang,9,6,28.9,64.2,6.0,22.3,24.3,0.0,lubang buaya
2024-09-15,78.43144363788916,Sedang,9,6,28.944444444444443,66.1,3.9,11.6,23.9,0.0,us embassy 1
2024-09-15,83.57145837581868,Sedang,9,6,28.8,66.1,6.4,18.7,23.9,0.0,us embassy 2
2024-09-16,85.04166666666667,Sedang,9,0,29.0,64.5,6.7,20.9,23.1,0.0,bundaran hi
2024-09-16,82.33333333333333,Sedang,9,0,28.7,64.8,6.7,20.9,23.1,0.0,jagakarsa
2024-09-16,91.625,Sedang,9,0,28.7,66.5,7.3,20.9,23.1,0.0,kebun jeruk
2024-09-16,80.95833333333333,Sedang,9,0,29.0,64.8,6.9,22.3,23.6,0.0,kelapa gading
2024-09-16,67.79166666666667,Sedang,9,0,29.0,62.9,6.3,22.3,23.6,0.0,lubang buaya
2024-09-16,74.66938642473282,Sedang,9,0,28.944444444444443,64.6,4.2,13.0,23.1,0.0,us embassy 1
2024-09-16,90.41625211945394,Sedang,9,0,28.9,64.8,6.8,20.9,23.1,0.0,us embassy 2
2024-09-17,79.83333333333333,Sedang,9,1,29.1,60.7,6.6,26.3,24.0,0.0,bundaran hi
2024-09-17,77.29166666666667,Sedang,9,1,28.8,61.1,6.7,26.3,24.0,0.088,jagakarsa
2024-09-17,87.95833333333333,Sedang,9,1,28.8,62.3,7.4,26.3,24.0,0.0,kebun jeruk
2024-09-17,87.0,Sedang,9,1,29.1,61.2,6.8,28.1,24.2,0.0,kelapa gading
2024-09-17,66.83333333333333,Sedang,9,1,29.1,59.8,6.2,28.1,24.2,0.0,lubang buaya
2024-09-17,77.7831595266757,Sedang,9,1,29.11111111111111,60.8,4.1,16.3,24.0,0.0,us embassy 1
2024-09-17,89.1828141932545,Sedang,9,1,29.0,61.0,6.8,26.3,24.0,0.0,us embassy 2
2024-09-18,75.875,Sedang,9,2,28.3,67.0,6.4,24.5,25.3,0.0,bundaran hi
2024-09-18,68.29166666666667,Sedang,9,2,28.0,66.1,6.6,24.5,25.3,0.0,jagakarsa
2024-09-18,80.25,Sedang,9,2,28.1,67.2,7.3,24.5,25.3,0.0,kebun jeruk
2024-09-18,81.08333333333333,Sedang,9,2,28.3,66.6,6.7,32.0,25.3,0.0,kelapa gading
2024-09-18,60.583333333333336,Sedang,9,2,28.2,65.0,6.2,32.0,25.3,0.0,lubang buaya
2024-09-18,72.16431890313683,Sedang,9,2,28.277777777777786,67.1,4.0,15.2,25.3,0.0,us embassy 1
2024-09-18,80.52132387978699,Sedang,9,2,28.2,66.6,6.6,24.5,25.3,0.0,us embassy 2
2024-09-19,74.0,Sedang,9,3,28.8,62.5,6.7,24.1,26.0,0.0,bundaran hi
2024-09-19,73.0,Sedang,9,3,28.5,63.1,6.8,24.1,26.0,0.0,jagakarsa
2024-09-19,69.0,Sedang,9,3,28.5,63.6,7.3,24.1,26.0,0.0,kebun jeruk
2024-09-19,76.0,Sedang,9,3,28.8,63.1,6.9,31.0,26.2,0.0,kelapa gading
2024-09-19,87.0,Sedang,9,3,28.8,62.3,6.3,31.0,26.2,0.0,lubang buaya
2024-09-19,80.67643223980129,Sedang,9,3,28.77777777777778,62.5,4.2,15.0,26.0,0.0,us embassy 1
2024-09-19,88.59632565361265,Sedang,9,3,28.7,62.8,6.8,24.1,26.0,0.0,us embassy 2
2024-09-20,81.20833333333333,Sedang,9,4,29.1,66.8,6.5,28.8,24.2,0.0,bundaran hi
2024-09-20,77.83333333333333,Sedang,9,4,29.0,66.6,6.6,28.8,24.2,0.0,jagakarsa
2024-09-20,79.75,Sedang,9,4,28.9,67.1,7.1,28.8,24.2,0.0,kebun jeruk
2024-09-20,82.29166666666667,Sedang,9,4,29.2,67.1,6.7,34.6,24.8,0.0,kelapa gading
2024-09-20,76.375,Sedang,9,4,29.2,65.5,6.2,34.6,24.8,0.0,lubang buaya
2024-09-20,76.53083464577739,Sedang,9,4,29.11111111111111,66.8,4.0,17.9,24.2,0.0,us embassy 1
2024-09-20,83.35073353594272,Sedang,9,4,29.1,66.7,6.6,28.8,24.2,0.0,us embassy 2
2024-09-21,90.41666666666667,Sedang,9,5,29.4,68.9,5.6,27.0,22.8,0.0,bundaran hi
2024-09-21,85.33333333333333,Sedang,9,5,29.1,68.7,5.6,27.0,22.8,0.0,jagakarsa
2024-09-21,94.125,Sedang,9,5,29.1,69.7,5.8,27.0,22.8,0.0,kebun jeruk
2024-09-21,44.833333333333336,Baik,9,5,29.4,69.0,5.9,29.5,23.3,0.0,kelapa gading
2024-09-21,68.125,Sedang,9,5,29.4,67.5,5.4,29.5,23.3,0.0,lubang buaya
2024-09-21,81.67364346096856,Sedang,9,5,29.3,68.9,5.6,27.0,22.8,0.0,us embassy 1
2024-09-21,92.70912842494069,Sedang,9,5,29.3,68.8,5.6,27.0,22.8,0.0,us embassy 2
2024-09-22,74.0,Sedang,9,6,29.6,72.9,5.5,23.8,21.8,0.001,bundaran hi
2024-09-22,73.0,Sedang,9,6,29.3,72.8,5.5,23.8,21.8,0.101,jagakarsa
2024-09-22,69.0,Sedang,9,6,29.4,73.4,6.0,23.8,21.8,0.043,kebun jeruk
2024-09-22,76.0,Sedang,9,6,29.6,73.4,5.8,24.5,22.4,0.01,kelapa gading
2024-09-22,87.0,Sedang,9,6,29.4,72.2,5.1,24.5,22.4,0.041,lubang buaya
2024-09-22,97.40960343097703,Sedang,9,6,29.6,73.0,5.6,23.8,21.8,0.0,us embassy 1
2024-09-22,111.15412648259492,Tidak Sehat,9,6,29.5,72.9,5.6,23.8,21.8,0.029,us embassy 2
2024-09-23,83.95833333333333,Sedang,9,0,29.8,73.9,5.2,34.6,20.2,0.109,bundaran hi
2024-09-23,81.0,Sedang,9,0,29.5,74.1,5.1,34.6,20.2,3.882,jagakarsa
2024-09-23,86.125,Sedang,9,0,29.4,75.6,5.8,34.6,20.2,3.731,kebun jeruk
2024-09-23,83.25,Sedang,9,0,29.8,73.8,5.4,31.3,20.3,0.682,kelapa gading
2024-09-23,69.29166666666667,Sedang,9,0,29.8,72.5,4.7,31.3,20.3,1.807,lubang buaya
2024-09-23,88.5366604567187,Sedang,9,0,29.8,74.0,5.2,34.6,20.2,0.015,us embassy 1
2024-09-23,101.87749627619633,Tidak Sehat,9,0,29.7,74.1,5.3,34.6,20.2,1.727,us embassy 2
2024-09-24,76.75,Sedang,9,1,27.8,80.8,5.6,24.8,16.6,1.962,bundaran hi
2024-09-24,76.79166666666667,Sedang,9,1,27.3,82.1,5.2,24.8,16.6,3.091,jagakarsa
2024-09-24,85.83333333333333,Sedang,9,1,27.9,79.1,5.9,24.8,16.6,1.756,kebun jeruk
2024-09-24,75.54166666666667,Sedang,9,1,27.7,81.8,5.5,28.1,17.7,0.892,kelapa gading
2024-09-24,59.125,Sedang,9,1,27.2,83.5,4.8,28.1,17.7,1.436,lubang buaya
2024-09-24,77.43314108089314,Sedang,9,1,27.9,80.6,5.6,24.8,16.6,1.993,us embassy 1
2024-09-24,92.21757991983803,Sedang,9,1,27.7,81.0,5.5,24.8,16.6,1.726,us embassy 2
2024-09-25,85.0,Sedang,9,2,27.5,79.7,4.9,27.0,20.8,45.995,bundaran hi
2024-09-25,79.33333333333333,Sedang,9,2,27.2,80.2,4.5,27.0,20.8,33.081,jagakarsa
2024-09-25,103.29166666666667,Tidak Sehat,9,2,27.4,79.7,4.9,27.0,20.8,36.672,kebun jeruk
2024-09-25,86.04166666666667,Sedang,9,2,27.4,80.2,4.9,25.9,21.2,53.69,kelapa gading
2024-09-25,60.791666666666664,Sedang,9,2,27.3,79.9,4.3,25.9,21.2,43.33,lubang buaya
2024-09-25,84.39245897643632,Sedang,9,2,27.5,79.6,4.9,27.0,20.8,46.016,us embassy 1
2024-09-25,95.8593545099455,Sedang,9,2,27.4,79.8,4.8,27.0,20.8,42.238,us embassy 2
2024-09-26,72.70833333333333,Sedang,9,3,27.3,81.7,4.9,17.3,14.5,27.409,bundaran hi
2024-09-26,64.54166666666667,Sedang,9,3,27.0,82.1,4.5,17.3,14.5,19.588,jagakarsa
2024-09-26,84.58333333333333,Sedang,9,3,27.2,81.5,5.3,17.3,14.5,21.991,kebun jeruk
2024-09-26,79.04166666666667,Sedang,9,3,27.3,81.9,4.8,18.7,14.7,12.455,kelapa gading
2024-09-26,54.416666666666664,Sedang,9,3,27.1,81.8,4.0,18.7,14.7,19.633,lubang buaya
2024-09-26,74.79828354857854,Sedang,9,3,27.3,81.7,4.9,17.3,14.5,27.893,us embassy 1
2024-09-26,85.60785826816202,Sedang,9,3,27.2,81.8,4.8,17.3,14.5,23.334,us embassy 2
2024-09-27,72.0,Sedang,9,4,28.7,76.7,5.7,25.6,23.4,26.324,bundaran hi
2024-09-27,65.83333333333333,Sedang,9,4,28.7,75.8,5.6,25.6,23.4,11.482,jagakarsa
2024-09-27,81.45833333333333,Sedang,9,4,28.6,76.8,6.1,25.6,23.4,15.273,kebun jeruk
2024-09-27,78.75,Sedang,9,4,28.8,76.7,5.9,25.6,23.7,13.185,kelapa gading
2024-09-27,51.75,Sedang,9,4,29.0,74.6,5.3,25.6,23.7,16.505,lubang buaya
2024-09-27,75.69753479039584,Sedang,9,4,28.7,76.8,5.7,25.6,23.4,26.885,us embassy 1
2024-09-27,82.2092497455096,Sedang,9,4,28.7,76.3,5.7,25.6,23.4,19.904,us embassy 2
2024-09-28,81.70833333333333,Sedang,9,5,29.9,72.3,5.7,38.9,21.5,0.0,bundaran hi
2024-09-28,78.58333333333333,Sedang,9,5,29.5,72.5,5.5,38.9,21.5,0.0,jagakarsa
2024-09-28,95.91666666666667,Sedang,9,5,29.4,73.8,6.1,38.9,21.5,0.0,kebun jeruk
2024-09-28,73.45833333333333,Sedang,9,5,29.8,72.4,5.8,38.9,22.3,0.0,kelapa gading
2024-09-28,59.708333333333336,Sedang,9,5,29.8,71.0,5.1,38.9,22.3,0.0,lubang buaya
2024-09-28,71.8354338520243,Sedang,9,5,29.8,72.4,5.7,38.9,21.5,0.0,us embassy 1
2024-09-28,88.2028762521761,Sedang,9,5,29.7,72.4,5.7,38.9,21.5,0.0,us embassy 2
2024-09-29,74.0,Sedang,9,6,29.6,70.5,5.8,27.4,22.4,0.033,bundaran hi
2024-09-29,73.0,Sedang,9,6,29.2,71.0,5.8,27.4,22.4,4.224,jagakarsa
2024-09-29,69.0,Sedang,9,6,29.2,71.5,6.3,27.4,22.4,1.017,kebun jeruk
2024-09-29,76.0,Sedang,9,6,29.6,71.0,5.9,27.4,23.1,0.217,kelapa gading
2024-09-29,87.0,Sedang,9,6,29.5,69.8,5.5,27.4,23.1,0.856,lubang buaya
2024-09-29,83.60772930597159,Sedang,9,6,29.6,70.5,5.9,27.4,22.4,0.004,us embassy 1
2024-09-29,94.89254337776431,Sedang,9,6,29.4,70.7,5.9,27.4,22.4,0.629,us embassy 2
2024-09-30,72.70833333333333,Sedang,9,0,29.8,66.9,6.5,30.6,23.5,0.0,bundaran hi
2024-09-30,70.04166666666667,Sedang,9,0,29.5,67.2,6.3,30.6,23.5,0.0,jagakarsa
2024-09-30,72.04166666666667,Sedang,9,0,29.6,68.6,7.2,30.6,23.5,0.0,kebun jeruk
2024-09-30,73.66666666666667,Sedang,9,0,29.8,67.4,6.6,31.3,24.3,0.0,kelapa gading
2024-09-30,76.375,Sedang,9,0,29.8,65.6,5.9,31.3,24.3,0.0,lubang buaya
2024-09-30,73.79793427501083,Sedang,9,0,29.8,67.0,6.5,30.6,23.5,0.0,us embassy 1
2024-09-30,81.14522432862034,Sedang,9,0,29.7,67.2,6.6,30.6,23.5,0.0,us embassy 2
2024-10-01,86.125,Sedang,10,1,29.9,68.4,6.1,25.2,24.6,0.0,bundaran hi
2024-10-01,86.25,Sedang,10,1,29.7,68.7,6.0,25.2,24.6,0.0,jagakarsa
2024-10-01,97.29166666666667,Sedang,10,1,29.7,69.5,6.3,25.2,24.6,0.0,kebun jeruk
2024-10-01,81.95833333333333,Sedang,10,1,29.9,69.0,6.2,23.4,25.3,0.0,kelapa gading
2024-10-01,95.41666666666667,Sedang,10,1,29.8,67.6,5.7,23.4,25.3,0.0,lubang buaya
2024-10-01,77.73304812478742,Sedang,10,1,29.9,68.5,6.1,25.2,24.6,0.0,us embassy 1
2024-10-01,89.56639217361355,Sedang,10,1,29.8,68.6,6.1,25.2,24.6,0.0,us embassy 2
2024-10-02,87.625,Sedang,10,2,30.1,69.7,5.7,15.8,21.3,0.031,bundaran hi
2024-10-02,86.29166666666667,Sedang,10,2,29.8,70.2,5.5,15.8,21.3,2.269,jagakarsa
2024-10-02,94.5,Sedang,10,2,29.8,70.7,6.3,15.8,21.3,0.943,kebun jeruk
2024-10-02,89.66666666666667,Sedang,10,2,30.1,70.0,5.8,16.9,19.2,0.211,kelapa gading
2024-10-02,28.958333333333332,Baik,10,2,30.1,68.9,5.0,16.9,19.2,0.898,lubang buaya
2024-10-02,88.72619119743611,Sedang,10,2,30.1,69.7,5.7,15.8,21.3,0.004,us embassy 1
2024-10-02,100.84217786747975,Tidak Sehat,10,2,30.0,69.9,5.7,15.8,21.3,0.632,us embassy 2
2024-10-03,69.79166666666667,Sedang,10,3,29.6,69.8,5.6,23.8,23.6,0.02,bundaran hi
2024-10-03,80.20833333333333,Sedang,10,3,29.2,71.0,5.4,23.8,23.6,0.23,jagakarsa
2024-10-03,92.5,Sedang,10,3,29.3,71.9,5.9,23.8,23.6,0.258,kebun jeruk
2024-10-03,93.20833333333333,Sedang,10,3,29.6,70.7,5.7,24.1,24.0,0.468,kelapa gading
2024-10-03,73.54166666666667,Sedang,10,3,29.4,69.9,5.2,24.1,24.0,0.265,lubang buaya
2024-10-03,84.02365733431186,Sedang,10,3,29.6,69.9,5.7,23.8,23.6,0.004,us embassy 1
2024-10-03,92.98064820181246,Sedang,10,3,29.5,70.5,5.6,23.8,23.6,0.165,us embassy 2
2024-10-04,84.41666666666667,Sedang,10,4,29.5,69.2,5.7,37.1,22.8,0.0,bundaran hi
2024-10-04,75.08333333333333,Sedang,10,4,29.1,70.3,5.4,37.1,22.8,3.066,jagakarsa
2024-10-04,94.91666666666667,Sedang,10,4,29.2,71.0,6.3,37.1,22.8,0.009,kebun jeruk
2024-10-04,84.75,Sedang,10,4,29.5,69.8,5.8,37.1,23.5,0.002,kelapa gading
2024-10-04,68.33333333333333,Sedang,10,4,29.3,69.0,4.9,37.1,23.5,0.008,lubang buaya
2024-10-04,82.45408386217535,Sedang,10,4,29.5,69.2,5.7,37.1,22.8,0.0,us embassy 1
2024-10-04,91.12454542210041,Sedang,10,4,29.4,69.8,5.7,37.1,22.8,0.006,us embassy 2
2024-10-05,79.625,Sedang,10,5,29.0,71.2,6.2,11.5,22.8,0.0,bundaran hi
2024-10-05,69.875,Sedang,10,5,28.7,72.1,6.0,11.5,22.8,1.5,jagakarsa
2024-10-05,82.91666666666667,Sedang,10,5,28.8,71.5,6.9,11.5,22.8,0.0,kebun jeruk
2024-10-05,81.45833333333333,Sedang,10,5,29.1,71.8,6.3,11.2,18.9,0.0,kelapa gading
2024-10-05,63.166666666666664,Sedang,10,5,28.9,71.2,5.6,11.2,18.9,0.0,lubang buaya
2024-10-05,76.13931980224588,Sedang,10,5,29.0,71.2,6.2,11.5,22.8,0.0,us embassy 1
2024-10-05,82.45132214897288,Sedang,10,5,28.9,71.4,6.3,11.5,22.8,0.0,us embassy 2
2024-10-06,75.625,Sedang,10,6,29.4,68.9,6.0,24.8,22.6,0.031,bundaran hi
2024-10-06,70.875,Sedang,10,6,29.1,69.0,5.8,24.8,22.6,2.225,jagakarsa
2024-10-06,78.70833333333333,Sedang,10,6,29.2,70.1,6.3,24.8,22.6,0.943,kebun jeruk
2024-10-06,76.66666666666667,Sedang,10,6,29.4,69.1,6.1,25.6,23.4,0.211,kelapa gading
2024-10-06,56.666666666666664,Sedang,10,6,29.3,67.3,5.4,25.6,23.4,0.899,lubang buaya
2024-10-06,72.93348912963998,Sedang,10,6,29.4,69.0,6.0,24.8,22.6,0.004,us embassy 1
2024-10-06,80.56429314494214,Sedang,10,6,29.3,68.9,6.0,24.8,22.6,0.632,us embassy 2
2024-10-07,101.91666666666667,Tidak Sehat,10,0,30.2,62.6,6.2,51.8,23.4,0.0,bundaran hi
2024-10-07,109.58333333333333,Tidak Sehat,10,0,29.9,63.4,6.1,50.0,23.4,0.0,jagakarsa
2024-10-07,114.20833333333333,Tidak Sehat,10,0,29.9,63.9,6.7,51.8,23.4,0.0,kebun jeruk
2024-10-07,101.5,Tidak Sehat,10,0,30.2,63.7,6.4,50.0,24.5,0.0,kelapa gading
2024-10-07,72.91666666666667,Sedang,10,0,30.0,62.3,5.8,50.0,24.5,0.0,lubang buaya
2024-10-07,94.88337285441821,Sedang,10,0,30.2,62.6,6.2,51.8,23.4,0.0,us embassy 1
2024-10-07,111.79809283051185,Tidak Sehat,10,0,30.1,63.1,6.3,51.8,23.4,0.0,us embassy 2
2024-10-08,81.70833333333333,Sedang,10,1,30.1,64.4,6.6,21.6,25.1,0.0,bundaran hi
2024-10-08,75.79166666666667,Sedang,10,1,29.8,64.9,6.6,21.6,25.1,0.0,jagakarsa
2024-10-08,88.91666666666667,Sedang,10,1,29.7,65.7,7.4,21.6,25.1,0.0,kebun jeruk
2024-10-08,89.25,Sedang,10,1,30.0,65.2,6.8,24.5,25.7,0.0,kelapa gading
2024-10-08,64.58333333333333,Sedang,10,1,30.0,63.7,6.1,24.5,25.7,0.0,lubang buaya
2024-10-08,80.96493694707551,Sedang,10,1,30.1,64.4,6.6,21.6,25.1,0.0,us embassy 1
2024-10-08,89.14244518068661,Sedang,10,1,29.9,64.7,6.8,21.6,25.1,0.0,us embassy 2
2024-10-09,75.375,Sedang,10,2,30.3,66.6,6.2,23.0,23.2,0.0,bundaran hi
2024-10-09,77.125,Sedang,10,2,30.0,67.3,6.2,23.0,23.2,0.0,jagakarsa
2024-10-09,81.25,Sedang,10,2,30.1,67.4,6.7,23.0,23.2,0.0,kebun jeruk
2024-10-09,78.0,Sedang,10,2,30.2,67.4,6.4,24.1,24.0,0.0,kelapa gading
2024-10-09,60.541666666666664,Sedang,10,2,30.1,66.5,5.9,24.1,24.0,0.0,lubang buaya
2024-10-09,71.68235907147063,Sedang,10,2,30.3,66.6,6.2,23.0,23.2,0.0,us embassy 1
2024-10-09,82.09535164232108,Sedang,10,2,30.2,66.9,6.3,23.0,23.2,0.0,us embassy 2
2024-10-10,74.16666666666667,Sedang,10,3,30.2,68.5,6.0,25.6,24.0,0.0,bundaran hi
2024-10-10,73.5,Sedang,10,3,29.8,69.8,5.9,25.6,24.0,0.088,jagakarsa
2024-10-10,70.0,Sedang,10,3,30.0,69.0,6.5,25.6,24.0,0.0,kebun jeruk
2024-10-10,76.08333333333333,Sedang,10,3,30.1,69.7,6.2,25.9,24.6,0.0,kelapa gading
2024-10-10,84.75,Sedang,10,3,29.8,69.2,5.6,25.9,24.6,0.0,lubang buaya
2024-10-10,79.36632493845859,Sedang,10,3,30.2,68.4,6.0,25.6,24.0,0.0,us embassy 1
2024-10-10,87.58075582541096,Sedang,10,3,30.1,69.0,6.1,25.6,24.0,0.0,us embassy 2
2024-10-11,74.0,Sedang,10,4,30.5,67.1,6.3,42.5,24.9,0.0,bundaran hi
2024-10-11,73.0,Sedang,10,4,30.2,67.7,6.1,40.7,24.9,0.0,jagakarsa
2024-10-11,69.0,Sedang,10,4,30.2,68.3,7.0,42.5,24.9,0.0,kebun jeruk
2024-10-11,76.0,Sedang,10,4,30.5,67.8,6.4,40.7,25.5,0.0,kelapa gading
2024-10-11,87.0,Sedang,10,4,30.5,66.2,5.7,40.7,25.5,0.0,lubang buaya
2024-10-11,84.10724584975237,Sedang,10,4,30.5,67.1,6.3,42.5,24.9,0.0,us embassy 1
2024-10-11,94.8673634430408,Sedang,10,4,30.4,67.4,6.3,42.5,24.9,0.0,us embassy 2
2024-10-12,74.0,Sedang,10,5,30.0,70.4,6.0,34.6,19.8,0.0,bundaran hi
2024-10-12,73.0,Sedang,10,5,29.7,70.3,5.8,34.6,19.8,0.0,jagakarsa
2024-10-12,69.0,Sedang,10,5,29.6,71.8,6.8,34.6,19.8,0.0,kebun jeruk
2024-10-12,76.0,Sedang,10,5,30.0,70.7,6.0,37.1,21.3,0.0,kelapa gading
2024-10-12,87.0,Sedang,10,5,30.1,68.6,5.3,37.1,21.3,0.0,lubang buaya
2024-10-12,72.36260661752598,Sedang,10,5,30.0,70.5,6.1,34.6,19.8,0.0,us embassy 1
2024-10-12,85.04827541765226,Sedang,10,5,29.9,70.5,6.1,34.6,19.8,0.0,us embassy 2
2024-10-13,74.0,Sedang,10,6,29.0,75.5,5.9,55.4,24.9,0.0,bundaran hi
2024-10-13,73.0,Sedang,10,6,28.7,75.2,5.8,55.4,24.9,0.0,jagakarsa
2024-10-13,69.0,Sedang,10,6,28.5,76.5,6.1,55.4,24.9,0.0,kebun jeruk
2024-10-13,76.0,Sedang,10,6,29.0,75.0,6.1,55.4,26.1,0.0,kelapa gading
2024-10-13,87.0,Sedang,10,6,29.0,73.7,5.6,55.4,26.1,0.0,lubang buaya
2024-10-13,81.1103069305624,Sedang,10,6,28.9,75.6,5.9,55.4,24.9,0.0,us embassy 1
2024-10-13,100.30637520496448,Tidak Sehat,10,6,28.9,75.4,5.9,55.4,24.9,0.0,us embassy 2
2024-10-14,74.0,Sedang,10,0,28.5,75.6,5.4,22.3,22.3,1.157,bundaran hi
2024-10-14,73.0,Sedang,10,0,28.2,76.6,5.0,22.3,22.3,8.394,jagakarsa
2024-10-14,69.0,Sedang,10,0,28.4,75.6,5.7,22.3,22.3,3.331,kebun jeruk
2024-10-14,76.0,Sedang,10,0,28.5,76.2,5.4,24.8,23.2,1.037,kelapa gading
2024-10-14,87.0,Sedang,10,0,28.2,76.7,4.7,24.8,23.2,3.231,lubang buaya
2024-10-14,88.68120557620189,Sedang,10,0,28.5,75.5,5.4,22.3,22.3,1.106,us embassy 1
2024-10-14,108.46671655621192,Tidak Sehat,10,0,28.4,75.9,5.3,22.3,22.3,2.62,us embassy 2
2024-10-15,74.0,Sedang,10,1,28.2,76.3,5.6,25.9,20.3,0.999,bundaran hi
2024-10-15,73.0,Sedang,10,1,27.8,77.8,5.4,25.9,20.3,1.158,jagakarsa
2024-10-15,69.0,Sedang,10,1,28.3,74.7,6.3,25.9,20.3,0.942,kebun jeruk
2024-10-15,76.0,Sedang,10,1,28.1,77.4,5.6,25.2,21.6,0.997,kelapa gading
2024-10-15,87.0,Sedang,10,1,27.8,78.6,4.9,25.2,21.6,1.059,lubang buaya
2024-10-15,70.178920451105,Sedang,10,1,28.2,76.2,5.7,25.9,20.3,1.0,us embassy 1
2024-10-15,89.7655622775036,Sedang,10,1,28.1,76.6,5.6,25.9,20.3,1.013,us embassy 2
2024-10-16,74.0,Sedang,10,2,29.3,68.5,6.0,20.5,24.0,0.0,bundaran hi
2024-10-16,73.0,Sedang,10,2,28.9,69.4,6.1,20.5,24.0,0.0,jagakarsa
2024-10-16,69.0,Sedang,10,2,29.3,68.6,6.8,20.5,24.0,0.0,kebun jeruk
2024-10-16,76.0,Sedang,10,2,29.2,69.3,6.3,23.0,24.2,0.0,kelapa gading
2024-10-16,87.0,Sedang,10,2,28.8,69.4,5.6,23.0,24.2,0.0,lubang buaya
2024-10-16,35.03623457628555,Baik,10,2,29.3,68.5,6.0,20.5,24.0,0.0,us embassy 1
2024-10-16,102.46151620465425,Tidak Sehat,10,2,29.2,68.8,6.2,20.5,24.0,0.0,us embassy 2
2024-10-17,74.0,Sedang,10,3,29.2,59.1,6.7,20.9,26.2,0.012,bundaran hi
2024-10-17,73.0,Sedang,10,3,28.8,58.9,6.8,20.9,26.2,0.102,jagakarsa
2024-10-17,69.0,Sedang,10,3,29.1,58.6,7.5,20.9,26.2,0.091,kebun jeruk
2024-10-17,76.0,Sedang,10,3,29.2,59.4,6.9,26.3,25.7,0.333,kelapa gading
2024-10-17,87.0,Sedang,10,3,29.0,58.7,6.3,26.3,25.7,0.152,lubang buaya
2024-10-17,78.1083427787221,Sedang,10,3,29.2,59.1,6.7,20.9,26.2,0.002,us embassy 1
2024-10-17,80.27779683067591,Sedang,10,3,29.1,58.8,6.9,20.9,26.2,0.078,us embassy 2
2024-10-18,30.833333333333332,Baik,10,4,29.4,62.9,6.3,22.7,25.1,0.0,bundaran hi
2024-10-18,69.66666666666667,Sedang,10,4,29.0,63.6,6.3,22.7,25.1,0.0,jagakarsa
2024-10-18,65.5,Sedang,10,4,29.2,62.8,6.8,22.7,25.1,0.0,kebun jeruk
2024-10-18,78.66666666666667,Sedang,10,4,29.3,63.8,6.6,25.6,24.9,0.0,kelapa gading
2024-10-18,68.66666666666667,Sedang,10,4,29.2,63.3,6.0,25.6,24.9,0.0,lubang buaya
2024-10-18,64.2915013420547,Sedang,10,4,29.4,62.9,6.3,22.7,25.1,0.0,us embassy 1
2024-10-18,76.63627269929205,Sedang,10,4,29.3,63.1,6.4,22.7,25.1,0.0,us embassy 2
2024-10-19,0.0,Baik,10,5,29.2,68.7,5.6,20.9,23.8,0.0,bundaran hi
2024-10-19,89.54166666666667,Sedang,10,5,28.8,69.1,5.5,20.9,23.8,0.0,jagakarsa
2024-10-19,61.583333333333336,Sedang,10,5,29.1,68.4,6.0,20.9,23.8,0.0,kebun jeruk
2024-10-19,95.41666666666667,Sedang,10,5,29.1,69.4,5.7,23.4,24.0,0.0,kelapa gading
2024-10-19,67.875,Sedang,10,5,28.9,69.0,5.0,23.4,24.0,0.0,lubang buaya
2024-10-19,83.45332598419465,Sedang,10,5,29.2,68.7,5.6,20.9,23.8,0.0,us embassy 1
2024-10-19,28.27786831245959,Baik,10,5,29.1,68.8,5.6,20.9,23.8,0.0,us embassy 2
2024-10-20,74.0,Sedang,10,6,30.3,57.7,6.9,42.5,24.0,0.0,bundaran hi
2024-10-20,73.0,Sedang,10,6,29.8,58.9,7.1,42.5,24.0,0.0,jagakarsa
2024-10-20,69.0,Sedang,10,6,29.9,58.9,7.9,42.5,24.0,0.0,kebun jeruk
2024-10-20,76.0,Sedang,10,6,30.1,59.1,7.2,42.5,23.9,0.0,kelapa gading
2024-10-20,87.0,Sedang,10,6,29.9,58.2,6.7,42.5,23.9,0.0,lubang buaya
2024-10-20,80.40449935969038,Sedang,10,6,30.3,57.6,7.0,42.5,24.0,0.0,us embassy 1
2024-10-20,67.56262052960768,Sedang,10,6,30.1,58.3,7.1,42.5,24.0,0.0,us embassy 2
2024-10-21,74.0,Sedang,10,0,29.2,64.3,6.7,18.7,27.1,0.0,bundaran hi
2024-10-21,73.0,Sedang,10,0,28.7,65.7,6.7,18.7,27.1,0.0,jagakarsa
2024-10-21,69.0,Sedang,10,0,29.0,64.3,7.6,18.7,27.1,0.0,kebun jeruk
2024-10-21,76.0,Sedang,10,0,29.1,65.8,6.8,14.4,26.2,0.0,kelapa gading
2024-10-21,87.0,Sedang,10,0,28.8,65.8,6.1,14.4,26.2,0.0,lubang buaya
2024-10-21,59.680425337100694,Sedang,10,0,29.2,64.1,6.7,18.7,27.1,0.0,us embassy 1
2024-10-21,70.95769027832738,Sedang,10,0,29.0,64.8,6.8,18.7,27.1,0.0,us embassy 2
2024-10-22,43.166666666666664,Baik,10,1,29.9,67.1,6.3,27.4,24.8,0.0,bundaran hi
2024-10-22,73.04166666666667,Sedang,10,1,29.6,67.0,6.2,27.4,24.8,0.0,jagakarsa
2024-10-22,78.91666666666667,Sedang,10,1,29.8,66.4,7.0,27.4,24.8,0.0,kebun jeruk
2024-10-22,88.45833333333333,Sedang,10,1,29.9,67.8,6.5,27.7,24.7,0.0,kelapa gading
2024-10-22,80.0,Sedang,10,1,29.7,67.1,5.7,27.7,24.7,0.0,lubang buaya
2024-10-22,85.86576064789642,Sedang,10,1,29.9,67.0,6.3,27.4,24.8,0.0,us embassy 1
2024-10-22,82.52445475633944,Sedang,10,1,29.8,66.9,6.4,27.4,24.8,0.0,us embassy 2
2024-10-23,0.0,Baik,10,2,30.4,67.8,6.1,22.7,23.2,0.014,bundaran hi
2024-10-23,71.29166666666667,Sedang,10,2,30.1,67.9,6.3,22.7,23.2,0.119,jagakarsa
2024-10-23,87.625,Sedang,10,2,30.3,67.3,7.2,22.7,23.2,0.106,kebun jeruk
2024-10-23,93.79166666666667,Sedang,10,2,30.4,68.2,6.4,24.5,22.4,0.388,kelapa gading
2024-10-23,59.666666666666664,Sedang,10,2,30.3,67.4,5.7,24.5,22.4,0.177,lubang buaya
2024-10-23,82.16992488905736,Sedang,10,2,30.4,67.7,6.1,22.7,23.2,0.003,us embassy 1
2024-10-23,82.85873166202487,Sedang,10,2,30.3,67.7,6.4,22.7,23.2,0.091,us embassy 2
2024-10-24,74.0,Sedang,10,3,29.6,72.7,6.2,26.6,22.3,46.102,bundaran hi
2024-10-24,73.0,Sedang,10,3,29.5,72.7,6.1,26.6,22.3,22.845,jagakarsa
2024-10-24,69.0,Sedang,10,3,29.6,72.4,6.9,26.6,22.3,29.608,kebun jeruk
2024-10-24,76.0,Sedang,10,3,29.7,72.7,6.4,27.4,22.7,30.949,kelapa gading
2024-10-24,87.0,Sedang,10,3,29.6,72.6,5.7,27.4,22.7,31.138,lubang buaya
2024-10-24,70.69141147146858,Sedang,10,3,29.6,72.7,6.3,26.6,22.3,46.853,us embassy 1
2024-10-24,74.12978667324823,Sedang,10,3,29.6,72.6,6.3,26.6,22.3,36.564,us embassy 2
2024-10-25,64.75,Sedang,10,4,28.7,76.0,5.6,21.2,23.6,10.074,bundaran hi
2024-10-25,71.75,Sedang,10,4,28.5,76.1,5.5,21.2,23.6,15.306,jagakarsa
2024-10-25,70.375,Sedang,10,4,28.8,75.4,6.2,21.2,23.6,15.285,kebun jeruk
2024-10-25,75.875,Sedang,10,4,28.6,76.8,5.6,23.8,23.3,40.996,kelapa gading
2024-10-25,83.0,Sedang,10,4,28.5,76.6,4.9,23.8,23.3,21.608,lubang buaya
2024-10-25,71.41998320826673,Sedang,10,4,28.7,75.9,5.7,21.2,23.6,9.206,us embassy 1
2024-10-25,78.51718628476105,Sedang,10,4,28.7,76.0,5.7,21.2,23.6,15.305,us embassy 2
2024-10-26,27.75,Baik,10,5,30.0,65.2,6.8,25.6,26.5,3.885,bundaran hi
2024-10-26,67.5,Sedang,10,5,29.9,64.5,6.9,25.6,26.5,1.529,jagakarsa
2024-10-26,76.16666666666667,Sedang,10,5,29.7,65.7,7.5,25.6,26.5,2.137,kebun jeruk
2024-10-26,75.875,Sedang,10,5,30.1,65.1,7.0,28.4,26.5,1.54,kelapa gading
2024-10-26,66.29166666666667,Sedang,10,5,30.1,63.4,6.5,28.4,26.5,2.242,lubang buaya
2024-10-26,74.46767277090383,Sedang,10,5,30.0,65.3,6.8,25.6,26.5,3.98,us embassy 1
2024-10-26,78.59035900798956,Sedang,10,5,29.9,64.9,7.0,25.6,26.5,2.844,us embassy 2
2024-10-27,55.5,Sedang,10,6,30.0,67.5,6.6,23.8,24.3,0.0,bundaran hi
2024-10-27,73.41666666666667,Sedang,10,6,29.9,66.9,6.6,23.8,24.3,0.0,jagakarsa
2024-10-27,70.83333333333333,Sedang,10,6,29.9,67.9,7.3,23.8,24.3,0.0,kebun jeruk
2024-10-27,76.5,Sedang,10,6,30.1,66.9,6.6,24.8,24.7,0.0,kelapa gading
2024-10-27,79.5,Sedang,10,6,30.1,66.1,6.2,24.8,24.7,0.0,lubang buaya
2024-10-27,67.48748533812945,Sedang,10,6,30.0,67.6,6.7,23.8,24.3,0.0,us embassy 1
2024-10-27,75.26033926595412,Sedang,10,6,30.0,67.1,6.7,23.8,24.3,0.0,us embassy 2
2024-10-28,58.583333333333336,Sedang,10,0,29.7,68.0,6.2,18.4,26.5,0.0,bundaran hi
2024-10-28,74.08333333333333,Sedang,10,0,29.5,68.6,6.0,18.4,26.5,0.0,jagakarsa
2024-10-28,71.08333333333333,Sedang,10,0,29.4,69.7,6.7,18.4,26.5,0.0,kebun jeruk
2024-10-28,77.66666666666667,Sedang,10,0,29.6,68.1,6.0,16.6,23.5,0.0,kelapa gading
2024-10-28,81.5,Sedang,10,0,29.6,67.8,5.6,16.6,23.5,0.0,lubang buaya
2024-10-28,75.02099699288361,Sedang,10,0,29.7,68.0,6.2,18.4,26.5,0.0,us embassy 1
2024-10-28,81.37105602925861,Sedang,10,0,29.6,68.4,6.1,18.4,26.5,0.0,us embassy 2
2024-10-29,58.583333333333336,Sedang,10,1,30.5,67.2,5.9,23.4,25.0,0.0,bundaran hi
2024-10-29,74.45833333333333,Sedang,10,1,30.2,67.0,5.7,23.4,25.0,0.638,jagakarsa
2024-10-29,71.70833333333333,Sedang,10,1,30.3,68.1,6.1,23.4,25.0,0.0,kebun jeruk
2024-10-29,79.54166666666667,Sedang,10,1,30.4,66.8,5.7,22.3,25.5,0.0,kelapa gading
2024-10-29,82.625,Sedang,10,1,30.4,66.1,5.5,22.3,25.5,0.417,lubang buaya
2024-10-29,76.91687558567571,Sedang,10,1,30.5,67.3,5.9,23.4,25.0,0.0,us embassy 1
2024-10-29,77.35723178410262,Sedang,10,1,30.4,67.1,5.8,23.4,25.0,0.0,us embassy 2
2024-10-30,74.0,Sedang,10,2,30.3,67.2,6.0,24.5,23.4,0.0,bundaran hi
2024-10-30,73.0,Sedang,10,2,29.9,67.7,5.7,24.5,23.4,0.0,jagakarsa
2024-10-30,69.0,Sedang,10,2,30.0,67.8,6.5,24.5,23.4,0.0,kebun jeruk
2024-10-30,76.0,Sedang,10,2,30.1,67.3,5.8,25.9,24.0,0.0,kelapa gading
2024-10-30,87.0,Sedang,10,2,30.0,67.3,5.3,25.9,24.0,0.0,lubang buaya
2024-10-30,82.79298069900302,Sedang,10,2,30.3,67.3,6.0,24.5,23.4,0.0,us embassy 1
2024-10-30,86.31785589911681,Sedang,10,2,30.1,67.4,5.9,24.5,23.4,0.0,us embassy 2
2024-10-31,74.0,Sedang,10,3,30.0,67.8,6.1,28.1,22.5,0.0,bundaran hi
2024-10-31,73.0,Sedang,10,3,29.7,68.0,6.0,28.1,22.5,0.0,jagakarsa
2024-10-31,69.0,Sedang,10,3,29.8,68.7,6.4,28.1,22.5,0.0,kebun jeruk
2024-10-31,76.0,Sedang,10,3,29.9,67.8,6.0,27.4,22.8,0.0,kelapa gading
2024-10-31,87.0,Sedang,10,3,29.8,67.3,5.8,27.4,22.8,0.0,lubang buaya
2024-10-31,81.92099672269472,Sedang,10,3,30.0,67.9,6.2,28.1,22.5,0.0,us embassy 1
2024-10-31,83.86717320700437,Sedang,10,3,29.9,67.9,6.1,28.1,22.5,0.0,us embassy 2
2024-11-01,82.33333333333333,Sedang,11,4,30.1,67.5,5.8,32.8,21.5,0.003,bundaran hi
2024-11-01,75.95833333333333,Sedang,11,4,29.8,68.0,5.5,32.8,21.5,0.272,jagakarsa
2024-11-01,90.625,Sedang,11,4,29.9,68.2,6.3,32.8,21.5,0.101,kebun jeruk
2024-11-01,83.70833333333333,Sedang,11,4,30.0,67.7,5.6,31.3,21.1,0.043,kelapa gading
2024-11-01,71.16666666666667,Sedang,11,4,29.9,67.7,5.1,31.3,21.1,0.109,lubang buaya
2024-11-01,84.42652238894239,Sedang,11,4,30.1,67.5,5.9,32.8,21.5,0.0,us embassy 1
2024-11-01,88.66606793414165,Sedang,11,4,30.0,67.8,5.7,32.8,21.5,0.066,us embassy 2
2024-11-02,86.70833333333333,Sedang,11,5,28.2,77.2,5.7,37.1,14.0,25.043,bundaran hi
2024-11-02,82.33333333333333,Sedang,11,5,27.9,77.4,5.4,37.1,14.0,35.306,jagakarsa
2024-11-02,97.25,Sedang,11,5,28.1,76.4,5.7,37.1,14.0,26.299,kebun jeruk
2024-11-02,90.625,Sedang,11,5,28.1,77.2,5.5,37.1,15.7,25.71,kelapa gading
2024-11-02,65.5,Sedang,11,5,27.9,77.3,5.3,37.1,15.7,27.997,lubang buaya
2024-11-02,88.75902762506904,Sedang,11,5,28.2,77.2,5.7,37.1,14.0,25.004,us embassy 1
2024-11-02,95.53056930825535,Sedang,11,5,28.1,77.1,5.6,37.1,14.0,26.807,us embassy 2
2024-11-03,72.20833333333333,Sedang,11,6,26.9,82.2,5.6,20.2,10.8,18.883,bundaran hi
2024-11-03,68.0,Sedang,11,6,26.6,82.8,5.4,20.2,10.8,14.054,jagakarsa
2024-11-03,81.70833333333333,Sedang,11,6,26.7,82.6,5.6,20.2,10.8,13.694,kebun jeruk
2024-11-03,69.16666666666667,Sedang,11,6,26.8,82.3,5.5,22.3,10.9,17.337,kelapa gading
2024-11-03,55.166666666666664,Sedang,11,6,26.6,82.5,5.3,22.3,10.9,16.341,lubang buaya
2024-11-03,71.44650112516757,Sedang,11,6,26.9,82.2,5.6,20.2,10.8,18.983,us embassy 1
2024-11-03,78.02237991119466,Sedang,11,6,26.8,82.4,5.5,20.2,10.8,16.811,us embassy 2
2024-11-04,61.958333333333336,Sedang,11,0,27.7,79.7,5.1,14.4,15.5,0.233,bundaran hi
2024-11-04,59.5,Sedang,11,0,27.6,79.3,4.8,14.4,15.5,14.58,jagakarsa
2024-11-04,72.79166666666667,Sedang,11,0,27.4,80.9,5.5,14.4,15.5,8.861,kebun jeruk
2024-11-04,65.95833333333333,Sedang,11,0,27.6,79.3,4.9,14.4,14.6,3.403,kelapa gading
2024-11-04,48.75,Baik,11,0,27.7,78.5,4.4,14.4,14.6,6.927,lubang buaya
2024-11-04,67.99398561272528,Sedang,11,0,27.7,79.8,5.2,14.4,15.5,0.031,us embassy 1
2024-11-04,72.26121779188234,Sedang,11,0,27.6,79.6,5.0,14.4,15.5,4.836,us embassy 2
2024-11-05,63.166666666666664,Sedang,11,1,28.2,78.9,5.4,24.8,21.7,15.025,bundaran hi
2024-11-05,70.58333333333333,Sedang,11,1,28.0,79.4,4.9,24.8,21.7,22.865,jagakarsa
2024-11-05,78.95833333333333,Sedang,11,1,28.1,78.8,5.9,24.8,21.7,15.383,kebun jeruk
2024-11-05,68.41666666666667,Sedang,11,1,28.1,79.1,5.1,23.8,22.7,15.517,kelapa gading
2024-11-05,49.708333333333336,Baik,11,1,28.1,79.3,4.6,23.8,22.7,17.509,lubang buaya
2024-11-05,59.66222344435523,Sedang,11,1,28.2,78.9,5.5,24.8,21.7,15.002,us embassy 1
2024-11-05,67.62272198684404,Sedang,11,1,28.1,79.0,5.3,24.8,21.7,16.153,us embassy 2
2024-11-06,60.625,Sedang,11,2,29.0,72.3,6.5,29.5,20.1,0.0,bundaran hi
2024-11-06,58.25,Sedang,11,2,28.9,71.6,6.2,29.5,20.1,1.063,jagakarsa
2024-11-06,79.20833333333333,Sedang,11,2,28.8,72.9,7.1,29.5,20.1,0.0,kebun jeruk
2024-11-06,66.25,Sedang,11,2,29.0,71.7,6.3,30.2,21.2,0.0,kelapa gading
2024-11-06,30.375,Baik,11,2,29.0,70.8,5.8,30.2,21.2,0.695,lubang buaya
2024-11-06,62.27258429503251,Sedang,11,2,29.0,72.4,6.5,29.5,20.1,0.0,us embassy 1
2024-11-06,70.28759686458189,Sedang,11,2,29.0,72.0,6.4,29.5,20.1,0.0,us embassy 2
2024-11-07,76.125,Sedang,11,3,28.9,73.3,5.7,23.4,21.5,0.0,bundaran hi
2024-11-07,68.125,Sedang,11,3,28.5,74.0,5.4,23.4,21.5,0.0,jagakarsa
2024-11-07,99.29166666666667,Sedang,11,3,28.8,73.2,5.7,23.4,21.5,0.0,kebun jeruk
2024-11-07,80.375,Sedang,11,3,28.7,73.7,5.5,24.1,22.7,0.0,kelapa gading
2024-11-07,59.25,Sedang,11,3,28.5,74.3,5.2,24.1,22.7,0.0,lubang buaya
2024-11-07,69.52788768567727,Sedang,11,3,28.9,73.2,5.7,23.4,21.5,0.0,us embassy 1
2024-11-07,76.39376426382752,Sedang,11,3,28.7,73.6,5.5,23.4,21.5,0.0,us embassy 2
2024-11-08,85.16666666666667,Sedang,11,4,29.9,69.4,5.7,14.8,23.6,0.025,bundaran hi
2024-11-08,83.375,Sedang,11,4,29.8,69.5,5.4,14.8,23.6,2.191,jagakarsa
2024-11-08,110.125,Tidak Sehat,11,4,29.7,70.2,6.1,14.8,23.6,0.909,kebun jeruk
2024-11-08,91.75,Sedang,11,4,29.9,69.3,5.5,15.8,24.4,0.388,kelapa gading
2024-11-08,61.625,Sedang,11,4,29.9,69.0,5.1,15.8,24.4,0.916,lubang buaya
2024-11-08,86.48317917417315,Sedang,11,4,29.9,69.4,5.8,14.8,23.6,0.003,us embassy 1
2024-11-08,93.4502978368069,Sedang,11,4,29.8,69.5,5.6,14.8,23.6,0.595,us embassy 2
2024-11-09,94.45833333333333,Sedang,11,5,28.7,76.8,5.5,22.3,22.8,0.106,bundaran hi
2024-11-09,79.0,Sedang,11,5,28.3,78.9,5.1,22.3,22.8,10.811,jagakarsa
2024-11-09,34.166666666666664,Baik,11,5,28.5,77.4,5.6,22.3,22.8,3.688,kebun jeruk
2024-11-09,95.70833333333333,Sedang,11,5,28.5,77.9,5.2,22.0,23.3,1.691,kelapa gading
2024-11-09,65.75,Sedang,11,5,28.3,79.3,4.9,22.0,23.3,4.529,lubang buaya
2024-11-09,95.33494161342469,Sedang,11,5,28.7,76.6,5.5,22.3,22.8,0.014,us embassy 1
2024-11-09,95.0816639427952,Sedang,11,5,28.5,77.8,5.3,22.3,22.8,2.458,us embassy 2
2024-11-10,74.0,Sedang,11,6,28.3,78.0,5.7,38.9,15.2,0.029,bundaran hi
2024-11-10,73.0,Sedang,11,6,27.8,79.4,5.3,38.9,15.2,7.164,jagakarsa
2024-11-10,69.0,Sedang,11,6,28.2,77.3,6.1,38.9,15.2,1.078,kebun jeruk
2024-11-10,76.0,Sedang,11,6,28.0,78.7,5.5,38.9,15.6,0.436,kelapa gading
2024-11-10,87.0,Sedang,11,6,27.8,79.9,5.0,38.9,15.6,4.134,lubang buaya
2024-11-10,82.68394871732917,Sedang,11,6,28.3,77.9,5.8,38.9,15.2,0.003,us embassy 1
2024-11-10,80.39279326781951,Sedang,11,6,28.1,78.4,5.6,38.9,15.2,0.645,us embassy 2
2024-11-11,74.0,Sedang,11,0,27.3,82.4,5.1,46.4,17.3,1.168,bundaran hi
2024-11-11,73.0,Sedang,11,0,26.9,84.2,4.8,46.4,17.3,14.762,jagakarsa
2024-11-11,69.0,Sedang,11,0,27.0,83.2,5.1,46.4,17.3,7.303,kebun jeruk
2024-11-11,76.0,Sedang,11,0,27.1,83.4,4.9,46.4,17.4,3.49,kelapa gading
2024-11-11,87.0,Sedang,11,0,26.9,84.5,4.6,46.4,17.4,8.082,lubang buaya
2024-11-11,72.43933608467638,Sedang,11,0,27.3,82.3,5.2,46.4,17.3,1.023,us embassy 1
2024-11-11,78.44597112436325,Sedang,11,0,27.1,83.4,4.9,46.4,17.3,4.481,us embassy 2
2024-11-12,63.541666666666664,Sedang,11,1,28.0,79.1,5.9,23.8,16.9,3.995,bundaran hi
2024-11-12,63.083333333333336,Sedang,11,1,27.8,79.6,5.7,23.8,16.9,5.114,jagakarsa
2024-11-12,67.25,Sedang,11,1,28.0,79.0,6.6,23.8,16.9,3.536,kebun jeruk
2024-11-12,67.45833333333333,Sedang,11,1,27.9,79.3,5.8,23.8,17.4,3.988,kelapa gading
2024-11-12,63.958333333333336,Sedang,11,1,27.8,79.7,5.3,23.8,17.4,4.36,lubang buaya
2024-11-12,47.818840084560755,Baik,11,1,28.0,79.1,5.9,23.8,16.9,3.999,us embassy 1
2024-11-12,66.18585315431179,Sedang,11,1,27.9,79.2,5.9,23.8,16.9,3.992,us embassy 2
2024-11-13,69.58333333333333,Sedang,11,2,29.6,72.6,5.8,31.0,20.5,0.014,bundaran hi
2024-11-13,70.33333333333333,Sedang,11,2,29.3,72.8,5.5,31.0,20.5,1.27,jagakarsa
2024-11-13,101.5,Tidak Sehat,11,2,29.5,73.1,6.1,31.0,20.5,0.505,kebun jeruk
2024-11-13,77.125,Sedang,11,2,29.5,72.5,5.6,30.6,21.7,0.215,kelapa gading
2024-11-13,58.25,Sedang,11,2,29.4,72.4,5.3,30.6,21.7,0.544,lubang buaya
2024-11-13,69.54086093501735,Sedang,11,2,29.6,72.6,5.9,31.0,20.5,0.002,us embassy 1
2024-11-13,73.72430476405424,Sedang,11,2,29.5,72.6,5.7,31.0,20.5,0.33,us embassy 2
2024-11-14,93.25,Sedang,11,3,29.8,73.0,5.1,27.7,23.8,0.003,bundaran hi
2024-11-14,97.625,Sedang,11,3,29.4,73.4,4.6,27.7,23.8,0.076,jagakarsa
2024-11-14,119.41666666666667,Tidak Sehat,11,3,29.5,74.3,4.8,27.7,23.8,0.106,kebun jeruk
2024-11-14,95.25,Sedang,11,3,29.7,73.1,5.0,28.8,24.5,0.036,kelapa gading
2024-11-14,63.041666666666664,Sedang,11,3,29.6,72.1,4.6,28.8,24.5,0.052,lubang buaya
2024-11-14,69.54086093501735,Sedang,11,3,29.8,73.1,5.1,27.7,23.8,0.0,us embassy 1
2024-11-14,92.47660643677756,Sedang,11,3,29.7,73.3,4.9,27.7,23.8,0.046,us embassy 2
2024-11-15,103.25,Tidak Sehat,11,4,29.3,76.4,4.9,25.2,21.0,0.563,bundaran hi
2024-11-15,101.08333333333333,Tidak Sehat,11,4,28.9,77.4,4.5,25.2,21.0,4.51,jagakarsa
2024-11-15,135.79166666666666,Tidak Sehat,11,4,29.2,76.4,4.8,25.2,21.0,2.871,kebun jeruk
2024-11-15,111.58333333333333,Tidak Sehat,11,4,29.2,76.7,5.0,25.9,21.1,0.691,kelapa gading
2024-11-15,64.16666666666667,Sedang,11,4,28.9,77.6,4.3,25.9,21.1,1.856,lubang buaya
2024-11-15,69.54086093501735,Sedang,11,4,29.3,76.3,5.0,25.2,21.0,0.508,us embassy 1
2024-11-15,98.41213035440519,Sedang,11,4,29.1,76.7,4.7,25.2,21.0,1.683,us embassy 2
2024-11-16,107.75,Tidak Sehat,11,5,27.8,85.7,3.7,35.3,17.9,8.198,bundaran hi
2024-11-16,88.75,Sedang,11,5,27.4,87.1,3.0,24.1,17.9,14.121,jagakarsa
2024-11-16,141.83333333333334,Tidak Sehat,11,5,27.9,84.7,3.6,35.3,17.9,12.531,kebun jeruk
2024-11-16,113.45833333333333,Tidak Sehat,11,5,27.7,86.5,3.7,26.6,18.3,27.7,kelapa gading
2024-11-16,58.0,Sedang,11,5,27.3,88.0,2.7,26.6,18.3,16.201,lubang buaya
2024-11-16,69.54086093501735,Sedang,11,5,27.8,85.6,3.8,35.3,17.9,7.633,us embassy 1
2024-11-16,72.72944948638713,Sedang,11,5,27.7,86.1,3.4,35.3,17.9,11.918,us embassy 2
2024-11-17,114.625,Tidak Sehat,11,6,28.9,79.0,5.0,13.7,21.2,17.484,bundaran hi
2024-11-17,87.70833333333333,Sedang,11,6,28.6,79.4,4.6,13.7,21.2,9.321,jagakarsa
2024-11-17,152.58333333333334,Tidak Sehat,11,6,28.9,78.0,5.0,13.7,21.2,9.685,kebun jeruk
2024-11-17,129.875,Tidak Sehat,11,6,28.8,79.2,5.1,11.9,21.3,6.947,kelapa gading
2024-11-17,59.416666666666664,Sedang,11,6,28.6,79.5,4.4,11.9,21.3,10.155,lubang buaya
2024-11-17,69.54086093501735,Sedang,11,6,28.9,78.9,5.0,13.7,21.2,17.911,us embassy 1
2024-11-17,129.9363013258792,Tidak Sehat,11,6,28.8,78.9,4.8,13.7,21.2,12.843,us embassy 2
2024-11-18,78.25,Sedang,11,0,28.4,79.0,5.4,20.5,17.4,9.4,bundaran hi
2024-11-18,63.708333333333336,Sedang,11,0,28.2,79.2,5.1,20.5,17.4,9.4,jagakarsa
2024-11-18,101.66666666666667,Tidak Sehat,11,0,28.5,78.0,6.3,20.5,17.4,9.4,kebun jeruk
2024-11-18,81.375,Sedang,11,0,28.3,79.0,5.3,23.8,18.9,10.7,kelapa gading
2024-11-18,45.25,Baik,11,0,28.2,79.6,4.8,23.8,18.9,10.7,lubang buaya
2024-11-18,69.54086093501735,Sedang,11,0,28.4,78.9,5.5,20.5,17.4,9.4,us embassy 1
2024-11-18,103.57722785574266,Tidak Sehat,11,0,28.3,78.9,5.4,20.5,17.4,9.4,us embassy 2
2024-11-19,61.291666666666664,Sedang,11,1,27.8,81.4,4.9,23.0,21.0,10.8,bundaran hi
2024-11-19,57.083333333333336,Sedang,11,1,27.7,81.6,4.8,23.0,21.0,10.8,jagakarsa
2024-11-19,72.08333333333333,Sedang,11,1,28.0,80.1,5.3,23.0,21.0,10.8,kebun jeruk
2024-11-19,66.75,Sedang,11,1,27.7,81.6,4.8,21.6,22.3,7.6,kelapa gading
2024-11-19,49.625,Baik,11,1,27.6,82.2,4.6,21.6,22.3,7.6,lubang buaya
2024-11-19,69.54086093501735,Sedang,11,1,27.8,81.2,4.9,23.0,21.0,10.8,us embassy 1
2024-11-19,79.42981557305818,Sedang,11,1,27.8,81.3,4.9,23.0,21.0,10.8,us embassy 2
2024-11-20,62.25,Sedang,11,2,28.2,78.2,5.9,22.3,20.8,9.6,bundaran hi
2024-11-20,52.5,Sedang,11,2,28.2,78.3,5.7,22.3,20.8,9.6,jagakarsa
2024-11-20,52.916666666666664,Sedang,11,2,28.3,77.3,6.6,22.3,20.8,9.6,kebun jeruk
2024-11-20,70.20833333333333,Sedang,11,2,28.2,78.3,5.7,22.3,21.6,8.4,kelapa gading
2024-11-20,47.583333333333336,Baik,11,2,28.2,78.7,5.3,22.3,21.6,8.4,lubang buaya
2024-11-20,58.070651275459035,Sedang,11,2,28.3,78.1,5.9,22.3,20.8,9.6,us embassy 1
2024-11-20,76.63627269929205,Sedang,11,2,28.3,78.1,5.9,22.3,20.8,9.6,us embassy 2
2024-11-21,74.0,Sedang,11,3,28.3,78.0,5.7,20.5,19.0,2.6,bundaran hi
2024-11-21,73.0,Sedang,11,3,28.2,78.2,5.6,20.5,19.0,2.6,jagakarsa
2024-11-21,69.0,Sedang,11,3,28.4,77.3,6.5,20.5,19.0,2.6,kebun jeruk
2024-11-21,76.0,Sedang,11,3,28.2,78.2,5.6,20.5,19.9,9.0,kelapa gading
2024-11-21,87.0,Sedang,11,3,28.2,78.5,5.2,20.5,19.9,9.0,lubang buaya
2024-11-21,68.54355384813114,Sedang,11,3,28.3,78.0,5.8,20.5,19.0,2.6,us embassy 1
2024-11-21,76.63627269929205,Sedang,11,3,28.3,78.0,5.8,20.5,19.0,2.6,us embassy 2
2024-11-22,68.83333333333333,Sedang,11,4,28.6,76.3,7.0,20.2,20.2,0.04,bundaran hi
2024-11-22,71.5,Sedang,11,4,28.3,77.2,7.1,20.2,20.2,6.688,jagakarsa
2024-11-22,57.5,Sedang,11,4,28.5,76.0,7.7,20.2,20.2,1.223,kebun jeruk
2024-11-22,72.0,Sedang,11,4,28.6,76.7,7.3,15.5,20.9,0.272,kelapa gading
2024-11-22,80.66666666666667,Sedang,11,4,28.3,77.5,6.8,15.5,20.9,1.155,lubang buaya
2024-11-22,58.13697149513186,Sedang,11,4,28.6,76.2,7.0,20.2,20.2,0.005,us embassy 1
2024-11-22,44.7654589582281,Baik,11,4,28.5,76.5,7.2,20.2,20.2,0.814,us embassy 2
2024-11-23,51.208333333333336,Sedang,11,5,28.0,80.2,6.4,40.7,16.8,0.186,bundaran hi
2024-11-23,62.708333333333336,Sedang,11,5,27.5,82.1,6.3,40.7,16.8,15.053,jagakarsa
2024-11-23,0.0,Baik,11,5,27.9,79.7,7.2,40.7,16.8,5.743,kebun jeruk
2024-11-23,55.5,Sedang,11,5,27.8,81.2,6.4,40.7,18.1,1.284,kelapa gading
2024-11-23,51.916666666666664,Sedang,11,5,27.3,83.8,5.6,40.7,18.1,5.474,lubang buaya
2024-11-23,51.38231889720473,Sedang,11,5,28.0,80.1,6.5,40.7,16.8,0.024,us embassy 1
2024-11-23,55.49914393441773,Sedang,11,5,27.8,80.8,6.5,40.7,16.8,3.849,us embassy 2
2024-11-24,51.958333333333336,Sedang,11,6,28.2,78.5,6.2,22.3,17.3,0.055,bundaran hi
2024-11-24,56.375,Sedang,11,6,27.6,80.9,6.1,22.3,17.3,5.634,jagakarsa
2024-11-24,0.0,Baik,11,6,28.3,77.9,7.1,22.3,17.3,1.714,kebun jeruk
2024-11-24,51.708333333333336,Sedang,11,6,28.0,79.7,6.2,24.1,18.6,0.383,kelapa gading
2024-11-24,42.5,Baik,11,6,27.4,82.6,5.6,24.1,18.6,1.634,lubang buaya
2024-11-24,53.27101981561153,Sedang,11,6,28.2,78.3,6.3,22.3,17.3,0.007,us embassy 1
2024-11-24,56.489850319064715,Sedang,11,6,28.0,79.3,6.3,22.3,17.3,1.149,us embassy 2
2024-11-25,42.958333333333336,Baik,11,0,29.0,73.4,6.7,37.1,18.2,0.0,bundaran hi
2024-11-25,52.0,Sedang,11,0,28.5,74.8,7.1,37.1,18.2,0.009,jagakarsa
2024-11-25,0.0,Baik,11,0,28.8,74.1,7.4,37.1,18.2,0.0,kebun jeruk
2024-11-25,47.708333333333336,Baik,11,0,28.9,74.1,7.0,37.1,18.9,0.0,kelapa gading
2024-11-25,30.333333333333332,Baik,11,0,28.6,74.5,6.8,37.1,18.9,0.0,lubang buaya
2024-11-25,45.044274196370424,Baik,11,0,29.0,73.3,6.7,37.1,18.2,0.0,us embassy 1
2024-11-25,54.96798078388829,Sedang,11,0,28.8,73.9,7.0,37.1,18.2,0.0,us embassy 2
2024-11-26,53.125,Sedang,11,1,28.9,76.3,6.1,22.0,18.7,0.78,bundaran hi
2024-11-26,59.0,Sedang,11,1,28.5,77.8,5.9,22.0,18.7,2.186,jagakarsa
2024-11-26,45.958333333333336,Baik,11,1,28.7,76.6,6.6,22.0,18.7,0.513,kebun jeruk
2024-11-26,60.333333333333336,Sedang,11,1,28.8,77.3,6.2,22.0,19.6,0.327,kelapa gading
2024-11-26,49.416666666666664,Baik,11,1,28.6,78.1,5.5,22.0,19.6,0.53,lubang buaya
2024-11-26,66.23333396330146,Sedang,11,1,28.9,76.2,6.1,22.0,18.7,0.796,us embassy 1
2024-11-26,56.094164957194316,Sedang,11,1,28.8,76.9,6.1,22.0,18.7,0.626,us embassy 2
2024-11-27,9.75,Baik,11,2,27.9,81.6,5.8,19.1,16.2,24.702,bundaran hi
2024-11-27,63.416666666666664,Sedang,11,2,27.5,82.5,5.6,19.1,16.2,28.539,jagakarsa
2024-11-27,56.5,Sedang,11,2,27.7,81.9,6.3,19.1,16.2,24.623,kebun jeruk
2024-11-27,61.083333333333336,Sedang,11,2,27.8,82.0,5.8,22.3,16.4,14.918,kelapa gading
2024-11-27,46.333333333333336,Baik,11,2,27.6,82.6,5.3,22.3,16.4,21.554,lubang buaya
2024-11-27,63.729659323713236,Sedang,11,2,27.9,81.6,5.8,19.1,16.2,24.94,us embassy 1
2024-11-27,68.59229497853643,Sedang,11,2,27.7,81.9,5.8,19.1,16.2,23.723,us embassy 2
2024-11-28,42.416666666666664,Baik,11,3,28.5,76.0,6.9,26.6,12.5,24.885,bundaran hi
2024-11-28,7.375,Baik,11,3,28.2,76.8,7.2,26.6,12.5,11.208,jagakarsa
2024-11-28,41.208333333333336,Baik,11,3,28.4,76.7,7.3,26.6,12.5,13.936,kebun jeruk
2024-11-28,45.958333333333336,Baik,11,3,28.5,76.4,7.2,28.1,13.0,10.433,kelapa gading
2024-11-28,26.166666666666668,Baik,11,3,28.2,76.6,7.1,28.1,13.0,14.66,lubang buaya
2024-11-28,51.95907735361098,Sedang,11,3,28.5,76.0,6.9,26.6,12.5,25.477,us embassy 1
2024-11-28,53.59437207443306,Sedang,11,3,28.4,76.4,7.1,26.6,12.5,18.382,us embassy 2
2024-11-29,37.5,Baik,11,4,28.8,69.6,7.0,46.4,11.4,0.007,bundaran hi
2024-11-29,37.083333333333336,Baik,11,4,28.5,70.4,7.4,46.4,11.4,0.244,jagakarsa
2024-11-29,42.25,Baik,11,4,28.5,70.2,7.5,46.4,11.4,0.166,kebun jeruk
2024-11-29,53.541666666666664,Sedang,11,4,28.8,69.9,7.3,46.4,11.4,0.088,kelapa gading
2024-11-29,29.0,Baik,11,4,28.6,69.9,7.2,46.4,11.4,0.14,lubang buaya
2024-11-29,46.98499978111273,Baik,11,4,28.8,69.6,7.0,46.4,11.4,0.0,us embassy 1
2024-11-29,49.51602708158536,Baik,11,4,28.7,70.0,7.2,46.4,11.4,0.087,us embassy 2
2024-11-30,38.666666666666664,Baik,11,5,29.8,66.5,7.0,27.7,20.5,0.0,bundaran hi
2024-11-30,65.41666666666667,Sedang,11,5,29.3,67.5,7.3,27.7,20.5,0.018,jagakarsa
2024-11-30,25.208333333333332,Baik,11,5,29.7,67.3,7.9,27.7,20.5,0.0,kebun jeruk
2024-11-30,40.125,Baik,11,5,29.7,67.1,7.3,25.2,20.3,0.0,kelapa gading
2024-11-30,32.5,Baik,11,5,29.2,67.8,6.9,25.2,20.3,0.0,lubang buaya
2024-11-30,34.67687946867621,Baik,11,5,29.8,66.5,7.0,27.7,20.5,0.0,us embassy 1
2024-11-30,41.26694784313498,Baik,11,5,29.6,67.0,7.3,27.7,20.5,0.0,us embassy 2
2024-12-01,39.458333333333336,Baik,12,6,29.2,71.1,7.8,57.6,16.1,0.292,bundaran hi
2024-12-01,66.58333333333333,Sedang,12,6,29.1,71.4,7.8,57.6,16.1,0.155,jagakarsa
2024-12-01,25.916666666666668,Baik,12,6,29.3,69.5,8.3,57.6,16.1,0.175,kebun jeruk
2024-12-01,39.625,Baik,12,6,29.2,71.1,7.8,57.6,16.6,0.118,kelapa gading
2024-12-01,30.791666666666668,Baik,12,6,29.0,72.3,7.6,57.6,16.6,0.175,lubang buaya
2024-12-01,42.12500029242474,Baik,12,6,29.2,71.0,7.8,57.6,16.1,0.299,us embassy 1
2024-12-01,45.48236309896023,Baik,12,6,29.2,71.0,7.9,57.6,16.1,0.222,us embassy 2
2024-12-02,27.083333333333332,Baik,12,0,27.7,77.4,7.3,48.2,12.2,28.482,bundaran hi
2024-12-02,51.708333333333336,Sedang,12,0,27.5,78.2,7.5,48.2,12.2,20.892,jagakarsa
2024-12-02,22.208333333333332,Baik,12,0,27.7,77.0,7.8,48.2,12.2,18.516,kebun jeruk
2024-12-02,30.708333333333332,Baik,12,0,27.6,77.8,7.5,48.2,12.7,19.654,kelapa gading
2024-12-02,18.916666666666668,Baik,12,0,27.5,78.3,7.4,48.2,12.7,20.69,lubang buaya
2024-12-02,29.12695922022424,Baik,12,0,27.7,77.3,7.3,48.2,12.2,28.915,us embassy 1
2024-12-02,31.8612852617954,Baik,12,0,27.6,77.6,7.5,48.2,12.2,23.045,us embassy 2
2024-12-03,17.166666666666668,Baik,12,1,26.8,79.8,6.7,38.5,4.8,4.305,bundaran hi
2024-12-03,32.083333333333336,Baik,12,1,26.7,79.2,7.0,38.5,4.8,10.929,jagakarsa
2024-12-03,20.708333333333332,Baik,12,1,26.5,81.5,7.1,38.5,4.8,10.412,kebun jeruk
2024-12-03,22.958333333333332,Baik,12,1,26.8,79.5,7.0,39.2,5.8,9.415,kelapa gading
2024-12-03,14.625,Baik,12,1,26.9,77.4,6.8,39.2,5.8,8.674,lubang buaya
2024-12-03,19.28480478939688,Baik,12,1,26.8,79.9,6.7,38.5,4.8,4.051,us embassy 1
2024-12-03,26.315913000566496,Baik,12,1,26.8,79.7,6.9,38.5,4.8,7.443,us embassy 2
2024-12-04,74.0,Sedang,12,2,26.1,86.2,6.4,43.9,10.9,4.732,bundaran hi
2024-12-04,73.0,Sedang,12,2,25.9,86.4,6.5,43.9,10.9,7.032,jagakarsa
2024-12-04,69.0,Sedang,12,2,25.9,87.4,6.6,43.9,10.9,4.701,kebun jeruk
2024-12-04,76.0,Sedang,12,2,26.1,85.9,6.6,45.7,12.0,2.517,kelapa gading
2024-12-04,87.0,Sedang,12,2,26.0,85.5,6.5,45.7,12.0,4.972,lubang buaya
2024-12-04,24.269766781204407,Baik,12,2,26.1,86.3,6.4,43.9,10.9,4.786,us embassy 1
2024-12-04,28.001637755280218,Baik,12,2,26.0,86.4,6.5,43.9,10.9,4.513,us embassy 2
2024-12-05,74.0,Sedang,12,3,27.1,83.4,6.4,40.3,11.8,27.777,bundaran hi
2024-12-05,73.0,Sedang,12,3,26.9,83.8,6.6,40.3,11.8,23.721,jagakarsa
2024-12-05,69.0,Sedang,12,3,27.1,83.2,6.8,40.3,11.8,23.893,kebun jeruk
2024-12-05,76.0,Sedang,12,3,27.1,83.8,6.6,42.5,12.2,43.463,kelapa gading
2024-12-05,87.0,Sedang,12,3,26.9,83.8,6.5,42.5,12.2,30.463,lubang buaya
2024-12-05,26.71264052131873,Baik,12,3,27.1,83.4,6.4,40.3,11.8,27.483,us embassy 1
2024-12-05,28.86768664895438,Baik,12,3,27.1,83.4,6.5,40.3,11.8,27.336,us embassy 2
2024-12-06,74.0,Sedang,12,4,26.6,86.0,6.1,33.8,10.9,23.881,bundaran hi
2024-12-06,73.0,Sedang,12,4,26.2,87.2,6.1,33.8,10.9,14.344,jagakarsa
2024-12-06,69.0,Sedang,12,4,26.6,85.1,6.6,33.8,10.9,15.956,kebun jeruk
2024-12-06,76.0,Sedang,12,4,26.5,86.8,6.2,36.4,11.0,12.277,kelapa gading
2024-12-06,87.0,Sedang,12,4,26.2,88.0,5.8,36.4,11.0,16.056,lubang buaya
2024-12-06,41.33638887363726,Baik,12,4,26.6,85.9,6.1,33.8,10.9,24.309,us embassy 1
2024-12-06,40.764172914376424,Baik,12,4,26.5,86.3,6.2,33.8,10.9,19.509,us embassy 2
2024-12-07,74.0,Sedang,12,5,27.4,85.7,5.4,24.1,15.5,23.573,bundaran hi
2024-12-07,73.0,Sedang,12,5,27.2,85.6,5.1,24.1,15.5,15.895,jagakarsa
2024-12-07,69.0,Sedang,12,5,27.2,85.8,5.5,24.1,15.5,17.751,kebun jeruk
2024-12-07,76.0,Sedang,12,5,27.4,85.4,5.4,25.9,15.3,14.367,kelapa gading
2024-12-07,87.0,Sedang,12,5,27.2,85.6,4.8,25.9,15.3,17.436,lubang buaya
2024-12-07,70.69837491897955,Sedang,12,5,27.3,85.7,5.4,24.1,15.5,23.926,us embassy 1
2024-12-07,75.60095866714967,Sedang,12,5,27.3,85.6,5.3,24.1,15.5,19.868,us embassy 2
2024-12-08,74.0,Sedang,12,6,28.2,82.7,6.2,46.4,19.7,6.538,bundaran hi
2024-12-08,73.0,Sedang,12,6,28.0,82.9,6.2,46.4,19.7,21.285,jagakarsa
2024-12-08,69.0,Sedang,12,6,28.1,83.3,6.7,46.4,19.7,21.781,kebun jeruk
2024-12-08,76.0,Sedang,12,6,28.2,82.8,6.5,46.4,19.6,11.532,kelapa gading
2024-12-08,87.0,Sedang,12,6,28.1,82.3,5.9,46.4,19.6,14.944,lubang buaya
2024-12-08,77.62320736869196,Sedang,12,6,28.2,82.8,6.2,46.4,19.7,6.079,us embassy 1
2024-12-08,78.79175308420555,Sedang,12,6,28.2,82.8,6.3,46.4,19.7,13.867,us embassy 2
2024-12-09,74.0,Sedang,12,0,26.4,90.8,5.5,32.4,14.2,17.408,bundaran hi
2024-12-09,73.0,Sedang,12,0,26.1,92.3,5.4,32.4,14.2,29.466,jagakarsa
2024-12-09,69.0,Sedang,12,0,26.2,91.3,5.5,32.4,14.2,24.242,kebun jeruk
2024-12-09,76.0,Sedang,12,0,26.3,91.9,5.6,36.0,14.0,24.998,kelapa gading
2024-12-09,87.0,Sedang,12,0,26.3,92.9,5.3,36.0,14.0,24.334,lubang buaya
2024-12-09,56.82887903896114,Sedang,12,0,26.4,90.7,5.5,32.4,14.2,17.068,us embassy 1
2024-12-09,59.98046922809894,Sedang,12,0,26.3,91.5,5.5,32.4,14.2,21.791,us embassy 2
2024-12-10,44.75,Baik,12,1,27.2,83.7,6.3,46.1,18.1,10.231,bundaran hi
2024-12-10,59.833333333333336,Sedang,12,1,26.9,84.6,6.5,46.1,18.1,5.847,jagakarsa
2024-12-10,50.666666666666664,Sedang,12,1,27.2,83.8,6.9,46.1,18.1,6.51,kebun jeruk
2024-12-10,51.333333333333336,Sedang,12,1,27.1,84.2,6.5,46.8,18.9,4.435,kelapa gading
2024-12-10,44.791666666666664,Baik,12,1,27.0,84.6,6.1,46.8,18.9,6.584,lubang buaya
2024-12-10,55.89876975053051,Sedang,12,1,27.2,83.6,6.3,46.1,18.1,10.454,us embassy 1
2024-12-10,59.78057407584788,Sedang,12,1,27.1,84.0,6.5,46.1,18.1,7.986,us embassy 2
2024-12-11,10.041666666666666,Baik,12,2,28.8,74.2,7.1,32.8,20.2,0.196,bundaran hi
2024-12-11,15.041666666666666,Baik,12,2,28.5,74.9,7.3,32.8,20.2,0.376,jagakarsa
2024-12-11,20.458333333333332,Baik,12,2,28.9,74.3,8.0,32.8,20.2,0.132,kebun jeruk
2024-12-11,16.416666666666668,Baik,12,2,28.8,74.9,7.3,36.0,20.6,0.094,kelapa gading
2024-12-11,9.916666666666666,Baik,12,2,28.5,74.6,6.8,36.0,20.6,0.212,lubang buaya
2024-12-11,28.9056944985455,Baik,12,2,28.8,74.1,7.1,32.8,20.2,0.199,us embassy 1
2024-12-11,30.82767849719534,Baik,12,2,28.8,74.5,7.3,32.8,20.2,0.167,us embassy 2
2024-12-12,30.958333333333332,Baik,12,3,29.2,69.2,7.3,59.4,20.8,0.983,bundaran hi
2024-12-12,35.125,Baik,12,3,28.8,69.7,7.6,55.4,20.8,1.494,jagakarsa
2024-12-12,24.916666666666668,Baik,12,3,29.1,69.6,8.1,59.4,20.8,0.911,kebun jeruk
2024-12-12,34.041666666666664,Baik,12,3,29.1,69.6,7.6,55.4,20.6,0.481,kelapa gading
2024-12-12,17.5,Baik,12,3,28.9,69.2,7.3,55.4,20.6,0.961,lubang buaya
2024-12-12,42.188574611061185,Baik,12,3,29.2,69.2,7.3,59.4,20.8,0.997,us embassy 1
2024-12-12,46.30486430186491,Baik,12,3,29.1,69.4,7.5,59.4,20.8,0.951,us embassy 2
2024-12-13,39.666666666666664,Baik,12,4,29.5,68.4,7.2,41.8,19.9,0.0,bundaran hi
2024-12-13,46.25,Baik,12,4,29.1,68.8,7.5,41.8,19.9,0.018,jagakarsa
2024-12-13,33.541666666666664,Baik,12,4,29.4,68.8,8.1,41.8,19.9,0.0,kebun jeruk
2024-12-13,46.458333333333336,Baik,12,4,29.4,69.1,7.4,43.9,20.2,0.0,kelapa gading
2024-12-13,19.083333333333332,Baik,12,4,29.2,68.0,7.0,43.9,20.2,0.0,lubang buaya
2024-12-13,39.942707193809746,Baik,12,4,29.5,68.4,7.2,41.8,19.9,0.0,us embassy 1
2024-12-13,29.322578671109394,Baik,12,4,29.4,68.5,7.5,41.8,19.9,0.0,us embassy 2
2024-12-14,38.708333333333336,Baik,12,5,28.0,76.0,6.8,55.4,14.4,0.102,bundaran hi
2024-12-14,45.541666666666664,Baik,12,5,27.5,77.4,6.8,88.9,14.4,7.001,jagakarsa
2024-12-14,30.875,Baik,12,5,27.9,75.8,7.5,55.4,14.4,0.89,kebun jeruk
2024-12-14,51.958333333333336,Sedang,12,5,27.9,76.6,6.9,88.9,13.9,2.804,kelapa gading
2024-12-14,20.5,Baik,12,5,27.5,77.9,6.3,88.9,13.9,3.154,lubang buaya
2024-12-14,47.731386694258674,Baik,12,5,28.0,75.9,6.8,55.4,14.4,0.019,us embassy 1
2024-12-14,30.32395833870849,Baik,12,5,27.8,76.4,6.9,55.4,14.4,0.733,us embassy 2
2024-12-15,29.083333333333332,Baik,12,6,27.3,80.1,6.1,38.2,9.8,20.1,bundaran hi
2024-12-15,37.083333333333336,Baik,12,6,27.0,80.5,6.3,38.2,9.8,18.894,jagakarsa
2024-12-15,33.583333333333336,Baik,12,6,27.2,80.4,6.5,38.2,9.8,23.559,kebun jeruk
2024-12-15,35.166666666666664,Baik,12,6,27.2,80.4,6.3,44.3,10.6,20.774,kelapa gading
2024-12-15,18.791666666666668,Baik,12,6,27.0,80.4,6.1,44.3,10.6,20.942,lubang buaya
2024-12-15,34.29265896402561,Baik,12,6,27.3,80.1,6.0,38.2,9.8,20.015,us embassy 1
2024-12-15,20.521195905253816,Baik,12,6,27.2,80.2,6.3,38.2,9.8,21.246,us embassy 2
2024-12-16,31.875,Baik,12,0,27.5,81.9,6.6,29.2,14.4,0.033,bundaran hi
2024-12-16,46.5,Baik,12,0,27.2,83.0,6.9,29.2,14.4,4.275,jagakarsa
2024-12-16,34.416666666666664,Baik,12,0,27.5,82.0,7.3,29.2,14.4,0.826,kebun jeruk
2024-12-16,33.333333333333336,Baik,12,0,27.5,82.5,6.9,29.5,14.3,0.423,kelapa gading
2024-12-16,18.625,Baik,12,0,27.2,83.0,6.5,29.5,14.3,0.591,lubang buaya
2024-12-16,65.09890719782632,Sedang,12,0,27.5,81.8,6.6,29.2,14.4,0.005,us embassy 1
2024-12-16,29.320103314247504,Baik,12,0,27.4,82.3,6.9,29.2,14.4,0.448,us embassy 2
2024-12-17,32.958333333333336,Baik,12,1,28.2,77.1,6.6,27.0,11.3,7.011,bundaran hi
2024-12-17,40.875,Baik,12,1,27.9,77.7,6.8,27.0,11.3,9.09,jagakarsa
2024-12-17,37.375,Baik,12,1,28.0,77.9,7.2,27.0,11.3,9.47,kebun jeruk
2024-12-17,39.666666666666664,Baik,12,1,28.1,77.7,6.7,27.4,10.9,5.355,kelapa gading
2024-12-17,16.541666666666668,Baik,12,1,28.1,77.1,6.5,27.4,10.9,7.696,lubang buaya
2024-12-17,44.92412305212738,Baik,12,1,28.2,77.1,6.6,27.0,11.3,6.998,us embassy 1
2024-12-17,26.980395422066948,Baik,12,1,28.1,77.3,6.8,27.0,11.3,7.975,us embassy 2
2024-12-18,35.0,Baik,12,2,28.0,74.0,6.8,40.3,17.4,0.06,bundaran hi
2024-12-18,62.541666666666664,Sedang,12,2,27.8,74.5,7.0,40.3,17.4,1.649,jagakarsa
2024-12-18,30.75,Baik,12,2,27.6,76.3,7.3,40.3,17.4,0.487,kebun jeruk
2024-12-18,40.625,Baik,12,2,28.0,74.4,6.9,40.7,18.5,1.673,kelapa gading
2024-12-18,27.041666666666668,Baik,12,2,27.9,73.3,6.8,40.7,18.5,0.791,lubang buaya
2024-12-18,41.7267884065289,Baik,12,2,28.0,74.1,6.8,40.3,17.4,0.011,us embassy 1
2024-12-18,19.77693308438089,Baik,12,2,27.9,74.5,7.0,40.3,17.4,0.414,us embassy 2
2024-12-19,18.791666666666668,Baik,12,3,27.1,83.4,6.4,43.9,15.0,46.117,bundaran hi
2024-12-19,41.875,Baik,12,3,26.8,84.1,6.5,43.9,15.0,33.388,jagakarsa
2024-12-19,20.791666666666668,Baik,12,3,26.9,83.9,7.1,43.9,15.0,36.655,kebun jeruk
2024-12-19,25.833333333333332,Baik,12,3,27.1,83.6,6.6,47.5,16.7,24.963,kelapa gading
2024-12-19,20.625,Baik,12,3,26.9,83.8,6.1,47.5,16.7,33.91,lubang buaya
2024-12-19,20.25392416897517,Baik,12,3,27.1,83.4,6.5,43.9,15.0,46.842,us embassy 1
2024-12-19,38.88934261117131,Baik,12,3,27.0,83.7,6.6,43.9,15.0,39.376,us embassy 2
2024-12-20,35.041666666666664,Baik,12,4,27.6,81.8,6.5,41.8,11.2,15.666,bundaran hi
2024-12-20,38.666666666666664,Baik,12,4,27.4,81.5,6.7,41.8,11.2,11.065,jagakarsa
2024-12-20,33.791666666666664,Baik,12,4,27.5,82.4,6.8,41.8,11.2,11.534,kebun jeruk
2024-12-20,35.708333333333336,Baik,12,4,27.5,81.9,6.7,43.9,11.5,7.934,kelapa gading
2024-12-20,20.208333333333332,Baik,12,4,27.5,80.4,6.6,43.9,11.5,12.1,lubang buaya
2024-12-20,41.17394048447169,Baik,12,4,27.6,81.8,6.5,41.8,11.2,15.941,us embassy 1
2024-12-20,30.35092280410835,Baik,12,4,27.5,81.7,6.7,41.8,11.2,13.083,us embassy 2
2024-12-21,74.0,Sedang,12,5,28.0,81.2,6.1,32.8,14.0,2.819,bundaran hi
2024-12-21,73.0,Sedang,12,5,27.8,81.0,6.0,32.8,14.0,3.049,jagakarsa
2024-12-21,69.0,Sedang,12,5,27.8,81.8,6.8,32.8,14.0,2.822,kebun jeruk
2024-12-21,76.0,Sedang,12,5,28.0,81.3,6.2,39.6,14.7,3.445,kelapa gading
2024-12-21,87.0,Sedang,12,5,28.0,80.0,5.5,39.6,14.7,3.087,lubang buaya
2024-12-21,50.515071777368604,Sedang,12,5,28.0,81.3,6.1,32.8,14.0,2.804,us embassy 1
2024-12-21,34.695295211507705,Baik,12,5,27.9,81.2,6.2,32.8,14.0,2.873,us embassy 2
2024-12-22,74.0,Sedang,12,6,27.8,84.9,5.7,29.5,14.9,24.298,bundaran hi
2024-12-22,73.0,Sedang,12,6,27.6,85.0,5.4,29.5,14.9,16.128,jagakarsa
2024-12-22,69.0,Sedang,12,6,27.7,85.1,6.2,29.5,14.9,19.973,kebun jeruk
2024-12-22,76.0,Sedang,12,6,27.8,84.9,5.6,29.5,13.9,17.951,kelapa gading
2024-12-22,87.0,Sedang,12,6,27.7,84.9,4.9,29.5,13.9,19.712,lubang buaya
2024-12-22,51.338688332222354,Sedang,12,6,27.8,84.9,5.7,29.5,14.9,24.548,us embassy 1
2024-12-22,51.60465346187004,Sedang,12,6,27.7,84.9,5.7,29.5,14.9,21.516,us embassy 2
2024-12-23,74.0,Sedang,12,0,26.9,89.7,5.2,24.5,16.3,42.869,bundaran hi
2024-12-23,73.0,Sedang,12,0,26.6,89.7,5.0,24.5,16.3,30.995,jagakarsa
2024-12-23,69.0,Sedang,12,0,26.6,89.9,5.0,24.5,16.3,33.055,kebun jeruk
2024-12-23,76.0,Sedang,12,0,26.8,89.6,5.3,27.4,16.9,31.631,kelapa gading
2024-12-23,87.0,Sedang,12,0,26.8,89.4,5.1,27.4,16.9,33.928,lubang buaya
2024-12-23,46.43179427497893,Baik,12,0,26.8,89.8,5.2,24.5,16.3,43.307,us embassy 1
2024-12-23,55.34379285040839,Sedang,12,0,26.8,89.7,5.1,24.5,16.3,38.073,us embassy 2
2024-12-24,74.0,Sedang,12,1,27.3,81.8,6.4,31.3,7.6,13.774,bundaran hi
2024-12-24,73.0,Sedang,12,1,27.0,82.9,6.5,31.3,7.6,16.934,jagakarsa
2024-12-24,69.0,Sedang,12,1,27.1,82.8,6.8,31.3,7.6,19.833,kebun jeruk
2024-12-24,76.0,Sedang,12,1,27.2,82.9,6.4,30.2,7.4,17.956,kelapa gading
2024-12-24,87.0,Sedang,12,1,27.1,82.5,6.3,30.2,7.4,16.73,lubang buaya
2024-12-24,62.58275541586383,Sedang,12,1,27.3,81.8,6.4,31.3,7.6,13.545,us embassy 1
2024-12-24,57.58536408341855,Sedang,12,1,27.2,82.4,6.5,31.3,7.6,16.514,us embassy 2
2024-12-25,74.0,Sedang,12,2,27.2,84.8,6.0,36.7,16.2,6.94,bundaran hi
2024-12-25,73.0,Sedang,12,2,26.9,85.1,6.0,36.7,16.2,6.804,jagakarsa
2024-12-25,69.0,Sedang,12,2,27.1,85.2,6.2,36.7,16.2,6.582,kebun jeruk
2024-12-25,76.0,Sedang,12,2,27.2,84.9,6.1,35.3,15.6,5.317,kelapa gading
2024-12-25,87.0,Sedang,12,2,27.0,85.0,5.8,35.3,15.6,6.004,lubang buaya
2024-12-25,53.52793332283337,Sedang,12,2,27.2,84.8,6.0,36.7,16.2,6.989,us embassy 1
2024-12-25,38.936576175902864,Baik,12,2,27.1,84.9,6.1,36.7,16.2,6.508,us embassy 2
2024-12-26,74.0,Sedang,12,3,28.5,75.7,7.0,38.5,17.6,3.904,bundaran hi
2024-12-26,73.0,Sedang,12,3,28.2,75.9,7.2,38.5,17.6,2.249,jagakarsa
2024-12-26,69.0,Sedang,12,3,27.9,79.0,7.2,38.5,17.6,2.767,kebun jeruk
2024-12-26,76.0,Sedang,12,3,28.5,75.9,7.4,39.6,19.0,1.66,kelapa gading
2024-12-26,87.0,Sedang,12,3,28.5,74.1,7.3,39.6,19.0,2.616,lubang buaya
2024-12-26,56.816269196311914,Sedang,12,3,28.5,75.9,6.9,38.5,17.6,3.983,us embassy 1
2024-12-26,56.567064321970065,Sedang,12,3,28.4,76.3,7.2,38.5,17.6,3.162,us embassy 2
2024-12-27,67.875,Sedang,12,4,29.0,73.4,6.8,28.4,21.5,0.0,bundaran hi
2024-12-27,79.79166666666667,Sedang,12,4,28.8,73.2,6.9,28.4,21.5,0.0,jagakarsa
2024-12-27,58.291666666666664,Sedang,12,4,28.7,75.3,7.3,28.4,21.5,0.0,kebun jeruk
2024-12-27,60.625,Sedang,12,4,29.0,73.5,7.0,29.9,22.5,0.0,kelapa gading
2024-12-27,46.208333333333336,Baik,12,4,29.1,71.7,6.6,29.9,22.5,0.0,lubang buaya
2024-12-27,55.36107436628117,Sedang,12,4,29.0,73.5,6.8,28.4,21.5,0.0,us embassy 1
2024-12-27,54.07193278800469,Sedang,12,4,28.9,73.6,6.9,28.4,21.5,0.0,us embassy 2
2024-12-28,74.0,Sedang,12,5,29.6,67.3,7.3,27.7,24.3,0.0,bundaran hi
2024-12-28,73.0,Sedang,12,5,29.4,66.7,7.7,27.7,24.3,0.044,jagakarsa
2024-12-28,69.0,Sedang,12,5,29.3,69.9,7.7,27.7,24.3,0.007,kebun jeruk
2024-12-28,76.0,Sedang,12,5,29.6,67.3,7.7,29.5,24.0,0.004,kelapa gading
2024-12-28,87.0,Sedang,12,5,29.7,64.5,7.8,29.5,24.0,0.026,lubang buaya
2024-12-28,67.08131869166552,Sedang,12,5,29.6,67.5,7.3,27.7,24.3,0.0,us embassy 1
2024-12-28,65.19103837882292,Sedang,12,5,29.5,67.4,7.6,27.7,24.3,0.007,us embassy 2
2024-12-29,74.0,Sedang,12,6,29.2,73.6,6.5,31.7,16.8,0.006,bundaran hi
2024-12-29,73.0,Sedang,12,6,28.9,73.5,6.6,31.7,16.8,0.051,jagakarsa
2024-12-29,69.0,Sedang,12,6,28.8,75.9,6.8,31.7,16.8,0.045,kebun jeruk
2024-12-29,76.0,Sedang,12,6,29.1,74.0,6.7,31.7,16.3,0.166,kelapa gading
2024-12-29,87.0,Sedang,12,6,29.1,71.8,6.3,31.7,16.3,0.076,lubang buaya
2024-12-29,62.004489013883905,Sedang,12,6,29.1,73.7,6.5,31.7,16.8,0.001,us embassy 1
2024-12-29,59.20839327010421,Sedang,12,6,29.0,73.9,6.6,31.7,16.8,0.039,us embassy 2
2024-12-30,74.0,Sedang,12,0,28.2,75.2,6.4,46.4,18.3,1.051,bundaran hi
2024-12-30,73.0,Sedang,12,0,27.8,75.5,6.6,46.4,18.3,3.335,jagakarsa
2024-12-30,69.0,Sedang,12,0,27.7,77.5,7.0,46.4,18.3,2.841,kebun jeruk
2024-12-30,76.0,Sedang,12,0,28.1,75.2,6.7,48.6,18.4,1.244,kelapa gading
2024-12-30,87.0,Sedang,12,0,28.1,74.0,6.2,48.6,18.4,2.054,lubang buaya
2024-12-30,53.755122860330935,Sedang,12,0,28.1,75.3,6.4,46.4,18.3,1.007,us embassy 1
2024-12-30,55.56845723952468,Sedang,12,0,28.0,75.6,6.6,46.4,18.3,1.915,us embassy 2
2024-12-31,48.125,Baik,12,1,28.1,75.3,7.0,37.8,20.9,1.676,bundaran hi
2024-12-31,58.166666666666664,Sedang,12,1,27.9,75.2,7.4,37.8,20.9,4.007,jagakarsa
2024-12-31,41.333333333333336,Baik,12,1,27.8,76.8,7.5,37.8,20.9,3.955,kebun jeruk
2024-12-31,49.958333333333336,Baik,12,1,28.2,75.5,7.4,42.8,20.9,2.258,kelapa gading
2024-12-31,38.791666666666664,Baik,12,1,28.2,73.7,7.3,42.8,20.9,2.97,lubang buaya
2024-12-31,36.75491822783714,Baik,12,1,28.1,75.4,7.0,37.8,20.9,1.611,us embassy 1
2024-12-31,24.084075154742205,Baik,12,1,28.1,75.5,7.2,37.8,20.9,2.767,us embassy 2
